SMM: enter
EAX=00000000 EBX=00000000 ECX=02000000 EDX=02000628
ESI=0000000b EDI=02000000 EBP=00014e40 ESP=00006c5c
EIP=000ea61d EFL=00000046 [---Z-P-] CPL=0 II=0 A20=1 SMM=0 HLT=0
ES =0010 00000000 ffffffff 00cf9300 DPL=0 DS   [-WA]
CS =0008 00000000 ffffffff 00cf9b00 DPL=0 CS32 [-RA]
SS =0010 00000000 ffffffff 00cf9300 DPL=0 DS   [-WA]
DS =0010 00000000 ffffffff 00cf9300 DPL=0 DS   [-WA]
FS =0010 00000000 ffffffff 00cf9300 DPL=0 DS   [-WA]
GS =0010 00000000 ffffffff 00cf9300 DPL=0 DS   [-WA]
LDT=0000 00000000 0000ffff 00008200 DPL=0 LDT
TR =0000 00000000 0000ffff 00008b00 DPL=0 TSS32-busy
GDT=     000f61e0 00000037
IDT=     000f621e 00000000
CR0=00000011 CR2=00000000 CR3=00000000 CR4=00000000
DR0=0000000000000000 DR1=0000000000000000 DR2=0000000000000000 DR3=0000000000000000 
DR6=00000000ffff0ff0 DR7=0000000000000400
CCS=00000000 CCD=ffffffff CCO=CLR
EFER=0000000000000000
SMM: after RSM
EAX=00000000 EBX=00000000 ECX=02000000 EDX=02000628
ESI=0000000b EDI=02000000 EBP=00014e40 ESP=00006c5c
EIP=000ea61d EFL=00000046 [---Z-P-] CPL=0 II=0 A20=1 SMM=0 HLT=0
ES =0010 00000000 ffffffff 00c09300 DPL=0 DS   [-WA]
CS =0008 00000000 ffffffff 00c09b00 DPL=0 CS32 [-RA]
SS =0010 00000000 ffffffff 00c09300 DPL=0 DS   [-WA]
DS =0010 00000000 ffffffff 00c09300 DPL=0 DS   [-WA]
FS =0010 00000000 ffffffff 00c09300 DPL=0 DS   [-WA]
GS =0010 00000000 ffffffff 00c09300 DPL=0 DS   [-WA]
LDT=0000 00000000 0000ffff 00008200 DPL=0 LDT
TR =0000 00000000 0000ffff 00008b00 DPL=0 TSS32-busy
GDT=     000f61e0 00000037
IDT=     000f621e 00000000
CR0=00000011 CR2=00000000 CR3=00000000 CR4=00000000
DR0=0000000000000000 DR1=0000000000000000 DR2=0000000000000000 DR3=0000000000000000 
DR6=00000000ffff0ff0 DR7=0000000000000400
CCS=00000044 CCD=00000000 CCO=EFLAGS
EFER=0000000000000000
Servicing hardware INT=0x08
SMM: enter
EAX=000000b5 EBX=000f7e0e ECX=00001234 EDX=00006cff
ESI=00006cb4 EDI=0effec55 EBP=00006c74 ESP=00006c74
EIP=00007e0b EFL=00000006 [-----P-] CPL=0 II=0 A20=1 SMM=0 HLT=0
ES =d900 000d9000 ffffffff 008f9300
CS =f000 000f0000 ffffffff 008f9b00
SS =0000 00000000 ffffffff 008f9300
DS =0000 00000000 ffffffff 008f9300
FS =0000 00000000 ffffffff 008f9300
GS =0000 00000000 ffffffff 008f9300
LDT=0000 00000000 0000ffff 00008200
TR =0000 00000000 0000ffff 00008b00
GDT=     00000000 00000000
IDT=     00000000 000003ff
CR0=00000010 CR2=00000000 CR3=00000000 CR4=00000000
DR0=0000000000000000 DR1=0000000000000000 DR2=0000000000000000 DR3=0000000000000000 
DR6=00000000ffff0ff0 DR7=0000000000000400
CCS=00000000 CCD=00006c74 CCO=ADDL
EFER=0000000000000000
SMM: after RSM
EAX=000000b5 EBX=000f7e0e ECX=00001234 EDX=00006cff
ESI=00006cb4 EDI=0effec55 EBP=00006c74 ESP=00006c74
EIP=000f7e0e EFL=00000046 [---Z-P-] CPL=0 II=0 A20=1 SMM=0 HLT=0
ES =0010 00000000 ffffffff 00c09300 DPL=0 DS   [-WA]
CS =0008 00000000 ffffffff 00c09b00 DPL=0 CS32 [-RA]
SS =0010 00000000 ffffffff 00c09300 DPL=0 DS   [-WA]
DS =0010 00000000 ffffffff 00c09300 DPL=0 DS   [-WA]
FS =0010 00000000 ffffffff 00c09300 DPL=0 DS   [-WA]
GS =0010 00000000 ffffffff 00c09300 DPL=0 DS   [-WA]
LDT=0000 00000000 0000ffff 00008200 DPL=0 LDT
TR =0000 00000000 0000ffff 00008b00 DPL=0 TSS32-busy
GDT=     000f61e0 00000037
IDT=     000f621e 00000000
CR0=00000011 CR2=00000000 CR3=00000000 CR4=00000000
DR0=0000000000000000 DR1=0000000000000000 DR2=0000000000000000 DR3=0000000000000000 
DR6=00000000ffff0ff0 DR7=0000000000000400
CCS=00000044 CCD=00000000 CCO=EFLAGS
EFER=0000000000000000
SMM: enter
EAX=000000b5 EBX=00007e28 ECX=00005678 EDX=0efe8bc0
ESI=000e8380 EDI=0effec55 EBP=00006c74 ESP=00006c74
EIP=000f7e25 EFL=00000016 [----AP-] CPL=0 II=0 A20=1 SMM=0 HLT=0
ES =0010 00000000 ffffffff 00c09300 DPL=0 DS   [-WA]
CS =0008 00000000 ffffffff 00c09b00 DPL=0 CS32 [-RA]
SS =0010 00000000 ffffffff 00c09300 DPL=0 DS   [-WA]
DS =0010 00000000 ffffffff 00c09300 DPL=0 DS   [-WA]
FS =0010 00000000 ffffffff 00c09300 DPL=0 DS   [-WA]
GS =0010 00000000 ffffffff 00c09300 DPL=0 DS   [-WA]
LDT=0000 00000000 0000ffff 00008200 DPL=0 LDT
TR =0000 00000000 0000ffff 00008b00 DPL=0 TSS32-busy
GDT=     000f61e0 00000037
IDT=     000f621e 00000000
CR0=00000011 CR2=00000000 CR3=00000000 CR4=00000000
DR0=0000000000000000 DR1=0000000000000000 DR2=0000000000000000 DR3=0000000000000000 
DR6=00000000ffff0ff0 DR7=0000000000000400
CCS=00000008 CCD=00006c60 CCO=ADDL
EFER=0000000000000000
SMM: after RSM
EAX=000000b5 EBX=00007e28 ECX=00005678 EDX=0efe8bc0
ESI=000e8380 EDI=0effec55 EBP=00006c74 ESP=00006c74
EIP=00007e28 EFL=00000006 [-----P-] CPL=0 II=0 A20=1 SMM=0 HLT=0
ES =d900 000d9000 ffffffff 00809300
CS =f000 000f0000 ffffffff 00809b00
SS =0000 00000000 ffffffff 00809300
DS =0000 00000000 ffffffff 00809300
FS =0000 00000000 ffffffff 00809300
GS =0000 00000000 ffffffff 00809300
LDT=0000 00000000 0000ffff 00008200
TR =0000 00000000 0000ffff 00008b00
GDT=     00000000 00000000
IDT=     00000000 000003ff
CR0=00000010 CR2=00000000 CR3=00000000 CR4=00000000
DR0=0000000000000000 DR1=0000000000000000 DR2=0000000000000000 DR3=0000000000000000 
DR6=00000000ffff0ff0 DR7=0000000000000400
CCS=00000004 CCD=00000001 CCO=EFLAGS
EFER=0000000000000000
Servicing hardware INT=0x08
SMM: enter
EAX=000000b5 EBX=000f7e0e ECX=00001234 EDX=000069ff
ESI=00006996 EDI=0effec55 EBP=00006956 ESP=00006956
EIP=00007e0b EFL=00000006 [-----P-] CPL=0 II=0 A20=1 SMM=0 HLT=0
ES =d900 000d9000 ffffffff 008f9300
CS =f000 000f0000 ffffffff 008f9b00
SS =0000 00000000 ffffffff 008f9300
DS =0000 00000000 ffffffff 008f9300
FS =0000 00000000 ffffffff 008f9300
GS =ca00 000ca000 ffffffff 008f9300
LDT=0000 00000000 0000ffff 00008200
TR =0000 00000000 0000ffff 00008b00
GDT=     00000000 00000000
IDT=     00000000 000003ff
CR0=00000010 CR2=00000000 CR3=00000000 CR4=00000000
DR0=0000000000000000 DR1=0000000000000000 DR2=0000000000000000 DR3=0000000000000000 
DR6=00000000ffff0ff0 DR7=0000000000000400
CCS=00000000 CCD=00006956 CCO=ADDL
EFER=0000000000000000
SMM: after RSM
EAX=000000b5 EBX=000f7e0e ECX=00001234 EDX=000069ff
ESI=00006996 EDI=0effec55 EBP=00006956 ESP=00006956
EIP=000f7e0e EFL=00000046 [---Z-P-] CPL=0 II=0 A20=1 SMM=0 HLT=0
ES =0010 00000000 ffffffff 00c09300 DPL=0 DS   [-WA]
CS =0008 00000000 ffffffff 00c09b00 DPL=0 CS32 [-RA]
SS =0010 00000000 ffffffff 00c09300 DPL=0 DS   [-WA]
DS =0010 00000000 ffffffff 00c09300 DPL=0 DS   [-WA]
FS =0010 00000000 ffffffff 00c09300 DPL=0 DS   [-WA]
GS =0010 00000000 ffffffff 00c09300 DPL=0 DS   [-WA]
LDT=0000 00000000 0000ffff 00008200 DPL=0 LDT
TR =0000 00000000 0000ffff 00008b00 DPL=0 TSS32-busy
GDT=     000f61e0 00000037
IDT=     000f621e 00000000
CR0=00000011 CR2=00000000 CR3=00000000 CR4=00000000
DR0=0000000000000000 DR1=0000000000000000 DR2=0000000000000000 DR3=0000000000000000 
DR6=00000000ffff0ff0 DR7=0000000000000400
CCS=00000044 CCD=00000000 CCO=EFLAGS
EFER=0000000000000000
SMM: enter
EAX=000000b5 EBX=00007e28 ECX=00005678 EDX=00000005
ESI=00000000 EDI=0effec55 EBP=00006956 ESP=00006956
EIP=000f7e25 EFL=00000016 [----AP-] CPL=0 II=0 A20=1 SMM=0 HLT=0
ES =0010 00000000 ffffffff 00c09300 DPL=0 DS   [-WA]
CS =0008 00000000 ffffffff 00c09b00 DPL=0 CS32 [-RA]
SS =0010 00000000 ffffffff 00c09300 DPL=0 DS   [-WA]
DS =0010 00000000 ffffffff 00c09300 DPL=0 DS   [-WA]
FS =0010 00000000 ffffffff 00c09300 DPL=0 DS   [-WA]
GS =0010 00000000 ffffffff 00c09300 DPL=0 DS   [-WA]
LDT=0000 00000000 0000ffff 00008200 DPL=0 LDT
TR =0000 00000000 0000ffff 00008b00 DPL=0 TSS32-busy
GDT=     000f61e0 00000037
IDT=     000f621e 00000000
CR0=00000011 CR2=00000000 CR3=00000000 CR4=00000000
DR0=0000000000000000 DR1=0000000000000000 DR2=0000000000000000 DR3=0000000000000000 
DR6=00000000ffff0ff0 DR7=0000000000000400
CCS=00000008 CCD=00006942 CCO=ADDL
EFER=0000000000000000
SMM: after RSM
EAX=000000b5 EBX=00007e28 ECX=00005678 EDX=00000005
ESI=00000000 EDI=0effec55 EBP=00006956 ESP=00006956
EIP=00007e28 EFL=00000006 [-----P-] CPL=0 II=0 A20=1 SMM=0 HLT=0
ES =d900 000d9000 ffffffff 00809300
CS =f000 000f0000 ffffffff 00809b00
SS =0000 00000000 ffffffff 00809300
DS =0000 00000000 ffffffff 00809300
FS =0000 00000000 ffffffff 00809300
GS =ca00 000ca000 ffffffff 00809300
LDT=0000 00000000 0000ffff 00008200
TR =0000 00000000 0000ffff 00008b00
GDT=     00000000 00000000
IDT=     00000000 000003ff
CR0=00000010 CR2=00000000 CR3=00000000 CR4=00000000
DR0=0000000000000000 DR1=0000000000000000 DR2=0000000000000000 DR3=0000000000000000 
DR6=00000000ffff0ff0 DR7=0000000000000400
CCS=00000004 CCD=00000001 CCO=EFLAGS
EFER=0000000000000000
SMM: enter
EAX=000000b5 EBX=000f7e0e ECX=00001234 EDX=000069ff
ESI=00006990 EDI=0effec55 EBP=00006950 ESP=00006950
EIP=00007e0b EFL=00000006 [-----P-] CPL=0 II=0 A20=1 SMM=0 HLT=0
ES =d900 000d9000 ffffffff 00809300
CS =f000 000f0000 ffffffff 00809b00
SS =0000 00000000 ffffffff 00809300
DS =0000 00000000 ffffffff 00809300
FS =0000 00000000 ffffffff 00809300
GS =ca00 000ca000 ffffffff 00809300
LDT=0000 00000000 0000ffff 00008200
TR =0000 00000000 0000ffff 00008b00
GDT=     00000000 00000000
IDT=     00000000 000003ff
CR0=00000010 CR2=00000000 CR3=00000000 CR4=00000000
DR0=0000000000000000 DR1=0000000000000000 DR2=0000000000000000 DR3=0000000000000000 
DR6=00000000ffff0ff0 DR7=0000000000000400
CCS=00000000 CCD=00006950 CCO=ADDL
EFER=0000000000000000
SMM: after RSM
EAX=000000b5 EBX=000f7e0e ECX=00001234 EDX=000069ff
ESI=00006990 EDI=0effec55 EBP=00006950 ESP=00006950
EIP=000f7e0e EFL=00000046 [---Z-P-] CPL=0 II=0 A20=1 SMM=0 HLT=0
ES =0010 00000000 ffffffff 00c09300 DPL=0 DS   [-WA]
CS =0008 00000000 ffffffff 00c09b00 DPL=0 CS32 [-RA]
SS =0010 00000000 ffffffff 00c09300 DPL=0 DS   [-WA]
DS =0010 00000000 ffffffff 00c09300 DPL=0 DS   [-WA]
FS =0010 00000000 ffffffff 00c09300 DPL=0 DS   [-WA]
GS =0010 00000000 ffffffff 00c09300 DPL=0 DS   [-WA]
LDT=0000 00000000 0000ffff 00008200 DPL=0 LDT
TR =0000 00000000 0000ffff 00008b00 DPL=0 TSS32-busy
GDT=     000f61e0 00000037
IDT=     000f621e 00000000
CR0=00000011 CR2=00000000 CR3=00000000 CR4=00000000
DR0=0000000000000000 DR1=0000000000000000 DR2=0000000000000000 DR3=0000000000000000 
DR6=00000000ffff0ff0 DR7=0000000000000400
CCS=00000044 CCD=00000000 CCO=EFLAGS
EFER=0000000000000000
SMM: enter
EAX=000000b5 EBX=00007e28 ECX=00005678 EDX=00000003
ESI=0efcb050 EDI=0effec55 EBP=00006950 ESP=00006950
EIP=000f7e25 EFL=00000006 [-----P-] CPL=0 II=0 A20=1 SMM=0 HLT=0
ES =0010 00000000 ffffffff 00c09300 DPL=0 DS   [-WA]
CS =0008 00000000 ffffffff 00c09b00 DPL=0 CS32 [-RA]
SS =0010 00000000 ffffffff 00c09300 DPL=0 DS   [-WA]
DS =0010 00000000 ffffffff 00c09300 DPL=0 DS   [-WA]
FS =0010 00000000 ffffffff 00c09300 DPL=0 DS   [-WA]
GS =0010 00000000 ffffffff 00c09300 DPL=0 DS   [-WA]
LDT=0000 00000000 0000ffff 00008200 DPL=0 LDT
TR =0000 00000000 0000ffff 00008b00 DPL=0 TSS32-busy
GDT=     000f61e0 00000037
IDT=     000f621e 00000000
CR0=00000011 CR2=00000000 CR3=00000000 CR4=00000000
DR0=0000000000000000 DR1=0000000000000000 DR2=0000000000000000 DR3=0000000000000000 
DR6=00000000ffff0ff0 DR7=0000000000000400
CCS=00000008 CCD=0000693c CCO=ADDL
EFER=0000000000000000
SMM: after RSM
EAX=000000b5 EBX=00007e28 ECX=00005678 EDX=00000003
ESI=0efcb050 EDI=0effec55 EBP=00006950 ESP=00006950
EIP=00007e28 EFL=00000006 [-----P-] CPL=0 II=0 A20=1 SMM=0 HLT=0
ES =d900 000d9000 ffffffff 00809300
CS =f000 000f0000 ffffffff 00809b00
SS =0000 00000000 ffffffff 00809300
DS =0000 00000000 ffffffff 00809300
FS =0000 00000000 ffffffff 00809300
GS =ca00 000ca000 ffffffff 00809300
LDT=0000 00000000 0000ffff 00008200
TR =0000 00000000 0000ffff 00008b00
GDT=     00000000 00000000
IDT=     00000000 000003ff
CR0=00000010 CR2=00000000 CR3=00000000 CR4=00000000
DR0=0000000000000000 DR1=0000000000000000 DR2=0000000000000000 DR3=0000000000000000 
DR6=00000000ffff0ff0 DR7=0000000000000400
CCS=00000004 CCD=00000001 CCO=EFLAGS
EFER=0000000000000000
SMM: enter
EAX=000000b5 EBX=000f7e0e ECX=00001234 EDX=000069ff
ESI=00006996 EDI=0effec55 EBP=00006956 ESP=00006956
EIP=00007e0b EFL=00000006 [-----P-] CPL=0 II=0 A20=1 SMM=0 HLT=0
ES =d900 000d9000 ffffffff 00809300
CS =f000 000f0000 ffffffff 00809b00
SS =0000 00000000 ffffffff 00809300
DS =0000 00000000 ffffffff 00809300
FS =0000 00000000 ffffffff 00809300
GS =ca00 000ca000 ffffffff 00809300
LDT=0000 00000000 0000ffff 00008200
TR =0000 00000000 0000ffff 00008b00
GDT=     00000000 00000000
IDT=     00000000 000003ff
CR0=00000010 CR2=00000000 CR3=00000000 CR4=00000000
DR0=0000000000000000 DR1=0000000000000000 DR2=0000000000000000 DR3=0000000000000000 
DR6=00000000ffff0ff0 DR7=0000000000000400
CCS=00000000 CCD=00006956 CCO=ADDL
EFER=0000000000000000
SMM: after RSM
EAX=000000b5 EBX=000f7e0e ECX=00001234 EDX=000069ff
ESI=00006996 EDI=0effec55 EBP=00006956 ESP=00006956
EIP=000f7e0e EFL=00000046 [---Z-P-] CPL=0 II=0 A20=1 SMM=0 HLT=0
ES =0010 00000000 ffffffff 00c09300 DPL=0 DS   [-WA]
CS =0008 00000000 ffffffff 00c09b00 DPL=0 CS32 [-RA]
SS =0010 00000000 ffffffff 00c09300 DPL=0 DS   [-WA]
DS =0010 00000000 ffffffff 00c09300 DPL=0 DS   [-WA]
FS =0010 00000000 ffffffff 00c09300 DPL=0 DS   [-WA]
GS =0010 00000000 ffffffff 00c09300 DPL=0 DS   [-WA]
LDT=0000 00000000 0000ffff 00008200 DPL=0 LDT
TR =0000 00000000 0000ffff 00008b00 DPL=0 TSS32-busy
GDT=     000f61e0 00000037
IDT=     000f621e 00000000
CR0=00000011 CR2=00000000 CR3=00000000 CR4=00000000
DR0=0000000000000000 DR1=0000000000000000 DR2=0000000000000000 DR3=0000000000000000 
DR6=00000000ffff0ff0 DR7=0000000000000400
CCS=00000044 CCD=00000000 CCO=EFLAGS
EFER=0000000000000000
SMM: enter
EAX=000000b5 EBX=00007e28 ECX=00005678 EDX=00000005
ESI=00000000 EDI=0effec55 EBP=00006956 ESP=00006956
EIP=000f7e25 EFL=00000016 [----AP-] CPL=0 II=0 A20=1 SMM=0 HLT=0
ES =0010 00000000 ffffffff 00c09300 DPL=0 DS   [-WA]
CS =0008 00000000 ffffffff 00c09b00 DPL=0 CS32 [-RA]
SS =0010 00000000 ffffffff 00c09300 DPL=0 DS   [-WA]
DS =0010 00000000 ffffffff 00c09300 DPL=0 DS   [-WA]
FS =0010 00000000 ffffffff 00c09300 DPL=0 DS   [-WA]
GS =0010 00000000 ffffffff 00c09300 DPL=0 DS   [-WA]
LDT=0000 00000000 0000ffff 00008200 DPL=0 LDT
TR =0000 00000000 0000ffff 00008b00 DPL=0 TSS32-busy
GDT=     000f61e0 00000037
IDT=     000f621e 00000000
CR0=00000011 CR2=00000000 CR3=00000000 CR4=00000000
DR0=0000000000000000 DR1=0000000000000000 DR2=0000000000000000 DR3=0000000000000000 
DR6=00000000ffff0ff0 DR7=0000000000000400
CCS=00000008 CCD=00006942 CCO=ADDL
EFER=0000000000000000
SMM: after RSM
EAX=000000b5 EBX=00007e28 ECX=00005678 EDX=00000005
ESI=00000000 EDI=0effec55 EBP=00006956 ESP=00006956
EIP=00007e28 EFL=00000006 [-----P-] CPL=0 II=0 A20=1 SMM=0 HLT=0
ES =d900 000d9000 ffffffff 00809300
CS =f000 000f0000 ffffffff 00809b00
SS =0000 00000000 ffffffff 00809300
DS =0000 00000000 ffffffff 00809300
FS =0000 00000000 ffffffff 00809300
GS =ca00 000ca000 ffffffff 00809300
LDT=0000 00000000 0000ffff 00008200
TR =0000 00000000 0000ffff 00008b00
GDT=     00000000 00000000
IDT=     00000000 000003ff
CR0=00000010 CR2=00000000 CR3=00000000 CR4=00000000
DR0=0000000000000000 DR1=0000000000000000 DR2=0000000000000000 DR3=0000000000000000 
DR6=00000000ffff0ff0 DR7=0000000000000400
CCS=00000004 CCD=00000001 CCO=EFLAGS
EFER=0000000000000000
SMM: enter
EAX=000000b5 EBX=000f7e0e ECX=00001234 EDX=000069ff
ESI=00006990 EDI=0effec55 EBP=00006950 ESP=00006950
EIP=00007e0b EFL=00000006 [-----P-] CPL=0 II=0 A20=1 SMM=0 HLT=0
ES =d900 000d9000 ffffffff 00809300
CS =f000 000f0000 ffffffff 00809b00
SS =0000 00000000 ffffffff 00809300
DS =0000 00000000 ffffffff 00809300
FS =0000 00000000 ffffffff 00809300
GS =ca00 000ca000 ffffffff 00809300
LDT=0000 00000000 0000ffff 00008200
TR =0000 00000000 0000ffff 00008b00
GDT=     00000000 00000000
IDT=     00000000 000003ff
CR0=00000010 CR2=00000000 CR3=00000000 CR4=00000000
DR0=0000000000000000 DR1=0000000000000000 DR2=0000000000000000 DR3=0000000000000000 
DR6=00000000ffff0ff0 DR7=0000000000000400
CCS=00000000 CCD=00006950 CCO=ADDL
EFER=0000000000000000
SMM: after RSM
EAX=000000b5 EBX=000f7e0e ECX=00001234 EDX=000069ff
ESI=00006990 EDI=0effec55 EBP=00006950 ESP=00006950
EIP=000f7e0e EFL=00000046 [---Z-P-] CPL=0 II=0 A20=1 SMM=0 HLT=0
ES =0010 00000000 ffffffff 00c09300 DPL=0 DS   [-WA]
CS =0008 00000000 ffffffff 00c09b00 DPL=0 CS32 [-RA]
SS =0010 00000000 ffffffff 00c09300 DPL=0 DS   [-WA]
DS =0010 00000000 ffffffff 00c09300 DPL=0 DS   [-WA]
FS =0010 00000000 ffffffff 00c09300 DPL=0 DS   [-WA]
GS =0010 00000000 ffffffff 00c09300 DPL=0 DS   [-WA]
LDT=0000 00000000 0000ffff 00008200 DPL=0 LDT
TR =0000 00000000 0000ffff 00008b00 DPL=0 TSS32-busy
GDT=     000f61e0 00000037
IDT=     000f621e 00000000
CR0=00000011 CR2=00000000 CR3=00000000 CR4=00000000
DR0=0000000000000000 DR1=0000000000000000 DR2=0000000000000000 DR3=0000000000000000 
DR6=00000000ffff0ff0 DR7=0000000000000400
CCS=00000044 CCD=00000000 CCO=EFLAGS
EFER=0000000000000000
SMM: enter
EAX=000000b5 EBX=00007e28 ECX=00005678 EDX=00000003
ESI=0ef0b050 EDI=0effec55 EBP=00006950 ESP=00006950
EIP=000f7e25 EFL=00000006 [-----P-] CPL=0 II=0 A20=1 SMM=0 HLT=0
ES =0010 00000000 ffffffff 00c09300 DPL=0 DS   [-WA]
CS =0008 00000000 ffffffff 00c09b00 DPL=0 CS32 [-RA]
SS =0010 00000000 ffffffff 00c09300 DPL=0 DS   [-WA]
DS =0010 00000000 ffffffff 00c09300 DPL=0 DS   [-WA]
FS =0010 00000000 ffffffff 00c09300 DPL=0 DS   [-WA]
GS =0010 00000000 ffffffff 00c09300 DPL=0 DS   [-WA]
LDT=0000 00000000 0000ffff 00008200 DPL=0 LDT
TR =0000 00000000 0000ffff 00008b00 DPL=0 TSS32-busy
GDT=     000f61e0 00000037
IDT=     000f621e 00000000
CR0=00000011 CR2=00000000 CR3=00000000 CR4=00000000
DR0=0000000000000000 DR1=0000000000000000 DR2=0000000000000000 DR3=0000000000000000 
DR6=00000000ffff0ff0 DR7=0000000000000400
CCS=00000008 CCD=0000693c CCO=ADDL
EFER=0000000000000000
SMM: after RSM
EAX=000000b5 EBX=00007e28 ECX=00005678 EDX=00000003
ESI=0ef0b050 EDI=0effec55 EBP=00006950 ESP=00006950
EIP=00007e28 EFL=00000006 [-----P-] CPL=0 II=0 A20=1 SMM=0 HLT=0
ES =d900 000d9000 ffffffff 00809300
CS =f000 000f0000 ffffffff 00809b00
SS =0000 00000000 ffffffff 00809300
DS =0000 00000000 ffffffff 00809300
FS =0000 00000000 ffffffff 00809300
GS =ca00 000ca000 ffffffff 00809300
LDT=0000 00000000 0000ffff 00008200
TR =0000 00000000 0000ffff 00008b00
GDT=     00000000 00000000
IDT=     00000000 000003ff
CR0=00000010 CR2=00000000 CR3=00000000 CR4=00000000
DR0=0000000000000000 DR1=0000000000000000 DR2=0000000000000000 DR3=0000000000000000 
DR6=00000000ffff0ff0 DR7=0000000000000400
CCS=00000004 CCD=00000001 CCO=EFLAGS
EFER=0000000000000000
Servicing hardware INT=0x08
Servicing hardware INT=0x08
Servicing hardware INT=0x08
Servicing hardware INT=0x08
Servicing hardware INT=0x08
Servicing hardware INT=0x08
Servicing hardware INT=0x08
Servicing hardware INT=0x08
Servicing hardware INT=0x08
Servicing hardware INT=0x20
     0: v=20 e=0000 i=0 cpl=0 IP=0008:000000000010223b pc=000000000010223b SP=0010:000000000013cc50 env->regs[R_EAX]=0000000000000360
EAX=00000360 EBX=0011c2b0 ECX=00000000 EDX=000003fd
ESI=00000000 EDI=00000000 EBP=0013cc64 ESP=0013cc50
EIP=0010223b EFL=00000212 [----A--] CPL=0 II=0 A20=1 SMM=0 HLT=0
ES =0010 00000000 ffffffff 00cf9300 DPL=0 DS   [-WA]
CS =0008 00000000 ffffffff 00cf9a00 DPL=0 CS32 [-R-]
SS =0010 00000000 ffffffff 00cf9300 DPL=0 DS   [-WA]
DS =0010 00000000 ffffffff 00cf9300 DPL=0 DS   [-WA]
FS =0010 00000000 ffffffff 00cf9300 DPL=0 DS   [-WA]
GS =0010 00000000 ffffffff 00cf9300 DPL=0 DS   [-WA]
LDT=0000 00000000 0000ffff 00008200 DPL=0 LDT
TR =0028 00122cc0 00000067 00008900 DPL=0 TSS32-avl
GDT=     0011c274 0000002f
IDT=     0011ed20 000007ff
CR0=80000013 CR2=00000000 CR3=00400000 CR4=00000600
DR0=0000000000000000 DR1=0000000000000000 DR2=0000000000000000 DR3=0000000000000000 
DR6=00000000ffff0ff0 DR7=0000000000000400
CCS=00000010 CCD=0011c2b0 CCO=EFLAGS
EFER=0000000000000000
Servicing hardware INT=0x20
     1: v=20 e=0000 i=0 cpl=0 IP=0008:000000000010b2a9 pc=000000000010b2a9 SP=0010:000000000013ccd8 env->regs[R_EAX]=0000000000000000
EAX=00000000 EBX=0011c2b0 ECX=00000018 EDX=000003d5
ESI=00000000 EDI=00000000 EBP=0013ccf0 ESP=0013ccd8
EIP=0010b2a9 EFL=00000246 [---Z-P-] CPL=0 II=0 A20=1 SMM=0 HLT=0
ES =0010 00000000 ffffffff 00cf9300 DPL=0 DS   [-WA]
CS =0008 00000000 ffffffff 00cf9a00 DPL=0 CS32 [-R-]
SS =0010 00000000 ffffffff 00cf9300 DPL=0 DS   [-WA]
DS =0010 00000000 ffffffff 00cf9300 DPL=0 DS   [-WA]
FS =0010 00000000 ffffffff 00cf9300 DPL=0 DS   [-WA]
GS =0010 00000000 ffffffff 00cf9300 DPL=0 DS   [-WA]
LDT=0000 00000000 0000ffff 00008200 DPL=0 LDT
TR =0028 00122cc0 00000067 00008900 DPL=0 TSS32-avl
GDT=     0011c274 0000002f
IDT=     0011ed20 000007ff
CR0=80000013 CR2=00000000 CR3=00400000 CR4=00000600
DR0=0000000000000000 DR1=0000000000000000 DR2=0000000000000000 DR3=0000000000000000 
DR6=00000000ffff0ff0 DR7=0000000000000400
CCS=00000044 CCD=00000000 CCO=EFLAGS
EFER=0000000000000000
Servicing hardware INT=0x20
     2: v=20 e=0000 i=0 cpl=0 IP=0008:000000000010b2a9 pc=000000000010b2a9 SP=0010:000000000013ccd8 env->regs[R_EAX]=0000000000000000
EAX=00000000 EBX=0011c2b0 ECX=00000018 EDX=000003d5
ESI=00000000 EDI=00000000 EBP=0013ccf0 ESP=0013ccd8
EIP=0010b2a9 EFL=00000246 [---Z-P-] CPL=0 II=0 A20=1 SMM=0 HLT=0
ES =0010 00000000 ffffffff 00cf9300 DPL=0 DS   [-WA]
CS =0008 00000000 ffffffff 00cf9a00 DPL=0 CS32 [-R-]
SS =0010 00000000 ffffffff 00cf9300 DPL=0 DS   [-WA]
DS =0010 00000000 ffffffff 00cf9300 DPL=0 DS   [-WA]
FS =0010 00000000 ffffffff 00cf9300 DPL=0 DS   [-WA]
GS =0010 00000000 ffffffff 00cf9300 DPL=0 DS   [-WA]
LDT=0000 00000000 0000ffff 00008200 DPL=0 LDT
TR =0028 00122cc0 00000067 00008900 DPL=0 TSS32-avl
GDT=     0011c274 0000002f
IDT=     0011ed20 000007ff
CR0=80000013 CR2=00000000 CR3=00400000 CR4=00000600
DR0=0000000000000000 DR1=0000000000000000 DR2=0000000000000000 DR3=0000000000000000 
DR6=00000000ffff0ff0 DR7=0000000000000400
CCS=00000044 CCD=00000000 CCO=EFLAGS
EFER=0000000000000000
Servicing hardware INT=0x20
     3: v=20 e=0000 i=0 cpl=0 IP=0008:000000000010b2a9 pc=000000000010b2a9 SP=0010:000000000013ccd8 env->regs[R_EAX]=0000000000000000
EAX=00000000 EBX=0011c2b0 ECX=00000018 EDX=000003d5
ESI=00000000 EDI=00000000 EBP=0013ccf0 ESP=0013ccd8
EIP=0010b2a9 EFL=00000246 [---Z-P-] CPL=0 II=0 A20=1 SMM=0 HLT=0
ES =0010 00000000 ffffffff 00cf9300 DPL=0 DS   [-WA]
CS =0008 00000000 ffffffff 00cf9a00 DPL=0 CS32 [-R-]
SS =0010 00000000 ffffffff 00cf9300 DPL=0 DS   [-WA]
DS =0010 00000000 ffffffff 00cf9300 DPL=0 DS   [-WA]
FS =0010 00000000 ffffffff 00cf9300 DPL=0 DS   [-WA]
GS =0010 00000000 ffffffff 00cf9300 DPL=0 DS   [-WA]
LDT=0000 00000000 0000ffff 00008200 DPL=0 LDT
TR =0028 00122cc0 00000067 00008900 DPL=0 TSS32-avl
GDT=     0011c274 0000002f
IDT=     0011ed20 000007ff
CR0=80000013 CR2=00000000 CR3=00400000 CR4=00000600
DR0=0000000000000000 DR1=0000000000000000 DR2=0000000000000000 DR3=0000000000000000 
DR6=00000000ffff0ff0 DR7=0000000000000400
CCS=00000044 CCD=00000000 CCO=EFLAGS
EFER=0000000000000000
Servicing hardware INT=0x20
     4: v=20 e=0000 i=0 cpl=0 IP=0008:000000000010b2a9 pc=000000000010b2a9 SP=0010:000000000013ccd8 env->regs[R_EAX]=0000000000000000
EAX=00000000 EBX=0011c2b0 ECX=00000018 EDX=000003d5
ESI=00000000 EDI=00000000 EBP=0013ccf0 ESP=0013ccd8
EIP=0010b2a9 EFL=00000246 [---Z-P-] CPL=0 II=0 A20=1 SMM=0 HLT=0
ES =0010 00000000 ffffffff 00cf9300 DPL=0 DS   [-WA]
CS =0008 00000000 ffffffff 00cf9a00 DPL=0 CS32 [-R-]
SS =0010 00000000 ffffffff 00cf9300 DPL=0 DS   [-WA]
DS =0010 00000000 ffffffff 00cf9300 DPL=0 DS   [-WA]
FS =0010 00000000 ffffffff 00cf9300 DPL=0 DS   [-WA]
GS =0010 00000000 ffffffff 00cf9300 DPL=0 DS   [-WA]
LDT=0000 00000000 0000ffff 00008200 DPL=0 LDT
TR =0028 00122cc0 00000067 00008900 DPL=0 TSS32-avl
GDT=     0011c274 0000002f
IDT=     0011ed20 000007ff
CR0=80000013 CR2=00000000 CR3=00400000 CR4=00000600
DR0=0000000000000000 DR1=0000000000000000 DR2=0000000000000000 DR3=0000000000000000 
DR6=00000000ffff0ff0 DR7=0000000000000400
CCS=00000044 CCD=00000000 CCO=EFLAGS
EFER=0000000000000000
Servicing hardware INT=0x20
     5: v=20 e=0000 i=0 cpl=0 IP=0008:000000000010b2a9 pc=000000000010b2a9 SP=0010:000000000013ccd8 env->regs[R_EAX]=0000000000000000
EAX=00000000 EBX=0011c2b0 ECX=00000018 EDX=000003d5
ESI=00000000 EDI=00000000 EBP=0013ccf0 ESP=0013ccd8
EIP=0010b2a9 EFL=00000246 [---Z-P-] CPL=0 II=0 A20=1 SMM=0 HLT=0
ES =0010 00000000 ffffffff 00cf9300 DPL=0 DS   [-WA]
CS =0008 00000000 ffffffff 00cf9a00 DPL=0 CS32 [-R-]
SS =0010 00000000 ffffffff 00cf9300 DPL=0 DS   [-WA]
DS =0010 00000000 ffffffff 00cf9300 DPL=0 DS   [-WA]
FS =0010 00000000 ffffffff 00cf9300 DPL=0 DS   [-WA]
GS =0010 00000000 ffffffff 00cf9300 DPL=0 DS   [-WA]
LDT=0000 00000000 0000ffff 00008200 DPL=0 LDT
TR =0028 00122cc0 00000067 00008900 DPL=0 TSS32-avl
GDT=     0011c274 0000002f
IDT=     0011ed20 000007ff
CR0=80000013 CR2=00000000 CR3=00400000 CR4=00000600
DR0=0000000000000000 DR1=0000000000000000 DR2=0000000000000000 DR3=0000000000000000 
DR6=00000000ffff0ff0 DR7=0000000000000400
CCS=00000044 CCD=00000000 CCO=EFLAGS
EFER=0000000000000000
Servicing hardware INT=0x20
     6: v=20 e=0000 i=0 cpl=0 IP=0008:000000000010b2a9 pc=000000000010b2a9 SP=0010:000000000013ccd8 env->regs[R_EAX]=0000000000000000
EAX=00000000 EBX=0011c2b0 ECX=00000018 EDX=000003d5
ESI=00000000 EDI=00000000 EBP=0013ccf0 ESP=0013ccd8
EIP=0010b2a9 EFL=00000246 [---Z-P-] CPL=0 II=0 A20=1 SMM=0 HLT=0
ES =0010 00000000 ffffffff 00cf9300 DPL=0 DS   [-WA]
CS =0008 00000000 ffffffff 00cf9a00 DPL=0 CS32 [-R-]
SS =0010 00000000 ffffffff 00cf9300 DPL=0 DS   [-WA]
DS =0010 00000000 ffffffff 00cf9300 DPL=0 DS   [-WA]
FS =0010 00000000 ffffffff 00cf9300 DPL=0 DS   [-WA]
GS =0010 00000000 ffffffff 00cf9300 DPL=0 DS   [-WA]
LDT=0000 00000000 0000ffff 00008200 DPL=0 LDT
TR =0028 00122cc0 00000067 00008900 DPL=0 TSS32-avl
GDT=     0011c274 0000002f
IDT=     0011ed20 000007ff
CR0=80000013 CR2=00000000 CR3=00400000 CR4=00000600
DR0=0000000000000000 DR1=0000000000000000 DR2=0000000000000000 DR3=0000000000000000 
DR6=00000000ffff0ff0 DR7=0000000000000400
CCS=00000044 CCD=00000000 CCO=EFLAGS
EFER=0000000000000000
Servicing hardware INT=0x20
     7: v=20 e=0000 i=0 cpl=0 IP=0008:000000000010b2a9 pc=000000000010b2a9 SP=0010:000000000013ccd8 env->regs[R_EAX]=0000000000000000
EAX=00000000 EBX=0011c2b0 ECX=00000018 EDX=000003d5
ESI=00000000 EDI=00000000 EBP=0013ccf0 ESP=0013ccd8
EIP=0010b2a9 EFL=00000246 [---Z-P-] CPL=0 II=0 A20=1 SMM=0 HLT=0
ES =0010 00000000 ffffffff 00cf9300 DPL=0 DS   [-WA]
CS =0008 00000000 ffffffff 00cf9a00 DPL=0 CS32 [-R-]
SS =0010 00000000 ffffffff 00cf9300 DPL=0 DS   [-WA]
DS =0010 00000000 ffffffff 00cf9300 DPL=0 DS   [-WA]
FS =0010 00000000 ffffffff 00cf9300 DPL=0 DS   [-WA]
GS =0010 00000000 ffffffff 00cf9300 DPL=0 DS   [-WA]
LDT=0000 00000000 0000ffff 00008200 DPL=0 LDT
TR =0028 00122cc0 00000067 00008900 DPL=0 TSS32-avl
GDT=     0011c274 0000002f
IDT=     0011ed20 000007ff
CR0=80000013 CR2=00000000 CR3=00400000 CR4=00000600
DR0=0000000000000000 DR1=0000000000000000 DR2=0000000000000000 DR3=0000000000000000 
DR6=00000000ffff0ff0 DR7=0000000000000400
CCS=00000044 CCD=00000000 CCO=EFLAGS
EFER=0000000000000000
Servicing hardware INT=0x20
     8: v=20 e=0000 i=0 cpl=0 IP=0008:000000000010b2a9 pc=000000000010b2a9 SP=0010:000000000013ccd8 env->regs[R_EAX]=0000000000000000
EAX=00000000 EBX=0011c2b0 ECX=00000018 EDX=000003d5
ESI=00000000 EDI=00000000 EBP=0013ccf0 ESP=0013ccd8
EIP=0010b2a9 EFL=00000246 [---Z-P-] CPL=0 II=0 A20=1 SMM=0 HLT=0
ES =0010 00000000 ffffffff 00cf9300 DPL=0 DS   [-WA]
CS =0008 00000000 ffffffff 00cf9a00 DPL=0 CS32 [-R-]
SS =0010 00000000 ffffffff 00cf9300 DPL=0 DS   [-WA]
DS =0010 00000000 ffffffff 00cf9300 DPL=0 DS   [-WA]
FS =0010 00000000 ffffffff 00cf9300 DPL=0 DS   [-WA]
GS =0010 00000000 ffffffff 00cf9300 DPL=0 DS   [-WA]
LDT=0000 00000000 0000ffff 00008200 DPL=0 LDT
TR =0028 00122cc0 00000067 00008900 DPL=0 TSS32-avl
GDT=     0011c274 0000002f
IDT=     0011ed20 000007ff
CR0=80000013 CR2=00000000 CR3=00400000 CR4=00000600
DR0=0000000000000000 DR1=0000000000000000 DR2=0000000000000000 DR3=0000000000000000 
DR6=00000000ffff0ff0 DR7=0000000000000400
CCS=00000044 CCD=00000000 CCO=EFLAGS
EFER=0000000000000000
Servicing hardware INT=0x20
     9: v=20 e=0000 i=0 cpl=0 IP=0008:000000000010b2a9 pc=000000000010b2a9 SP=0010:000000000013ccd8 env->regs[R_EAX]=0000000000000000
EAX=00000000 EBX=0011c2b0 ECX=00000018 EDX=000003d5
ESI=00000000 EDI=00000000 EBP=0013ccf0 ESP=0013ccd8
EIP=0010b2a9 EFL=00000246 [---Z-P-] CPL=0 II=0 A20=1 SMM=0 HLT=0
ES =0010 00000000 ffffffff 00cf9300 DPL=0 DS   [-WA]
CS =0008 00000000 ffffffff 00cf9a00 DPL=0 CS32 [-R-]
SS =0010 00000000 ffffffff 00cf9300 DPL=0 DS   [-WA]
DS =0010 00000000 ffffffff 00cf9300 DPL=0 DS   [-WA]
FS =0010 00000000 ffffffff 00cf9300 DPL=0 DS   [-WA]
GS =0010 00000000 ffffffff 00cf9300 DPL=0 DS   [-WA]
LDT=0000 00000000 0000ffff 00008200 DPL=0 LDT
TR =0028 00122cc0 00000067 00008900 DPL=0 TSS32-avl
GDT=     0011c274 0000002f
IDT=     0011ed20 000007ff
CR0=80000013 CR2=00000000 CR3=00400000 CR4=00000600
DR0=0000000000000000 DR1=0000000000000000 DR2=0000000000000000 DR3=0000000000000000 
DR6=00000000ffff0ff0 DR7=0000000000000400
CCS=00000044 CCD=00000000 CCO=EFLAGS
EFER=0000000000000000
Servicing hardware INT=0x20
    10: v=20 e=0000 i=0 cpl=0 IP=0008:000000000010b2a9 pc=000000000010b2a9 SP=0010:000000000013ccd8 env->regs[R_EAX]=0000000000000000
EAX=00000000 EBX=0011c2b0 ECX=00000018 EDX=000003d5
ESI=00000000 EDI=00000000 EBP=0013ccf0 ESP=0013ccd8
EIP=0010b2a9 EFL=00000246 [---Z-P-] CPL=0 II=0 A20=1 SMM=0 HLT=0
ES =0010 00000000 ffffffff 00cf9300 DPL=0 DS   [-WA]
CS =0008 00000000 ffffffff 00cf9a00 DPL=0 CS32 [-R-]
SS =0010 00000000 ffffffff 00cf9300 DPL=0 DS   [-WA]
DS =0010 00000000 ffffffff 00cf9300 DPL=0 DS   [-WA]
FS =0010 00000000 ffffffff 00cf9300 DPL=0 DS   [-WA]
GS =0010 00000000 ffffffff 00cf9300 DPL=0 DS   [-WA]
LDT=0000 00000000 0000ffff 00008200 DPL=0 LDT
TR =0028 00122cc0 00000067 00008900 DPL=0 TSS32-avl
GDT=     0011c274 0000002f
IDT=     0011ed20 000007ff
CR0=80000013 CR2=00000000 CR3=00400000 CR4=00000600
DR0=0000000000000000 DR1=0000000000000000 DR2=0000000000000000 DR3=0000000000000000 
DR6=00000000ffff0ff0 DR7=0000000000000400
CCS=00000044 CCD=00000000 CCO=EFLAGS
EFER=0000000000000000
Servicing hardware INT=0x20
    11: v=20 e=0000 i=0 cpl=0 IP=0008:000000000010b2a9 pc=000000000010b2a9 SP=0010:000000000013ccd8 env->regs[R_EAX]=0000000000000000
EAX=00000000 EBX=0011c2b0 ECX=00000018 EDX=000003d5
ESI=00000000 EDI=00000000 EBP=0013ccf0 ESP=0013ccd8
EIP=0010b2a9 EFL=00000246 [---Z-P-] CPL=0 II=0 A20=1 SMM=0 HLT=0
ES =0010 00000000 ffffffff 00cf9300 DPL=0 DS   [-WA]
CS =0008 00000000 ffffffff 00cf9a00 DPL=0 CS32 [-R-]
SS =0010 00000000 ffffffff 00cf9300 DPL=0 DS   [-WA]
DS =0010 00000000 ffffffff 00cf9300 DPL=0 DS   [-WA]
FS =0010 00000000 ffffffff 00cf9300 DPL=0 DS   [-WA]
GS =0010 00000000 ffffffff 00cf9300 DPL=0 DS   [-WA]
LDT=0000 00000000 0000ffff 00008200 DPL=0 LDT
TR =0028 00122cc0 00000067 00008900 DPL=0 TSS32-avl
GDT=     0011c274 0000002f
IDT=     0011ed20 000007ff
CR0=80000013 CR2=00000000 CR3=00400000 CR4=00000600
DR0=0000000000000000 DR1=0000000000000000 DR2=0000000000000000 DR3=0000000000000000 
DR6=00000000ffff0ff0 DR7=0000000000000400
CCS=00000044 CCD=00000000 CCO=EFLAGS
EFER=0000000000000000
Servicing hardware INT=0x20
    12: v=20 e=0000 i=0 cpl=0 IP=0008:000000000010b2a9 pc=000000000010b2a9 SP=0010:000000000013ccd8 env->regs[R_EAX]=0000000000000000
EAX=00000000 EBX=0011c2b0 ECX=00000018 EDX=000003d5
ESI=00000000 EDI=00000000 EBP=0013ccf0 ESP=0013ccd8
EIP=0010b2a9 EFL=00000246 [---Z-P-] CPL=0 II=0 A20=1 SMM=0 HLT=0
ES =0010 00000000 ffffffff 00cf9300 DPL=0 DS   [-WA]
CS =0008 00000000 ffffffff 00cf9a00 DPL=0 CS32 [-R-]
SS =0010 00000000 ffffffff 00cf9300 DPL=0 DS   [-WA]
DS =0010 00000000 ffffffff 00cf9300 DPL=0 DS   [-WA]
FS =0010 00000000 ffffffff 00cf9300 DPL=0 DS   [-WA]
GS =0010 00000000 ffffffff 00cf9300 DPL=0 DS   [-WA]
LDT=0000 00000000 0000ffff 00008200 DPL=0 LDT
TR =0028 00122cc0 00000067 00008900 DPL=0 TSS32-avl
GDT=     0011c274 0000002f
IDT=     0011ed20 000007ff
CR0=80000013 CR2=00000000 CR3=00400000 CR4=00000600
DR0=0000000000000000 DR1=0000000000000000 DR2=0000000000000000 DR3=0000000000000000 
DR6=00000000ffff0ff0 DR7=0000000000000400
CCS=00000044 CCD=00000000 CCO=EFLAGS
EFER=0000000000000000
Servicing hardware INT=0x20
    13: v=20 e=0000 i=0 cpl=0 IP=0008:000000000010b2a9 pc=000000000010b2a9 SP=0010:000000000013ccd8 env->regs[R_EAX]=0000000000000000
EAX=00000000 EBX=0011c2b0 ECX=00000018 EDX=000003d5
ESI=00000000 EDI=00000000 EBP=0013ccf0 ESP=0013ccd8
EIP=0010b2a9 EFL=00000246 [---Z-P-] CPL=0 II=0 A20=1 SMM=0 HLT=0
ES =0010 00000000 ffffffff 00cf9300 DPL=0 DS   [-WA]
CS =0008 00000000 ffffffff 00cf9a00 DPL=0 CS32 [-R-]
SS =0010 00000000 ffffffff 00cf9300 DPL=0 DS   [-WA]
DS =0010 00000000 ffffffff 00cf9300 DPL=0 DS   [-WA]
FS =0010 00000000 ffffffff 00cf9300 DPL=0 DS   [-WA]
GS =0010 00000000 ffffffff 00cf9300 DPL=0 DS   [-WA]
LDT=0000 00000000 0000ffff 00008200 DPL=0 LDT
TR =0028 00122cc0 00000067 00008900 DPL=0 TSS32-avl
GDT=     0011c274 0000002f
IDT=     0011ed20 000007ff
CR0=80000013 CR2=00000000 CR3=00400000 CR4=00000600
DR0=0000000000000000 DR1=0000000000000000 DR2=0000000000000000 DR3=0000000000000000 
DR6=00000000ffff0ff0 DR7=0000000000000400
CCS=00000044 CCD=00000000 CCO=EFLAGS
EFER=0000000000000000
Servicing hardware INT=0x20
    14: v=20 e=0000 i=0 cpl=0 IP=0008:000000000010b2a9 pc=000000000010b2a9 SP=0010:000000000013ccd8 env->regs[R_EAX]=0000000000000000
EAX=00000000 EBX=0011c2b0 ECX=00000018 EDX=000003d5
ESI=00000000 EDI=00000000 EBP=0013ccf0 ESP=0013ccd8
EIP=0010b2a9 EFL=00000246 [---Z-P-] CPL=0 II=0 A20=1 SMM=0 HLT=0
ES =0010 00000000 ffffffff 00cf9300 DPL=0 DS   [-WA]
CS =0008 00000000 ffffffff 00cf9a00 DPL=0 CS32 [-R-]
SS =0010 00000000 ffffffff 00cf9300 DPL=0 DS   [-WA]
DS =0010 00000000 ffffffff 00cf9300 DPL=0 DS   [-WA]
FS =0010 00000000 ffffffff 00cf9300 DPL=0 DS   [-WA]
GS =0010 00000000 ffffffff 00cf9300 DPL=0 DS   [-WA]
LDT=0000 00000000 0000ffff 00008200 DPL=0 LDT
TR =0028 00122cc0 00000067 00008900 DPL=0 TSS32-avl
GDT=     0011c274 0000002f
IDT=     0011ed20 000007ff
CR0=80000013 CR2=00000000 CR3=00400000 CR4=00000600
DR0=0000000000000000 DR1=0000000000000000 DR2=0000000000000000 DR3=0000000000000000 
DR6=00000000ffff0ff0 DR7=0000000000000400
CCS=00000044 CCD=00000000 CCO=EFLAGS
EFER=0000000000000000
Servicing hardware INT=0x20
    15: v=20 e=0000 i=0 cpl=0 IP=0008:000000000010b2a9 pc=000000000010b2a9 SP=0010:000000000013ccd8 env->regs[R_EAX]=0000000000000000
EAX=00000000 EBX=0011c2b0 ECX=00000018 EDX=000003d5
ESI=00000000 EDI=00000000 EBP=0013ccf0 ESP=0013ccd8
EIP=0010b2a9 EFL=00000246 [---Z-P-] CPL=0 II=0 A20=1 SMM=0 HLT=0
ES =0010 00000000 ffffffff 00cf9300 DPL=0 DS   [-WA]
CS =0008 00000000 ffffffff 00cf9a00 DPL=0 CS32 [-R-]
SS =0010 00000000 ffffffff 00cf9300 DPL=0 DS   [-WA]
DS =0010 00000000 ffffffff 00cf9300 DPL=0 DS   [-WA]
FS =0010 00000000 ffffffff 00cf9300 DPL=0 DS   [-WA]
GS =0010 00000000 ffffffff 00cf9300 DPL=0 DS   [-WA]
LDT=0000 00000000 0000ffff 00008200 DPL=0 LDT
TR =0028 00122cc0 00000067 00008900 DPL=0 TSS32-avl
GDT=     0011c274 0000002f
IDT=     0011ed20 000007ff
CR0=80000013 CR2=00000000 CR3=00400000 CR4=00000600
DR0=0000000000000000 DR1=0000000000000000 DR2=0000000000000000 DR3=0000000000000000 
DR6=00000000ffff0ff0 DR7=0000000000000400
CCS=00000044 CCD=00000000 CCO=EFLAGS
EFER=0000000000000000
Servicing hardware INT=0x20
    16: v=20 e=0000 i=0 cpl=0 IP=0008:000000000010b2a9 pc=000000000010b2a9 SP=0010:000000000013ccd8 env->regs[R_EAX]=0000000000000000
EAX=00000000 EBX=0011c2b0 ECX=00000018 EDX=000003d5
ESI=00000000 EDI=00000000 EBP=0013ccf0 ESP=0013ccd8
EIP=0010b2a9 EFL=00000246 [---Z-P-] CPL=0 II=0 A20=1 SMM=0 HLT=0
ES =0010 00000000 ffffffff 00cf9300 DPL=0 DS   [-WA]
CS =0008 00000000 ffffffff 00cf9a00 DPL=0 CS32 [-R-]
SS =0010 00000000 ffffffff 00cf9300 DPL=0 DS   [-WA]
DS =0010 00000000 ffffffff 00cf9300 DPL=0 DS   [-WA]
FS =0010 00000000 ffffffff 00cf9300 DPL=0 DS   [-WA]
GS =0010 00000000 ffffffff 00cf9300 DPL=0 DS   [-WA]
LDT=0000 00000000 0000ffff 00008200 DPL=0 LDT
TR =0028 00122cc0 00000067 00008900 DPL=0 TSS32-avl
GDT=     0011c274 0000002f
IDT=     0011ed20 000007ff
CR0=80000013 CR2=00000000 CR3=00400000 CR4=00000600
DR0=0000000000000000 DR1=0000000000000000 DR2=0000000000000000 DR3=0000000000000000 
DR6=00000000ffff0ff0 DR7=0000000000000400
CCS=00000044 CCD=00000000 CCO=EFLAGS
EFER=0000000000000000
Servicing hardware INT=0x20
    17: v=20 e=0000 i=0 cpl=0 IP=0008:000000000010b2a9 pc=000000000010b2a9 SP=0010:000000000013ccd8 env->regs[R_EAX]=0000000000000000
EAX=00000000 EBX=0011c2b0 ECX=00000018 EDX=000003d5
ESI=00000000 EDI=00000000 EBP=0013ccf0 ESP=0013ccd8
EIP=0010b2a9 EFL=00000246 [---Z-P-] CPL=0 II=0 A20=1 SMM=0 HLT=0
ES =0010 00000000 ffffffff 00cf9300 DPL=0 DS   [-WA]
CS =0008 00000000 ffffffff 00cf9a00 DPL=0 CS32 [-R-]
SS =0010 00000000 ffffffff 00cf9300 DPL=0 DS   [-WA]
DS =0010 00000000 ffffffff 00cf9300 DPL=0 DS   [-WA]
FS =0010 00000000 ffffffff 00cf9300 DPL=0 DS   [-WA]
GS =0010 00000000 ffffffff 00cf9300 DPL=0 DS   [-WA]
LDT=0000 00000000 0000ffff 00008200 DPL=0 LDT
TR =0028 00122cc0 00000067 00008900 DPL=0 TSS32-avl
GDT=     0011c274 0000002f
IDT=     0011ed20 000007ff
CR0=80000013 CR2=00000000 CR3=00400000 CR4=00000600
DR0=0000000000000000 DR1=0000000000000000 DR2=0000000000000000 DR3=0000000000000000 
DR6=00000000ffff0ff0 DR7=0000000000000400
CCS=00000044 CCD=00000000 CCO=EFLAGS
EFER=0000000000000000
Servicing hardware INT=0x20
    18: v=20 e=0000 i=0 cpl=0 IP=0008:000000000010b2a9 pc=000000000010b2a9 SP=0010:000000000013ccd8 env->regs[R_EAX]=0000000000000000
EAX=00000000 EBX=0011c2b0 ECX=00000018 EDX=000003d5
ESI=00000000 EDI=00000000 EBP=0013ccf0 ESP=0013ccd8
EIP=0010b2a9 EFL=00000246 [---Z-P-] CPL=0 II=0 A20=1 SMM=0 HLT=0
ES =0010 00000000 ffffffff 00cf9300 DPL=0 DS   [-WA]
CS =0008 00000000 ffffffff 00cf9a00 DPL=0 CS32 [-R-]
SS =0010 00000000 ffffffff 00cf9300 DPL=0 DS   [-WA]
DS =0010 00000000 ffffffff 00cf9300 DPL=0 DS   [-WA]
FS =0010 00000000 ffffffff 00cf9300 DPL=0 DS   [-WA]
GS =0010 00000000 ffffffff 00cf9300 DPL=0 DS   [-WA]
LDT=0000 00000000 0000ffff 00008200 DPL=0 LDT
TR =0028 00122cc0 00000067 00008900 DPL=0 TSS32-avl
GDT=     0011c274 0000002f
IDT=     0011ed20 000007ff
CR0=80000013 CR2=00000000 CR3=00400000 CR4=00000600
DR0=0000000000000000 DR1=0000000000000000 DR2=0000000000000000 DR3=0000000000000000 
DR6=00000000ffff0ff0 DR7=0000000000000400
CCS=00000044 CCD=00000000 CCO=EFLAGS
EFER=0000000000000000
Servicing hardware INT=0x20
    19: v=20 e=0000 i=0 cpl=0 IP=0008:000000000010b2a9 pc=000000000010b2a9 SP=0010:000000000013ccd8 env->regs[R_EAX]=0000000000000000
EAX=00000000 EBX=0011c2b0 ECX=00000018 EDX=000003d5
ESI=00000000 EDI=00000000 EBP=0013ccf0 ESP=0013ccd8
EIP=0010b2a9 EFL=00000246 [---Z-P-] CPL=0 II=0 A20=1 SMM=0 HLT=0
ES =0010 00000000 ffffffff 00cf9300 DPL=0 DS   [-WA]
CS =0008 00000000 ffffffff 00cf9a00 DPL=0 CS32 [-R-]
SS =0010 00000000 ffffffff 00cf9300 DPL=0 DS   [-WA]
DS =0010 00000000 ffffffff 00cf9300 DPL=0 DS   [-WA]
FS =0010 00000000 ffffffff 00cf9300 DPL=0 DS   [-WA]
GS =0010 00000000 ffffffff 00cf9300 DPL=0 DS   [-WA]
LDT=0000 00000000 0000ffff 00008200 DPL=0 LDT
TR =0028 00122cc0 00000067 00008900 DPL=0 TSS32-avl
GDT=     0011c274 0000002f
IDT=     0011ed20 000007ff
CR0=80000013 CR2=00000000 CR3=00400000 CR4=00000600
DR0=0000000000000000 DR1=0000000000000000 DR2=0000000000000000 DR3=0000000000000000 
DR6=00000000ffff0ff0 DR7=0000000000000400
CCS=00000044 CCD=00000000 CCO=EFLAGS
EFER=0000000000000000
Servicing hardware INT=0x20
    20: v=20 e=0000 i=0 cpl=0 IP=0008:000000000010b2a9 pc=000000000010b2a9 SP=0010:000000000013ccd8 env->regs[R_EAX]=0000000000000000
EAX=00000000 EBX=0011c2b0 ECX=00000018 EDX=000003d5
ESI=00000000 EDI=00000000 EBP=0013ccf0 ESP=0013ccd8
EIP=0010b2a9 EFL=00000246 [---Z-P-] CPL=0 II=0 A20=1 SMM=0 HLT=0
ES =0010 00000000 ffffffff 00cf9300 DPL=0 DS   [-WA]
CS =0008 00000000 ffffffff 00cf9a00 DPL=0 CS32 [-R-]
SS =0010 00000000 ffffffff 00cf9300 DPL=0 DS   [-WA]
DS =0010 00000000 ffffffff 00cf9300 DPL=0 DS   [-WA]
FS =0010 00000000 ffffffff 00cf9300 DPL=0 DS   [-WA]
GS =0010 00000000 ffffffff 00cf9300 DPL=0 DS   [-WA]
LDT=0000 00000000 0000ffff 00008200 DPL=0 LDT
TR =0028 00122cc0 00000067 00008900 DPL=0 TSS32-avl
GDT=     0011c274 0000002f
IDT=     0011ed20 000007ff
CR0=80000013 CR2=00000000 CR3=00400000 CR4=00000600
DR0=0000000000000000 DR1=0000000000000000 DR2=0000000000000000 DR3=0000000000000000 
DR6=00000000ffff0ff0 DR7=0000000000000400
CCS=00000044 CCD=00000000 CCO=EFLAGS
EFER=0000000000000000
Servicing hardware INT=0x20
    21: v=20 e=0000 i=0 cpl=0 IP=0008:000000000010b2a9 pc=000000000010b2a9 SP=0010:000000000013ccd8 env->regs[R_EAX]=0000000000000000
EAX=00000000 EBX=0011c2b0 ECX=00000018 EDX=000003d5
ESI=00000000 EDI=00000000 EBP=0013ccf0 ESP=0013ccd8
EIP=0010b2a9 EFL=00000246 [---Z-P-] CPL=0 II=0 A20=1 SMM=0 HLT=0
ES =0010 00000000 ffffffff 00cf9300 DPL=0 DS   [-WA]
CS =0008 00000000 ffffffff 00cf9a00 DPL=0 CS32 [-R-]
SS =0010 00000000 ffffffff 00cf9300 DPL=0 DS   [-WA]
DS =0010 00000000 ffffffff 00cf9300 DPL=0 DS   [-WA]
FS =0010 00000000 ffffffff 00cf9300 DPL=0 DS   [-WA]
GS =0010 00000000 ffffffff 00cf9300 DPL=0 DS   [-WA]
LDT=0000 00000000 0000ffff 00008200 DPL=0 LDT
TR =0028 00122cc0 00000067 00008900 DPL=0 TSS32-avl
GDT=     0011c274 0000002f
IDT=     0011ed20 000007ff
CR0=80000013 CR2=00000000 CR3=00400000 CR4=00000600
DR0=0000000000000000 DR1=0000000000000000 DR2=0000000000000000 DR3=0000000000000000 
DR6=00000000ffff0ff0 DR7=0000000000000400
CCS=00000044 CCD=00000000 CCO=EFLAGS
EFER=0000000000000000
Servicing hardware INT=0x20
    22: v=20 e=0000 i=0 cpl=0 IP=0008:000000000010b2a9 pc=000000000010b2a9 SP=0010:000000000013ccd8 env->regs[R_EAX]=0000000000000000
EAX=00000000 EBX=0011c2b0 ECX=00000018 EDX=000003d5
ESI=00000000 EDI=00000000 EBP=0013ccf0 ESP=0013ccd8
EIP=0010b2a9 EFL=00000246 [---Z-P-] CPL=0 II=0 A20=1 SMM=0 HLT=0
ES =0010 00000000 ffffffff 00cf9300 DPL=0 DS   [-WA]
CS =0008 00000000 ffffffff 00cf9a00 DPL=0 CS32 [-R-]
SS =0010 00000000 ffffffff 00cf9300 DPL=0 DS   [-WA]
DS =0010 00000000 ffffffff 00cf9300 DPL=0 DS   [-WA]
FS =0010 00000000 ffffffff 00cf9300 DPL=0 DS   [-WA]
GS =0010 00000000 ffffffff 00cf9300 DPL=0 DS   [-WA]
LDT=0000 00000000 0000ffff 00008200 DPL=0 LDT
TR =0028 00122cc0 00000067 00008900 DPL=0 TSS32-avl
GDT=     0011c274 0000002f
IDT=     0011ed20 000007ff
CR0=80000013 CR2=00000000 CR3=00400000 CR4=00000600
DR0=0000000000000000 DR1=0000000000000000 DR2=0000000000000000 DR3=0000000000000000 
DR6=00000000ffff0ff0 DR7=0000000000000400
CCS=00000044 CCD=00000000 CCO=EFLAGS
EFER=0000000000000000
Servicing hardware INT=0x20
    23: v=20 e=0000 i=0 cpl=0 IP=0008:000000000010b2a9 pc=000000000010b2a9 SP=0010:000000000013ccd8 env->regs[R_EAX]=0000000000000000
EAX=00000000 EBX=0011c2b0 ECX=00000018 EDX=000003d5
ESI=00000000 EDI=00000000 EBP=0013ccf0 ESP=0013ccd8
EIP=0010b2a9 EFL=00000246 [---Z-P-] CPL=0 II=0 A20=1 SMM=0 HLT=0
ES =0010 00000000 ffffffff 00cf9300 DPL=0 DS   [-WA]
CS =0008 00000000 ffffffff 00cf9a00 DPL=0 CS32 [-R-]
SS =0010 00000000 ffffffff 00cf9300 DPL=0 DS   [-WA]
DS =0010 00000000 ffffffff 00cf9300 DPL=0 DS   [-WA]
FS =0010 00000000 ffffffff 00cf9300 DPL=0 DS   [-WA]
GS =0010 00000000 ffffffff 00cf9300 DPL=0 DS   [-WA]
LDT=0000 00000000 0000ffff 00008200 DPL=0 LDT
TR =0028 00122cc0 00000067 00008900 DPL=0 TSS32-avl
GDT=     0011c274 0000002f
IDT=     0011ed20 000007ff
CR0=80000013 CR2=00000000 CR3=00400000 CR4=00000600
DR0=0000000000000000 DR1=0000000000000000 DR2=0000000000000000 DR3=0000000000000000 
DR6=00000000ffff0ff0 DR7=0000000000000400
CCS=00000044 CCD=00000000 CCO=EFLAGS
EFER=0000000000000000
Servicing hardware INT=0x20
    24: v=20 e=0000 i=0 cpl=0 IP=0008:000000000010b2a9 pc=000000000010b2a9 SP=0010:000000000013ccd8 env->regs[R_EAX]=0000000000000000
EAX=00000000 EBX=0011c2b0 ECX=00000018 EDX=000003d5
ESI=00000000 EDI=00000000 EBP=0013ccf0 ESP=0013ccd8
EIP=0010b2a9 EFL=00000246 [---Z-P-] CPL=0 II=0 A20=1 SMM=0 HLT=0
ES =0010 00000000 ffffffff 00cf9300 DPL=0 DS   [-WA]
CS =0008 00000000 ffffffff 00cf9a00 DPL=0 CS32 [-R-]
SS =0010 00000000 ffffffff 00cf9300 DPL=0 DS   [-WA]
DS =0010 00000000 ffffffff 00cf9300 DPL=0 DS   [-WA]
FS =0010 00000000 ffffffff 00cf9300 DPL=0 DS   [-WA]
GS =0010 00000000 ffffffff 00cf9300 DPL=0 DS   [-WA]
LDT=0000 00000000 0000ffff 00008200 DPL=0 LDT
TR =0028 00122cc0 00000067 00008900 DPL=0 TSS32-avl
GDT=     0011c274 0000002f
IDT=     0011ed20 000007ff
CR0=80000013 CR2=00000000 CR3=00400000 CR4=00000600
DR0=0000000000000000 DR1=0000000000000000 DR2=0000000000000000 DR3=0000000000000000 
DR6=00000000ffff0ff0 DR7=0000000000000400
CCS=00000044 CCD=00000000 CCO=EFLAGS
EFER=0000000000000000
Servicing hardware INT=0x20
    25: v=20 e=0000 i=0 cpl=0 IP=0008:000000000010b2a9 pc=000000000010b2a9 SP=0010:000000000013ccd8 env->regs[R_EAX]=0000000000000000
EAX=00000000 EBX=0011c2b0 ECX=00000018 EDX=000003d5
ESI=00000000 EDI=00000000 EBP=0013ccf0 ESP=0013ccd8
EIP=0010b2a9 EFL=00000246 [---Z-P-] CPL=0 II=0 A20=1 SMM=0 HLT=0
ES =0010 00000000 ffffffff 00cf9300 DPL=0 DS   [-WA]
CS =0008 00000000 ffffffff 00cf9a00 DPL=0 CS32 [-R-]
SS =0010 00000000 ffffffff 00cf9300 DPL=0 DS   [-WA]
DS =0010 00000000 ffffffff 00cf9300 DPL=0 DS   [-WA]
FS =0010 00000000 ffffffff 00cf9300 DPL=0 DS   [-WA]
GS =0010 00000000 ffffffff 00cf9300 DPL=0 DS   [-WA]
LDT=0000 00000000 0000ffff 00008200 DPL=0 LDT
TR =0028 00122cc0 00000067 00008900 DPL=0 TSS32-avl
GDT=     0011c274 0000002f
IDT=     0011ed20 000007ff
CR0=80000013 CR2=00000000 CR3=00400000 CR4=00000600
DR0=0000000000000000 DR1=0000000000000000 DR2=0000000000000000 DR3=0000000000000000 
DR6=00000000ffff0ff0 DR7=0000000000000400
CCS=00000044 CCD=00000000 CCO=EFLAGS
EFER=0000000000000000
Servicing hardware INT=0x20
    26: v=20 e=0000 i=0 cpl=0 IP=0008:000000000010b2a9 pc=000000000010b2a9 SP=0010:000000000013ccd8 env->regs[R_EAX]=0000000000000000
EAX=00000000 EBX=0011c2b0 ECX=00000018 EDX=000003d5
ESI=00000000 EDI=00000000 EBP=0013ccf0 ESP=0013ccd8
EIP=0010b2a9 EFL=00000246 [---Z-P-] CPL=0 II=0 A20=1 SMM=0 HLT=0
ES =0010 00000000 ffffffff 00cf9300 DPL=0 DS   [-WA]
CS =0008 00000000 ffffffff 00cf9a00 DPL=0 CS32 [-R-]
SS =0010 00000000 ffffffff 00cf9300 DPL=0 DS   [-WA]
DS =0010 00000000 ffffffff 00cf9300 DPL=0 DS   [-WA]
FS =0010 00000000 ffffffff 00cf9300 DPL=0 DS   [-WA]
GS =0010 00000000 ffffffff 00cf9300 DPL=0 DS   [-WA]
LDT=0000 00000000 0000ffff 00008200 DPL=0 LDT
TR =0028 00122cc0 00000067 00008900 DPL=0 TSS32-avl
GDT=     0011c274 0000002f
IDT=     0011ed20 000007ff
CR0=80000013 CR2=00000000 CR3=00400000 CR4=00000600
DR0=0000000000000000 DR1=0000000000000000 DR2=0000000000000000 DR3=0000000000000000 
DR6=00000000ffff0ff0 DR7=0000000000000400
CCS=00000044 CCD=00000000 CCO=EFLAGS
EFER=0000000000000000
Servicing hardware INT=0x21
    27: v=21 e=0000 i=0 cpl=0 IP=0008:000000000010b2a9 pc=000000000010b2a9 SP=0010:000000000013ccd8 env->regs[R_EAX]=0000000000000000
EAX=00000000 EBX=0011c2b0 ECX=00000018 EDX=000003d5
ESI=00000000 EDI=00000000 EBP=0013ccf0 ESP=0013ccd8
EIP=0010b2a9 EFL=00000246 [---Z-P-] CPL=0 II=0 A20=1 SMM=0 HLT=0
ES =0010 00000000 ffffffff 00cf9300 DPL=0 DS   [-WA]
CS =0008 00000000 ffffffff 00cf9a00 DPL=0 CS32 [-R-]
SS =0010 00000000 ffffffff 00cf9300 DPL=0 DS   [-WA]
DS =0010 00000000 ffffffff 00cf9300 DPL=0 DS   [-WA]
FS =0010 00000000 ffffffff 00cf9300 DPL=0 DS   [-WA]
GS =0010 00000000 ffffffff 00cf9300 DPL=0 DS   [-WA]
LDT=0000 00000000 0000ffff 00008200 DPL=0 LDT
TR =0028 00122cc0 00000067 00008900 DPL=0 TSS32-avl
GDT=     0011c274 0000002f
IDT=     0011ed20 000007ff
CR0=80000013 CR2=00000000 CR3=00400000 CR4=00000600
DR0=0000000000000000 DR1=0000000000000000 DR2=0000000000000000 DR3=0000000000000000 
DR6=00000000ffff0ff0 DR7=0000000000000400
CCS=00000044 CCD=00000000 CCO=EFLAGS
EFER=0000000000000000
Servicing hardware INT=0x20
    28: v=20 e=0000 i=0 cpl=0 IP=0008:000000000010101e pc=000000000010101e SP=0010:000000000013ca48 env->regs[R_EAX]=00000000000001d0
EAX=000001d0 EBX=0011c2b0 ECX=00000000 EDX=000001f7
ESI=00000000 EDI=00000000 EBP=0013ca5c ESP=0013ca48
EIP=0010101e EFL=00000212 [----A--] CPL=0 II=0 A20=1 SMM=0 HLT=0
ES =0010 00000000 ffffffff 00cf9300 DPL=0 DS   [-WA]
CS =0008 00000000 ffffffff 00cf9a00 DPL=0 CS32 [-R-]
SS =0010 00000000 ffffffff 00cf9300 DPL=0 DS   [-WA]
DS =0010 00000000 ffffffff 00cf9300 DPL=0 DS   [-WA]
FS =0010 00000000 ffffffff 00cf9300 DPL=0 DS   [-WA]
GS =0010 00000000 ffffffff 00cf9300 DPL=0 DS   [-WA]
LDT=0000 00000000 0000ffff 00008200 DPL=0 LDT
TR =0028 00122cc0 00000067 00008900 DPL=0 TSS32-avl
GDT=     0011c274 0000002f
IDT=     0011ed20 000007ff
CR0=80000013 CR2=00000000 CR3=00400000 CR4=00000600
DR0=0000000000000000 DR1=0000000000000000 DR2=0000000000000000 DR3=0000000000000000 
DR6=00000000ffff0ff0 DR7=0000000000000400
CCS=00000010 CCD=0011c2b0 CCO=EFLAGS
EFER=0000000000000000
Servicing hardware INT=0x20
    29: v=20 e=0000 i=0 cpl=0 IP=0008:0000000000101076 pc=0000000000101076 SP=0010:000000000013ca68 env->regs[R_EAX]=00000000000000e0
EAX=000000e0 EBX=0011c2b0 ECX=00000000 EDX=000001f6
ESI=00000000 EDI=00000000 EBP=0013ca70 ESP=0013ca68
EIP=00101076 EFL=00000212 [----A--] CPL=0 II=0 A20=1 SMM=0 HLT=0
ES =0010 00000000 ffffffff 00cf9300 DPL=0 DS   [-WA]
CS =0008 00000000 ffffffff 00cf9a00 DPL=0 CS32 [-R-]
SS =0010 00000000 ffffffff 00cf9300 DPL=0 DS   [-WA]
DS =0010 00000000 ffffffff 00cf9300 DPL=0 DS   [-WA]
FS =0010 00000000 ffffffff 00cf9300 DPL=0 DS   [-WA]
GS =0010 00000000 ffffffff 00cf9300 DPL=0 DS   [-WA]
LDT=0000 00000000 0000ffff 00008200 DPL=0 LDT
TR =0028 00122cc0 00000067 00008900 DPL=0 TSS32-avl
GDT=     0011c274 0000002f
IDT=     0011ed20 000007ff
CR0=80000013 CR2=00000000 CR3=00400000 CR4=00000600
DR0=0000000000000000 DR1=0000000000000000 DR2=0000000000000000 DR3=0000000000000000 
DR6=00000000ffff0ff0 DR7=0000000000000400
CCS=00000010 CCD=0011c2b0 CCO=EFLAGS
EFER=0000000000000000
Servicing hardware INT=0x20
    30: v=20 e=0000 i=0 cpl=0 IP=0008:000000000010139a pc=000000000010139a SP=0010:000000000013cbcc env->regs[R_EAX]=0000000000000158
EAX=00000158 EBX=0011c2b0 ECX=000009c8 EDX=00000177
ESI=00000000 EDI=00000000 EBP=0013cbe0 ESP=0013cbcc
EIP=0010139a EFL=00000212 [----A--] CPL=0 II=0 A20=1 SMM=0 HLT=0
ES =0010 00000000 ffffffff 00cf9300 DPL=0 DS   [-WA]
CS =0008 00000000 ffffffff 00cf9a00 DPL=0 CS32 [-R-]
SS =0010 00000000 ffffffff 00cf9300 DPL=0 DS   [-WA]
DS =0010 00000000 ffffffff 00cf9300 DPL=0 DS   [-WA]
FS =0010 00000000 ffffffff 00cf9300 DPL=0 DS   [-WA]
GS =0010 00000000 ffffffff 00cf9300 DPL=0 DS   [-WA]
LDT=0000 00000000 0000ffff 00008200 DPL=0 LDT
TR =0028 00122cc0 00000067 00008900 DPL=0 TSS32-avl
GDT=     0011c274 0000002f
IDT=     0011ed20 000007ff
CR0=80000013 CR2=00000000 CR3=00400000 CR4=00000600
DR0=0000000000000000 DR1=0000000000000000 DR2=0000000000000000 DR3=0000000000000000 
DR6=00000000ffff0ff0 DR7=0000000000000400
CCS=00000010 CCD=0011c2b0 CCO=EFLAGS
EFER=0000000000000000
Servicing hardware INT=0x20
    31: v=20 e=0000 i=0 cpl=0 IP=0008:000000000010101e pc=000000000010101e SP=0010:000000000013cc58 env->regs[R_EAX]=0000000000000150
EAX=00000150 EBX=0011c2b0 ECX=0000008f EDX=000001f7
ESI=00000000 EDI=00000000 EBP=0013cc6c ESP=0013cc58
EIP=0010101e EFL=00000212 [----A--] CPL=0 II=0 A20=1 SMM=0 HLT=0
ES =0010 00000000 ffffffff 00cf9300 DPL=0 DS   [-WA]
CS =0008 00000000 ffffffff 00cf9a00 DPL=0 CS32 [-R-]
SS =0010 00000000 ffffffff 00cf9300 DPL=0 DS   [-WA]
DS =0010 00000000 ffffffff 00cf9300 DPL=0 DS   [-WA]
FS =0010 00000000 ffffffff 00cf9300 DPL=0 DS   [-WA]
GS =0010 00000000 ffffffff 00cf9300 DPL=0 DS   [-WA]
LDT=0000 00000000 0000ffff 00008200 DPL=0 LDT
TR =0028 00122cc0 00000067 00008900 DPL=0 TSS32-avl
GDT=     0011c274 0000002f
IDT=     0011ed20 000007ff
CR0=80000013 CR2=00000000 CR3=00400000 CR4=00000600
DR0=0000000000000000 DR1=0000000000000000 DR2=0000000000000000 DR3=0000000000000000 
DR6=00000000ffff0ff0 DR7=0000000000000400
CCS=00000010 CCD=0011c2b0 CCO=EFLAGS
EFER=0000000000000000
Servicing hardware INT=0x21
    32: v=21 e=0000 i=0 cpl=0 IP=0008:000000000010101e pc=000000000010101e SP=0010:000000000013cc58 env->regs[R_EAX]=00000000000001d0
EAX=000001d0 EBX=0011c2b0 ECX=0000004e EDX=000001f7
ESI=00000000 EDI=00000000 EBP=0013cc6c ESP=0013cc58
EIP=0010101e EFL=00000212 [----A--] CPL=0 II=0 A20=1 SMM=0 HLT=0
ES =0010 00000000 ffffffff 00cf9300 DPL=0 DS   [-WA]
CS =0008 00000000 ffffffff 00cf9a00 DPL=0 CS32 [-R-]
SS =0010 00000000 ffffffff 00cf9300 DPL=0 DS   [-WA]
DS =0010 00000000 ffffffff 00cf9300 DPL=0 DS   [-WA]
FS =0010 00000000 ffffffff 00cf9300 DPL=0 DS   [-WA]
GS =0010 00000000 ffffffff 00cf9300 DPL=0 DS   [-WA]
LDT=0000 00000000 0000ffff 00008200 DPL=0 LDT
TR =0028 00122cc0 00000067 00008900 DPL=0 TSS32-avl
GDT=     0011c274 0000002f
IDT=     0011ed20 000007ff
CR0=80000013 CR2=00000000 CR3=00400000 CR4=00000600
DR0=0000000000000000 DR1=0000000000000000 DR2=0000000000000000 DR3=0000000000000000 
DR6=00000000ffff0ff0 DR7=0000000000000400
CCS=0001b2a5 CCD=0011c2b0 CCO=ADDL
EFER=0000000000000000
Servicing hardware INT=0x20
    33: v=20 e=0000 i=0 cpl=0 IP=0008:000000000010101e pc=000000000010101e SP=0010:000000000013cc58 env->regs[R_EAX]=0000000000000150
EAX=00000150 EBX=0011c2b0 ECX=000000fd EDX=000001f7
ESI=00000000 EDI=00000000 EBP=0013cc6c ESP=0013cc58
EIP=0010101e EFL=00000212 [----A--] CPL=0 II=0 A20=1 SMM=0 HLT=0
ES =0010 00000000 ffffffff 00cf9300 DPL=0 DS   [-WA]
CS =0008 00000000 ffffffff 00cf9a00 DPL=0 CS32 [-R-]
SS =0010 00000000 ffffffff 00cf9300 DPL=0 DS   [-WA]
DS =0010 00000000 ffffffff 00cf9300 DPL=0 DS   [-WA]
FS =0010 00000000 ffffffff 00cf9300 DPL=0 DS   [-WA]
GS =0010 00000000 ffffffff 00cf9300 DPL=0 DS   [-WA]
LDT=0000 00000000 0000ffff 00008200 DPL=0 LDT
TR =0028 00122cc0 00000067 00008900 DPL=0 TSS32-avl
GDT=     0011c274 0000002f
IDT=     0011ed20 000007ff
CR0=80000013 CR2=00000000 CR3=00400000 CR4=00000600
DR0=0000000000000000 DR1=0000000000000000 DR2=0000000000000000 DR3=0000000000000000 
DR6=00000000ffff0ff0 DR7=0000000000000400
CCS=00000010 CCD=0011c2b0 CCO=EFLAGS
EFER=0000000000000000
Servicing hardware INT=0x20
    34: v=20 e=0000 i=0 cpl=0 IP=0008:000000000010101e pc=000000000010101e SP=0010:000000000013cc58 env->regs[R_EAX]=0000000000000150
EAX=00000150 EBX=0011c2b0 ECX=000000a0 EDX=000001f7
ESI=00000000 EDI=00000000 EBP=0013cc6c ESP=0013cc58
EIP=0010101e EFL=00000212 [----A--] CPL=0 II=0 A20=1 SMM=0 HLT=0
ES =0010 00000000 ffffffff 00cf9300 DPL=0 DS   [-WA]
CS =0008 00000000 ffffffff 00cf9a00 DPL=0 CS32 [-R-]
SS =0010 00000000 ffffffff 00cf9300 DPL=0 DS   [-WA]
DS =0010 00000000 ffffffff 00cf9300 DPL=0 DS   [-WA]
FS =0010 00000000 ffffffff 00cf9300 DPL=0 DS   [-WA]
GS =0010 00000000 ffffffff 00cf9300 DPL=0 DS   [-WA]
LDT=0000 00000000 0000ffff 00008200 DPL=0 LDT
TR =0028 00122cc0 00000067 00008900 DPL=0 TSS32-avl
GDT=     0011c274 0000002f
IDT=     0011ed20 000007ff
CR0=80000013 CR2=00000000 CR3=00400000 CR4=00000600
DR0=0000000000000000 DR1=0000000000000000 DR2=0000000000000000 DR3=0000000000000000 
DR6=00000000ffff0ff0 DR7=0000000000000400
CCS=00000010 CCD=0011c2b0 CCO=EFLAGS
EFER=0000000000000000
Servicing hardware INT=0x20
    35: v=20 e=0000 i=0 cpl=0 IP=0008:000000000010139a pc=000000000010139a SP=0010:000000000013cbdc env->regs[R_EAX]=00000000000001d0
EAX=000001d0 EBX=0011c2b0 ECX=00000983 EDX=00000177
ESI=00000000 EDI=00000000 EBP=0013cbf0 ESP=0013cbdc
EIP=0010139a EFL=00000212 [----A--] CPL=0 II=0 A20=1 SMM=0 HLT=0
ES =0010 00000000 ffffffff 00cf9300 DPL=0 DS   [-WA]
CS =0008 00000000 ffffffff 00cf9a00 DPL=0 CS32 [-R-]
SS =0010 00000000 ffffffff 00cf9300 DPL=0 DS   [-WA]
DS =0010 00000000 ffffffff 00cf9300 DPL=0 DS   [-WA]
FS =0010 00000000 ffffffff 00cf9300 DPL=0 DS   [-WA]
GS =0010 00000000 ffffffff 00cf9300 DPL=0 DS   [-WA]
LDT=0000 00000000 0000ffff 00008200 DPL=0 LDT
TR =0028 00122cc0 00000067 00008900 DPL=0 TSS32-avl
GDT=     0011c274 0000002f
IDT=     0011ed20 000007ff
CR0=80000013 CR2=00000000 CR3=00400000 CR4=00000600
DR0=0000000000000000 DR1=0000000000000000 DR2=0000000000000000 DR3=0000000000000000 
DR6=00000000ffff0ff0 DR7=0000000000000400
CCS=00000010 CCD=0011c2b0 CCO=EFLAGS
EFER=0000000000000000
Servicing hardware INT=0x20
    36: v=20 e=0000 i=0 cpl=0 IP=0008:000000000010101e pc=000000000010101e SP=0010:000000000013c478 env->regs[R_EAX]=00000000000001d0
EAX=000001d0 EBX=0011c2b0 ECX=000000ca EDX=000001f7
ESI=00000000 EDI=00000000 EBP=0013c48c ESP=0013c478
EIP=0010101e EFL=00000212 [----A--] CPL=0 II=0 A20=1 SMM=0 HLT=0
ES =0010 00000000 ffffffff 00cf9300 DPL=0 DS   [-WA]
CS =0008 00000000 ffffffff 00cf9a00 DPL=0 CS32 [-R-]
SS =0010 00000000 ffffffff 00cf9300 DPL=0 DS   [-WA]
DS =0010 00000000 ffffffff 00cf9300 DPL=0 DS   [-WA]
FS =0010 00000000 ffffffff 00cf9300 DPL=0 DS   [-WA]
GS =0010 00000000 ffffffff 00cf9300 DPL=0 DS   [-WA]
LDT=0000 00000000 0000ffff 00008200 DPL=0 LDT
TR =0028 00122cc0 00000067 00008900 DPL=0 TSS32-avl
GDT=     0011c274 0000002f
IDT=     0011ed20 000007ff
CR0=80000013 CR2=00000000 CR3=00400000 CR4=00000600
DR0=0000000000000000 DR1=0000000000000000 DR2=0000000000000000 DR3=0000000000000000 
DR6=00000000ffff0ff0 DR7=0000000000000400
CCS=00000010 CCD=0011c2b0 CCO=EFLAGS
EFER=0000000000000000
Servicing hardware INT=0x20
    37: v=20 e=0000 i=0 cpl=0 IP=0008:000000000010101e pc=000000000010101e SP=0010:000000000013c478 env->regs[R_EAX]=00000000000001d0
EAX=000001d0 EBX=0011c2b0 ECX=00000000 EDX=000001f7
ESI=00000000 EDI=00000000 EBP=0013c48c ESP=0013c478
EIP=0010101e EFL=00000212 [----A--] CPL=0 II=0 A20=1 SMM=0 HLT=0
ES =0010 00000000 ffffffff 00cf9300 DPL=0 DS   [-WA]
CS =0008 00000000 ffffffff 00cf9a00 DPL=0 CS32 [-R-]
SS =0010 00000000 ffffffff 00cf9300 DPL=0 DS   [-WA]
DS =0010 00000000 ffffffff 00cf9300 DPL=0 DS   [-WA]
FS =0010 00000000 ffffffff 00cf9300 DPL=0 DS   [-WA]
GS =0010 00000000 ffffffff 00cf9300 DPL=0 DS   [-WA]
LDT=0000 00000000 0000ffff 00008200 DPL=0 LDT
TR =0028 00122cc0 00000067 00008900 DPL=0 TSS32-avl
GDT=     0011c274 0000002f
IDT=     0011ed20 000007ff
CR0=80000013 CR2=00000000 CR3=00400000 CR4=00000600
DR0=0000000000000000 DR1=0000000000000000 DR2=0000000000000000 DR3=0000000000000000 
DR6=00000000ffff0ff0 DR7=0000000000000400
CCS=00000010 CCD=0011c2b0 CCO=EFLAGS
EFER=0000000000000000
Servicing hardware INT=0x20
    38: v=20 e=0000 i=0 cpl=0 IP=0008:000000000010101e pc=000000000010101e SP=0010:000000000013bff8 env->regs[R_EAX]=0000000000000158
EAX=00000158 EBX=0011c2b0 ECX=00000200 EDX=000001f7
ESI=00000200 EDI=00000000 EBP=0013c00c ESP=0013bff8
EIP=0010101e EFL=00000212 [----A--] CPL=0 II=0 A20=1 SMM=0 HLT=0
ES =0010 00000000 ffffffff 00cf9300 DPL=0 DS   [-WA]
CS =0008 00000000 ffffffff 00cf9a00 DPL=0 CS32 [-R-]
SS =0010 00000000 ffffffff 00cf9300 DPL=0 DS   [-WA]
DS =0010 00000000 ffffffff 00cf9300 DPL=0 DS   [-WA]
FS =0010 00000000 ffffffff 00cf9300 DPL=0 DS   [-WA]
GS =0010 00000000 ffffffff 00cf9300 DPL=0 DS   [-WA]
LDT=0000 00000000 0000ffff 00008200 DPL=0 LDT
TR =0028 00122cc0 00000067 00008900 DPL=0 TSS32-avl
GDT=     0011c274 0000002f
IDT=     0011ed20 000007ff
CR0=80000013 CR2=00000000 CR3=00400000 CR4=00000600
DR0=0000000000000000 DR1=0000000000000000 DR2=0000000000000000 DR3=0000000000000000 
DR6=00000000ffff0ff0 DR7=0000000000000400
CCS=00000010 CCD=0011c2b0 CCO=EFLAGS
EFER=0000000000000000
Servicing hardware INT=0x20
    39: v=20 e=0000 i=0 cpl=0 IP=0008:00000000001013c2 pc=00000000001013c2 SP=0010:000000000013c7d8 env->regs[R_EAX]=000000000000ff00
EAX=0000ff00 EBX=0011c2b0 ECX=0000004a EDX=00000170
ESI=00000800 EDI=00000000 EBP=0013c7ec ESP=0013c7d8
EIP=001013c2 EFL=00000212 [----A--] CPL=0 II=0 A20=1 SMM=0 HLT=0
ES =0010 00000000 ffffffff 00cf9300 DPL=0 DS   [-WA]
CS =0008 00000000 ffffffff 00cf9a00 DPL=0 CS32 [-R-]
SS =0010 00000000 ffffffff 00cf9300 DPL=0 DS   [-WA]
DS =0010 00000000 ffffffff 00cf9300 DPL=0 DS   [-WA]
FS =0010 00000000 ffffffff 00cf9300 DPL=0 DS   [-WA]
GS =0010 00000000 ffffffff 00cf9300 DPL=0 DS   [-WA]
LDT=0000 00000000 0000ffff 00008200 DPL=0 LDT
TR =0028 00122cc0 00000067 00008900 DPL=0 TSS32-avl
GDT=     0011c274 0000002f
IDT=     0011ed20 000007ff
CR0=80000013 CR2=00000000 CR3=00400000 CR4=00000600
DR0=0000000000000000 DR1=0000000000000000 DR2=0000000000000000 DR3=0000000000000000 
DR6=00000000ffff0ff0 DR7=0000000000000400
CCS=00000010 CCD=0011c2b0 CCO=EFLAGS
EFER=0000000000000000
Servicing hardware INT=0x20
    40: v=20 e=0000 i=0 cpl=0 IP=0008:000000000010139a pc=000000000010139a SP=0010:000000000013c7bc env->regs[R_EAX]=00000000000001d0
EAX=000001d0 EBX=0011c2b0 ECX=00000a72 EDX=00000177
ESI=00300036 EDI=00000000 EBP=0013c7d0 ESP=0013c7bc
EIP=0010139a EFL=00000212 [----A--] CPL=0 II=0 A20=1 SMM=0 HLT=0
ES =0010 00000000 ffffffff 00cf9300 DPL=0 DS   [-WA]
CS =0008 00000000 ffffffff 00cf9a00 DPL=0 CS32 [-R-]
SS =0010 00000000 ffffffff 00cf9300 DPL=0 DS   [-WA]
DS =0010 00000000 ffffffff 00cf9300 DPL=0 DS   [-WA]
FS =0010 00000000 ffffffff 00cf9300 DPL=0 DS   [-WA]
GS =0010 00000000 ffffffff 00cf9300 DPL=0 DS   [-WA]
LDT=0000 00000000 0000ffff 00008200 DPL=0 LDT
TR =0028 00122cc0 00000067 00008900 DPL=0 TSS32-avl
GDT=     0011c274 0000002f
IDT=     0011ed20 000007ff
CR0=80000013 CR2=00000000 CR3=00400000 CR4=00000600
DR0=0000000000000000 DR1=0000000000000000 DR2=0000000000000000 DR3=0000000000000000 
DR6=00000000ffff0ff0 DR7=0000000000000400
CCS=00000010 CCD=0011c2b0 CCO=EFLAGS
EFER=0000000000000000
Servicing hardware INT=0x20
    41: v=20 e=0000 i=0 cpl=0 IP=0008:000000000010139a pc=000000000010139a SP=0010:000000000013c7bc env->regs[R_EAX]=00000000000001d0
EAX=000001d0 EBX=0011c2b0 ECX=00000a72 EDX=00000177
ESI=00300036 EDI=00000000 EBP=0013c7d0 ESP=0013c7bc
EIP=0010139a EFL=00000212 [----A--] CPL=0 II=0 A20=1 SMM=0 HLT=0
ES =0010 00000000 ffffffff 00cf9300 DPL=0 DS   [-WA]
CS =0008 00000000 ffffffff 00cf9a00 DPL=0 CS32 [-R-]
SS =0010 00000000 ffffffff 00cf9300 DPL=0 DS   [-WA]
DS =0010 00000000 ffffffff 00cf9300 DPL=0 DS   [-WA]
FS =0010 00000000 ffffffff 00cf9300 DPL=0 DS   [-WA]
GS =0010 00000000 ffffffff 00cf9300 DPL=0 DS   [-WA]
LDT=0000 00000000 0000ffff 00008200 DPL=0 LDT
TR =0028 00122cc0 00000067 00008900 DPL=0 TSS32-avl
GDT=     0011c274 0000002f
IDT=     0011ed20 000007ff
CR0=80000013 CR2=00000000 CR3=00400000 CR4=00000600
DR0=0000000000000000 DR1=0000000000000000 DR2=0000000000000000 DR3=0000000000000000 
DR6=00000000ffff0ff0 DR7=0000000000000400
CCS=00000010 CCD=0011c2b0 CCO=EFLAGS
EFER=0000000000000000
Servicing hardware INT=0x20
    42: v=20 e=0000 i=0 cpl=0 IP=0008:000000000010139a pc=000000000010139a SP=0010:000000000013c7bc env->regs[R_EAX]=00000000000001d0
EAX=000001d0 EBX=0011c2b0 ECX=00000a72 EDX=00000177
ESI=00300036 EDI=00000000 EBP=0013c7d0 ESP=0013c7bc
EIP=0010139a EFL=00000212 [----A--] CPL=0 II=0 A20=1 SMM=0 HLT=0
ES =0010 00000000 ffffffff 00cf9300 DPL=0 DS   [-WA]
CS =0008 00000000 ffffffff 00cf9a00 DPL=0 CS32 [-R-]
SS =0010 00000000 ffffffff 00cf9300 DPL=0 DS   [-WA]
DS =0010 00000000 ffffffff 00cf9300 DPL=0 DS   [-WA]
FS =0010 00000000 ffffffff 00cf9300 DPL=0 DS   [-WA]
GS =0010 00000000 ffffffff 00cf9300 DPL=0 DS   [-WA]
LDT=0000 00000000 0000ffff 00008200 DPL=0 LDT
TR =0028 00122cc0 00000067 00008900 DPL=0 TSS32-avl
GDT=     0011c274 0000002f
IDT=     0011ed20 000007ff
CR0=80000013 CR2=00000000 CR3=00400000 CR4=00000600
DR0=0000000000000000 DR1=0000000000000000 DR2=0000000000000000 DR3=0000000000000000 
DR6=00000000ffff0ff0 DR7=0000000000000400
CCS=00000010 CCD=0011c2b0 CCO=EFLAGS
EFER=0000000000000000
Servicing hardware INT=0x20
    43: v=20 e=0000 i=0 cpl=0 IP=0008:00000000001013c2 pc=00000000001013c2 SP=0010:000000000013c7d8 env->regs[R_EAX]=000000000000ff00
EAX=0000ff00 EBX=0011c2b0 ECX=0000004a EDX=00000170
ESI=00000800 EDI=00000000 EBP=0013c7ec ESP=0013c7d8
EIP=001013c2 EFL=00000212 [----A--] CPL=0 II=0 A20=1 SMM=0 HLT=0
ES =0010 00000000 ffffffff 00cf9300 DPL=0 DS   [-WA]
CS =0008 00000000 ffffffff 00cf9a00 DPL=0 CS32 [-R-]
SS =0010 00000000 ffffffff 00cf9300 DPL=0 DS   [-WA]
DS =0010 00000000 ffffffff 00cf9300 DPL=0 DS   [-WA]
FS =0010 00000000 ffffffff 00cf9300 DPL=0 DS   [-WA]
GS =0010 00000000 ffffffff 00cf9300 DPL=0 DS   [-WA]
LDT=0000 00000000 0000ffff 00008200 DPL=0 LDT
TR =0028 00122cc0 00000067 00008900 DPL=0 TSS32-avl
GDT=     0011c274 0000002f
IDT=     0011ed20 000007ff
CR0=80000013 CR2=00000000 CR3=00400000 CR4=00000600
DR0=0000000000000000 DR1=0000000000000000 DR2=0000000000000000 DR3=0000000000000000 
DR6=00000000ffff0ff0 DR7=0000000000000400
CCS=00000010 CCD=0011c2b0 CCO=EFLAGS
EFER=0000000000000000
Servicing hardware INT=0x20
    44: v=20 e=0000 i=0 cpl=0 IP=0008:000000000010139a pc=000000000010139a SP=0010:000000000013c7bc env->regs[R_EAX]=0000000000000158
EAX=00000158 EBX=0011c2b0 ECX=00000a72 EDX=00000177
ESI=00300036 EDI=00000000 EBP=0013c7d0 ESP=0013c7bc
EIP=0010139a EFL=00000212 [----A--] CPL=0 II=0 A20=1 SMM=0 HLT=0
ES =0010 00000000 ffffffff 00cf9300 DPL=0 DS   [-WA]
CS =0008 00000000 ffffffff 00cf9a00 DPL=0 CS32 [-R-]
SS =0010 00000000 ffffffff 00cf9300 DPL=0 DS   [-WA]
DS =0010 00000000 ffffffff 00cf9300 DPL=0 DS   [-WA]
FS =0010 00000000 ffffffff 00cf9300 DPL=0 DS   [-WA]
GS =0010 00000000 ffffffff 00cf9300 DPL=0 DS   [-WA]
LDT=0000 00000000 0000ffff 00008200 DPL=0 LDT
TR =0028 00122cc0 00000067 00008900 DPL=0 TSS32-avl
GDT=     0011c274 0000002f
IDT=     0011ed20 000007ff
CR0=80000013 CR2=00000000 CR3=00400000 CR4=00000600
DR0=0000000000000000 DR1=0000000000000000 DR2=0000000000000000 DR3=0000000000000000 
DR6=00000000ffff0ff0 DR7=0000000000000400
CCS=00000010 CCD=0011c2b0 CCO=EFLAGS
EFER=0000000000000000
Servicing hardware INT=0x20
    45: v=20 e=0000 i=0 cpl=0 IP=0008:000000000010139a pc=000000000010139a SP=0010:000000000013c7bc env->regs[R_EAX]=00000000000001d0
EAX=000001d0 EBX=0011c2b0 ECX=00000a72 EDX=00000177
ESI=00300036 EDI=00000000 EBP=0013c7d0 ESP=0013c7bc
EIP=0010139a EFL=00000212 [----A--] CPL=0 II=0 A20=1 SMM=0 HLT=0
ES =0010 00000000 ffffffff 00cf9300 DPL=0 DS   [-WA]
CS =0008 00000000 ffffffff 00cf9a00 DPL=0 CS32 [-R-]
SS =0010 00000000 ffffffff 00cf9300 DPL=0 DS   [-WA]
DS =0010 00000000 ffffffff 00cf9300 DPL=0 DS   [-WA]
FS =0010 00000000 ffffffff 00cf9300 DPL=0 DS   [-WA]
GS =0010 00000000 ffffffff 00cf9300 DPL=0 DS   [-WA]
LDT=0000 00000000 0000ffff 00008200 DPL=0 LDT
TR =0028 00122cc0 00000067 00008900 DPL=0 TSS32-avl
GDT=     0011c274 0000002f
IDT=     0011ed20 000007ff
CR0=80000013 CR2=00000000 CR3=00400000 CR4=00000600
DR0=0000000000000000 DR1=0000000000000000 DR2=0000000000000000 DR3=0000000000000000 
DR6=00000000ffff0ff0 DR7=0000000000000400
CCS=00000010 CCD=0011c2b0 CCO=EFLAGS
EFER=0000000000000000
Servicing hardware INT=0x20
    46: v=20 e=0000 i=0 cpl=0 IP=0008:000000000010139a pc=000000000010139a SP=0010:000000000013c7bc env->regs[R_EAX]=00000000000001d0
EAX=000001d0 EBX=0011c2b0 ECX=00000a72 EDX=00000177
ESI=00300036 EDI=00000000 EBP=0013c7d0 ESP=0013c7bc
EIP=0010139a EFL=00000212 [----A--] CPL=0 II=0 A20=1 SMM=0 HLT=0
ES =0010 00000000 ffffffff 00cf9300 DPL=0 DS   [-WA]
CS =0008 00000000 ffffffff 00cf9a00 DPL=0 CS32 [-R-]
SS =0010 00000000 ffffffff 00cf9300 DPL=0 DS   [-WA]
DS =0010 00000000 ffffffff 00cf9300 DPL=0 DS   [-WA]
FS =0010 00000000 ffffffff 00cf9300 DPL=0 DS   [-WA]
GS =0010 00000000 ffffffff 00cf9300 DPL=0 DS   [-WA]
LDT=0000 00000000 0000ffff 00008200 DPL=0 LDT
TR =0028 00122cc0 00000067 00008900 DPL=0 TSS32-avl
GDT=     0011c274 0000002f
IDT=     0011ed20 000007ff
CR0=80000013 CR2=00000000 CR3=00400000 CR4=00000600
DR0=0000000000000000 DR1=0000000000000000 DR2=0000000000000000 DR3=0000000000000000 
DR6=00000000ffff0ff0 DR7=0000000000000400
CCS=00000010 CCD=0011c2b0 CCO=EFLAGS
EFER=0000000000000000
Servicing hardware INT=0x20
    47: v=20 e=0000 i=0 cpl=0 IP=0008:00000000001013c2 pc=00000000001013c2 SP=0010:000000000013c7d8 env->regs[R_EAX]=0000000000004eb5
EAX=00004eb5 EBX=0011c2b0 ECX=000000ff EDX=00000170
ESI=00000800 EDI=00000000 EBP=0013c7ec ESP=0013c7d8
EIP=001013c2 EFL=00000212 [----A--] CPL=0 II=0 A20=1 SMM=0 HLT=0
ES =0010 00000000 ffffffff 00cf9300 DPL=0 DS   [-WA]
CS =0008 00000000 ffffffff 00cf9a00 DPL=0 CS32 [-R-]
SS =0010 00000000 ffffffff 00cf9300 DPL=0 DS   [-WA]
DS =0010 00000000 ffffffff 00cf9300 DPL=0 DS   [-WA]
FS =0010 00000000 ffffffff 00cf9300 DPL=0 DS   [-WA]
GS =0010 00000000 ffffffff 00cf9300 DPL=0 DS   [-WA]
LDT=0000 00000000 0000ffff 00008200 DPL=0 LDT
TR =0028 00122cc0 00000067 00008900 DPL=0 TSS32-avl
GDT=     0011c274 0000002f
IDT=     0011ed20 000007ff
CR0=80000013 CR2=00000000 CR3=00400000 CR4=00000600
DR0=0000000000000000 DR1=0000000000000000 DR2=0000000000000000 DR3=0000000000000000 
DR6=00000000ffff0ff0 DR7=0000000000000400
CCS=00000010 CCD=0011c2b0 CCO=EFLAGS
EFER=0000000000000000
Servicing hardware INT=0x20
    48: v=20 e=0000 i=0 cpl=0 IP=0008:00000000001013c2 pc=00000000001013c2 SP=0010:000000000013c7d8 env->regs[R_EAX]=0000000000004eb5
EAX=00004eb5 EBX=0011c2b0 ECX=000000ff EDX=00000170
ESI=00000800 EDI=00000000 EBP=0013c7ec ESP=0013c7d8
EIP=001013c2 EFL=00000212 [----A--] CPL=0 II=0 A20=1 SMM=0 HLT=0
ES =0010 00000000 ffffffff 00cf9300 DPL=0 DS   [-WA]
CS =0008 00000000 ffffffff 00cf9a00 DPL=0 CS32 [-R-]
SS =0010 00000000 ffffffff 00cf9300 DPL=0 DS   [-WA]
DS =0010 00000000 ffffffff 00cf9300 DPL=0 DS   [-WA]
FS =0010 00000000 ffffffff 00cf9300 DPL=0 DS   [-WA]
GS =0010 00000000 ffffffff 00cf9300 DPL=0 DS   [-WA]
LDT=0000 00000000 0000ffff 00008200 DPL=0 LDT
TR =0028 00122cc0 00000067 00008900 DPL=0 TSS32-avl
GDT=     0011c274 0000002f
IDT=     0011ed20 000007ff
CR0=80000013 CR2=00000000 CR3=00400000 CR4=00000600
DR0=0000000000000000 DR1=0000000000000000 DR2=0000000000000000 DR3=0000000000000000 
DR6=00000000ffff0ff0 DR7=0000000000000400
CCS=00000010 CCD=0011c2b0 CCO=EFLAGS
EFER=0000000000000000
Servicing hardware INT=0x20
    49: v=20 e=0000 i=0 cpl=0 IP=0008:00000000001013c2 pc=00000000001013c2 SP=0010:000000000013c7d8 env->regs[R_EAX]=000000000000ff00
EAX=0000ff00 EBX=0011c2b0 ECX=0000004e EDX=00000170
ESI=00000800 EDI=00000000 EBP=0013c7ec ESP=0013c7d8
EIP=001013c2 EFL=00000212 [----A--] CPL=0 II=0 A20=1 SMM=0 HLT=0
ES =0010 00000000 ffffffff 00cf9300 DPL=0 DS   [-WA]
CS =0008 00000000 ffffffff 00cf9a00 DPL=0 CS32 [-R-]
SS =0010 00000000 ffffffff 00cf9300 DPL=0 DS   [-WA]
DS =0010 00000000 ffffffff 00cf9300 DPL=0 DS   [-WA]
FS =0010 00000000 ffffffff 00cf9300 DPL=0 DS   [-WA]
GS =0010 00000000 ffffffff 00cf9300 DPL=0 DS   [-WA]
LDT=0000 00000000 0000ffff 00008200 DPL=0 LDT
TR =0028 00122cc0 00000067 00008900 DPL=0 TSS32-avl
GDT=     0011c274 0000002f
IDT=     0011ed20 000007ff
CR0=80000013 CR2=00000000 CR3=00400000 CR4=00000600
DR0=0000000000000000 DR1=0000000000000000 DR2=0000000000000000 DR3=0000000000000000 
DR6=00000000ffff0ff0 DR7=0000000000000400
CCS=00000010 CCD=0011c2b0 CCO=EFLAGS
EFER=0000000000000000
Servicing hardware INT=0x20
    50: v=20 e=0000 i=0 cpl=0 IP=0008:000000000010139a pc=000000000010139a SP=0010:000000000013c7bc env->regs[R_EAX]=0000000000000158
EAX=00000158 EBX=0011c2b0 ECX=00000a72 EDX=00000177
ESI=00300036 EDI=00000000 EBP=0013c7d0 ESP=0013c7bc
EIP=0010139a EFL=00000212 [----A--] CPL=0 II=0 A20=1 SMM=0 HLT=0
ES =0010 00000000 ffffffff 00cf9300 DPL=0 DS   [-WA]
CS =0008 00000000 ffffffff 00cf9a00 DPL=0 CS32 [-R-]
SS =0010 00000000 ffffffff 00cf9300 DPL=0 DS   [-WA]
DS =0010 00000000 ffffffff 00cf9300 DPL=0 DS   [-WA]
FS =0010 00000000 ffffffff 00cf9300 DPL=0 DS   [-WA]
GS =0010 00000000 ffffffff 00cf9300 DPL=0 DS   [-WA]
LDT=0000 00000000 0000ffff 00008200 DPL=0 LDT
TR =0028 00122cc0 00000067 00008900 DPL=0 TSS32-avl
GDT=     0011c274 0000002f
IDT=     0011ed20 000007ff
CR0=80000013 CR2=00000000 CR3=00400000 CR4=00000600
DR0=0000000000000000 DR1=0000000000000000 DR2=0000000000000000 DR3=0000000000000000 
DR6=00000000ffff0ff0 DR7=0000000000000400
CCS=00000010 CCD=0011c2b0 CCO=EFLAGS
EFER=0000000000000000
Servicing hardware INT=0x20
    51: v=20 e=0000 i=0 cpl=0 IP=0008:000000000010101e pc=000000000010101e SP=0010:000000000013bfe8 env->regs[R_EAX]=00000000000001d0
EAX=000001d0 EBX=0011c2b0 ECX=00000200 EDX=000001f7
ESI=00000200 EDI=00000000 EBP=0013bffc ESP=0013bfe8
EIP=0010101e EFL=00000212 [----A--] CPL=0 II=0 A20=1 SMM=0 HLT=0
ES =0010 00000000 ffffffff 00cf9300 DPL=0 DS   [-WA]
CS =0008 00000000 ffffffff 00cf9a00 DPL=0 CS32 [-R-]
SS =0010 00000000 ffffffff 00cf9300 DPL=0 DS   [-WA]
DS =0010 00000000 ffffffff 00cf9300 DPL=0 DS   [-WA]
FS =0010 00000000 ffffffff 00cf9300 DPL=0 DS   [-WA]
GS =0010 00000000 ffffffff 00cf9300 DPL=0 DS   [-WA]
LDT=0000 00000000 0000ffff 00008200 DPL=0 LDT
TR =0028 00122cc0 00000067 00008900 DPL=0 TSS32-avl
GDT=     0011c274 0000002f
IDT=     0011ed20 000007ff
CR0=80000013 CR2=00000000 CR3=00400000 CR4=00000600
DR0=0000000000000000 DR1=0000000000000000 DR2=0000000000000000 DR3=0000000000000000 
DR6=00000000ffff0ff0 DR7=0000000000000400
CCS=00000010 CCD=0011c2b0 CCO=EFLAGS
EFER=0000000000000000
Servicing hardware INT=0x20
    52: v=20 e=0000 i=0 cpl=0 IP=0008:000000000010101e pc=000000000010101e SP=0010:000000000013c028 env->regs[R_EAX]=00000000000001d0
EAX=000001d0 EBX=0011c2b0 ECX=00000200 EDX=000001f7
ESI=00000200 EDI=00000000 EBP=0013c03c ESP=0013c028
EIP=0010101e EFL=00000212 [----A--] CPL=0 II=0 A20=1 SMM=0 HLT=0
ES =0010 00000000 ffffffff 00cf9300 DPL=0 DS   [-WA]
CS =0008 00000000 ffffffff 00cf9a00 DPL=0 CS32 [-R-]
SS =0010 00000000 ffffffff 00cf9300 DPL=0 DS   [-WA]
DS =0010 00000000 ffffffff 00cf9300 DPL=0 DS   [-WA]
FS =0010 00000000 ffffffff 00cf9300 DPL=0 DS   [-WA]
GS =0010 00000000 ffffffff 00cf9300 DPL=0 DS   [-WA]
LDT=0000 00000000 0000ffff 00008200 DPL=0 LDT
TR =0028 00122cc0 00000067 00008900 DPL=0 TSS32-avl
GDT=     0011c274 0000002f
IDT=     0011ed20 000007ff
CR0=80000013 CR2=00000000 CR3=00400000 CR4=00000600
DR0=0000000000000000 DR1=0000000000000000 DR2=0000000000000000 DR3=0000000000000000 
DR6=00000000ffff0ff0 DR7=0000000000000400
CCS=00000010 CCD=0011c2b0 CCO=EFLAGS
EFER=0000000000000000
Servicing hardware INT=0x20
    53: v=20 e=0000 i=0 cpl=0 IP=0008:000000000010101e pc=000000000010101e SP=0010:000000000013bfe8 env->regs[R_EAX]=00000000000001d0
EAX=000001d0 EBX=0011c2b0 ECX=00000200 EDX=000001f7
ESI=00000200 EDI=00000000 EBP=0013bffc ESP=0013bfe8
EIP=0010101e EFL=00000212 [----A--] CPL=0 II=0 A20=1 SMM=0 HLT=0
ES =0010 00000000 ffffffff 00cf9300 DPL=0 DS   [-WA]
CS =0008 00000000 ffffffff 00cf9a00 DPL=0 CS32 [-R-]
SS =0010 00000000 ffffffff 00cf9300 DPL=0 DS   [-WA]
DS =0010 00000000 ffffffff 00cf9300 DPL=0 DS   [-WA]
FS =0010 00000000 ffffffff 00cf9300 DPL=0 DS   [-WA]
GS =0010 00000000 ffffffff 00cf9300 DPL=0 DS   [-WA]
LDT=0000 00000000 0000ffff 00008200 DPL=0 LDT
TR =0028 00122cc0 00000067 00008900 DPL=0 TSS32-avl
GDT=     0011c274 0000002f
IDT=     0011ed20 000007ff
CR0=80000013 CR2=00000000 CR3=00400000 CR4=00000600
DR0=0000000000000000 DR1=0000000000000000 DR2=0000000000000000 DR3=0000000000000000 
DR6=00000000ffff0ff0 DR7=0000000000000400
CCS=00000010 CCD=0011c2b0 CCO=EFLAGS
EFER=0000000000000000
Servicing hardware INT=0x20
    54: v=20 e=0000 i=0 cpl=0 IP=0008:000000000010101e pc=000000000010101e SP=0010:000000000013c028 env->regs[R_EAX]=00000000000001d0
EAX=000001d0 EBX=0011c2b0 ECX=00000200 EDX=000001f7
ESI=00000200 EDI=00000000 EBP=0013c03c ESP=0013c028
EIP=0010101e EFL=00000212 [----A--] CPL=0 II=0 A20=1 SMM=0 HLT=0
ES =0010 00000000 ffffffff 00cf9300 DPL=0 DS   [-WA]
CS =0008 00000000 ffffffff 00cf9a00 DPL=0 CS32 [-R-]
SS =0010 00000000 ffffffff 00cf9300 DPL=0 DS   [-WA]
DS =0010 00000000 ffffffff 00cf9300 DPL=0 DS   [-WA]
FS =0010 00000000 ffffffff 00cf9300 DPL=0 DS   [-WA]
GS =0010 00000000 ffffffff 00cf9300 DPL=0 DS   [-WA]
LDT=0000 00000000 0000ffff 00008200 DPL=0 LDT
TR =0028 00122cc0 00000067 00008900 DPL=0 TSS32-avl
GDT=     0011c274 0000002f
IDT=     0011ed20 000007ff
CR0=80000013 CR2=00000000 CR3=00400000 CR4=00000600
DR0=0000000000000000 DR1=0000000000000000 DR2=0000000000000000 DR3=0000000000000000 
DR6=00000000ffff0ff0 DR7=0000000000000400
CCS=00000010 CCD=0011c2b0 CCO=EFLAGS
EFER=0000000000000000
Servicing hardware INT=0x20
    55: v=20 e=0000 i=0 cpl=0 IP=0008:000000000010101e pc=000000000010101e SP=0010:000000000013bfe8 env->regs[R_EAX]=00000000000001d0
EAX=000001d0 EBX=0011c2b0 ECX=00000000 EDX=000001f7
ESI=0fffffff EDI=00000000 EBP=0013bffc ESP=0013bfe8
EIP=0010101e EFL=00000212 [----A--] CPL=0 II=0 A20=1 SMM=0 HLT=0
ES =0010 00000000 ffffffff 00cf9300 DPL=0 DS   [-WA]
CS =0008 00000000 ffffffff 00cf9a00 DPL=0 CS32 [-R-]
SS =0010 00000000 ffffffff 00cf9300 DPL=0 DS   [-WA]
DS =0010 00000000 ffffffff 00cf9300 DPL=0 DS   [-WA]
FS =0010 00000000 ffffffff 00cf9300 DPL=0 DS   [-WA]
GS =0010 00000000 ffffffff 00cf9300 DPL=0 DS   [-WA]
LDT=0000 00000000 0000ffff 00008200 DPL=0 LDT
TR =0028 00122cc0 00000067 00008900 DPL=0 TSS32-avl
GDT=     0011c274 0000002f
IDT=     0011ed20 000007ff
CR0=80000013 CR2=00000000 CR3=00400000 CR4=00000600
DR0=0000000000000000 DR1=0000000000000000 DR2=0000000000000000 DR3=0000000000000000 
DR6=00000000ffff0ff0 DR7=0000000000000400
CCS=00000010 CCD=0011c2b0 CCO=EFLAGS
EFER=0000000000000000
Servicing hardware INT=0x20
    56: v=20 e=0000 i=0 cpl=0 IP=0008:000000000010101e pc=000000000010101e SP=0010:000000000013bfe8 env->regs[R_EAX]=0000000000000150
EAX=00000150 EBX=0011c2b0 ECX=00000000 EDX=000001f7
ESI=0fffffff EDI=00000000 EBP=0013bffc ESP=0013bfe8
EIP=0010101e EFL=00000212 [----A--] CPL=0 II=0 A20=1 SMM=0 HLT=0
ES =0010 00000000 ffffffff 00cf9300 DPL=0 DS   [-WA]
CS =0008 00000000 ffffffff 00cf9a00 DPL=0 CS32 [-R-]
SS =0010 00000000 ffffffff 00cf9300 DPL=0 DS   [-WA]
DS =0010 00000000 ffffffff 00cf9300 DPL=0 DS   [-WA]
FS =0010 00000000 ffffffff 00cf9300 DPL=0 DS   [-WA]
GS =0010 00000000 ffffffff 00cf9300 DPL=0 DS   [-WA]
LDT=0000 00000000 0000ffff 00008200 DPL=0 LDT
TR =0028 00122cc0 00000067 00008900 DPL=0 TSS32-avl
GDT=     0011c274 0000002f
IDT=     0011ed20 000007ff
CR0=80000013 CR2=00000000 CR3=00400000 CR4=00000600
DR0=0000000000000000 DR1=0000000000000000 DR2=0000000000000000 DR3=0000000000000000 
DR6=00000000ffff0ff0 DR7=0000000000000400
CCS=00000010 CCD=0011c2b0 CCO=EFLAGS
EFER=0000000000000000
Servicing hardware INT=0x20
    57: v=20 e=0000 i=0 cpl=0 IP=0008:0000000000101046 pc=0000000000101046 SP=0010:000000000013c000 env->regs[R_EAX]=0000000000000000
EAX=00000000 EBX=0011c2b0 ECX=00000000 EDX=000001f0
ESI=00000200 EDI=00000000 EBP=0013c014 ESP=0013c000
EIP=00101046 EFL=00000212 [----A--] CPL=0 II=0 A20=1 SMM=0 HLT=0
ES =0010 00000000 ffffffff 00cf9300 DPL=0 DS   [-WA]
CS =0008 00000000 ffffffff 00cf9a00 DPL=0 CS32 [-R-]
SS =0010 00000000 ffffffff 00cf9300 DPL=0 DS   [-WA]
DS =0010 00000000 ffffffff 00cf9300 DPL=0 DS   [-WA]
FS =0010 00000000 ffffffff 00cf9300 DPL=0 DS   [-WA]
GS =0010 00000000 ffffffff 00cf9300 DPL=0 DS   [-WA]
LDT=0000 00000000 0000ffff 00008200 DPL=0 LDT
TR =0028 00122cc0 00000067 00008900 DPL=0 TSS32-avl
GDT=     0011c274 0000002f
IDT=     0011ed20 000007ff
CR0=80000013 CR2=00000000 CR3=00400000 CR4=00000600
DR0=0000000000000000 DR1=0000000000000000 DR2=0000000000000000 DR3=0000000000000000 
DR6=00000000ffff0ff0 DR7=0000000000000400
CCS=00000010 CCD=0011c2b0 CCO=EFLAGS
EFER=0000000000000000
Servicing hardware INT=0x20
    58: v=20 e=0000 i=0 cpl=0 IP=0008:000000000010101e pc=000000000010101e SP=0010:000000000013bfe8 env->regs[R_EAX]=00000000000001d0
EAX=000001d0 EBX=0011c2b0 ECX=00000200 EDX=000001f7
ESI=00000200 EDI=00000000 EBP=0013bffc ESP=0013bfe8
EIP=0010101e EFL=00000212 [----A--] CPL=0 II=0 A20=1 SMM=0 HLT=0
ES =0010 00000000 ffffffff 00cf9300 DPL=0 DS   [-WA]
CS =0008 00000000 ffffffff 00cf9a00 DPL=0 CS32 [-R-]
SS =0010 00000000 ffffffff 00cf9300 DPL=0 DS   [-WA]
DS =0010 00000000 ffffffff 00cf9300 DPL=0 DS   [-WA]
FS =0010 00000000 ffffffff 00cf9300 DPL=0 DS   [-WA]
GS =0010 00000000 ffffffff 00cf9300 DPL=0 DS   [-WA]
LDT=0000 00000000 0000ffff 00008200 DPL=0 LDT
TR =0028 00122cc0 00000067 00008900 DPL=0 TSS32-avl
GDT=     0011c274 0000002f
IDT=     0011ed20 000007ff
CR0=80000013 CR2=00000000 CR3=00400000 CR4=00000600
DR0=0000000000000000 DR1=0000000000000000 DR2=0000000000000000 DR3=0000000000000000 
DR6=00000000ffff0ff0 DR7=0000000000000400
CCS=00000010 CCD=0011c2b0 CCO=EFLAGS
EFER=0000000000000000
Servicing hardware INT=0x20
    59: v=20 e=0000 i=0 cpl=0 IP=0008:000000000010101e pc=000000000010101e SP=0010:000000000013c028 env->regs[R_EAX]=00000000000001d0
EAX=000001d0 EBX=0011c2b0 ECX=00000200 EDX=000001f7
ESI=00000200 EDI=00000000 EBP=0013c03c ESP=0013c028
EIP=0010101e EFL=00000212 [----A--] CPL=0 II=0 A20=1 SMM=0 HLT=0
ES =0010 00000000 ffffffff 00cf9300 DPL=0 DS   [-WA]
CS =0008 00000000 ffffffff 00cf9a00 DPL=0 CS32 [-R-]
SS =0010 00000000 ffffffff 00cf9300 DPL=0 DS   [-WA]
DS =0010 00000000 ffffffff 00cf9300 DPL=0 DS   [-WA]
FS =0010 00000000 ffffffff 00cf9300 DPL=0 DS   [-WA]
GS =0010 00000000 ffffffff 00cf9300 DPL=0 DS   [-WA]
LDT=0000 00000000 0000ffff 00008200 DPL=0 LDT
TR =0028 00122cc0 00000067 00008900 DPL=0 TSS32-avl
GDT=     0011c274 0000002f
IDT=     0011ed20 000007ff
CR0=80000013 CR2=00000000 CR3=00400000 CR4=00000600
DR0=0000000000000000 DR1=0000000000000000 DR2=0000000000000000 DR3=0000000000000000 
DR6=00000000ffff0ff0 DR7=0000000000000400
CCS=00000010 CCD=0011c2b0 CCO=EFLAGS
EFER=0000000000000000
Servicing hardware INT=0x20
    60: v=20 e=0000 i=0 cpl=0 IP=0008:000000000010101e pc=000000000010101e SP=0010:000000000013bfe8 env->regs[R_EAX]=00000000000001d0
EAX=000001d0 EBX=0011c2b0 ECX=00000200 EDX=000001f7
ESI=00000200 EDI=00000000 EBP=0013bffc ESP=0013bfe8
EIP=0010101e EFL=00000212 [----A--] CPL=0 II=0 A20=1 SMM=0 HLT=0
ES =0010 00000000 ffffffff 00cf9300 DPL=0 DS   [-WA]
CS =0008 00000000 ffffffff 00cf9a00 DPL=0 CS32 [-R-]
SS =0010 00000000 ffffffff 00cf9300 DPL=0 DS   [-WA]
DS =0010 00000000 ffffffff 00cf9300 DPL=0 DS   [-WA]
FS =0010 00000000 ffffffff 00cf9300 DPL=0 DS   [-WA]
GS =0010 00000000 ffffffff 00cf9300 DPL=0 DS   [-WA]
LDT=0000 00000000 0000ffff 00008200 DPL=0 LDT
TR =0028 00122cc0 00000067 00008900 DPL=0 TSS32-avl
GDT=     0011c274 0000002f
IDT=     0011ed20 000007ff
CR0=80000013 CR2=00000000 CR3=00400000 CR4=00000600
DR0=0000000000000000 DR1=0000000000000000 DR2=0000000000000000 DR3=0000000000000000 
DR6=00000000ffff0ff0 DR7=0000000000000400
CCS=00000010 CCD=0011c2b0 CCO=EFLAGS
EFER=0000000000000000
Servicing hardware INT=0x20
    61: v=20 e=0000 i=0 cpl=0 IP=0008:000000000010101e pc=000000000010101e SP=0010:000000000013bfe8 env->regs[R_EAX]=00000000000001d0
EAX=000001d0 EBX=0011c2b0 ECX=00000200 EDX=000001f7
ESI=00000200 EDI=00000000 EBP=0013bffc ESP=0013bfe8
EIP=0010101e EFL=00000212 [----A--] CPL=0 II=0 A20=1 SMM=0 HLT=0
ES =0010 00000000 ffffffff 00cf9300 DPL=0 DS   [-WA]
CS =0008 00000000 ffffffff 00cf9a00 DPL=0 CS32 [-R-]
SS =0010 00000000 ffffffff 00cf9300 DPL=0 DS   [-WA]
DS =0010 00000000 ffffffff 00cf9300 DPL=0 DS   [-WA]
FS =0010 00000000 ffffffff 00cf9300 DPL=0 DS   [-WA]
GS =0010 00000000 ffffffff 00cf9300 DPL=0 DS   [-WA]
LDT=0000 00000000 0000ffff 00008200 DPL=0 LDT
TR =0028 00122cc0 00000067 00008900 DPL=0 TSS32-avl
GDT=     0011c274 0000002f
IDT=     0011ed20 000007ff
CR0=80000013 CR2=00000000 CR3=00400000 CR4=00000600
DR0=0000000000000000 DR1=0000000000000000 DR2=0000000000000000 DR3=0000000000000000 
DR6=00000000ffff0ff0 DR7=0000000000000400
CCS=00000010 CCD=0011c2b0 CCO=EFLAGS
EFER=0000000000000000
Servicing hardware INT=0x20
    62: v=20 e=0000 i=0 cpl=0 IP=0008:000000000010101e pc=000000000010101e SP=0010:000000000013c028 env->regs[R_EAX]=0000000000000158
EAX=00000158 EBX=0011c2b0 ECX=00000200 EDX=000001f7
ESI=00000200 EDI=00000000 EBP=0013c03c ESP=0013c028
EIP=0010101e EFL=00000212 [----A--] CPL=0 II=0 A20=1 SMM=0 HLT=0
ES =0010 00000000 ffffffff 00cf9300 DPL=0 DS   [-WA]
CS =0008 00000000 ffffffff 00cf9a00 DPL=0 CS32 [-R-]
SS =0010 00000000 ffffffff 00cf9300 DPL=0 DS   [-WA]
DS =0010 00000000 ffffffff 00cf9300 DPL=0 DS   [-WA]
FS =0010 00000000 ffffffff 00cf9300 DPL=0 DS   [-WA]
GS =0010 00000000 ffffffff 00cf9300 DPL=0 DS   [-WA]
LDT=0000 00000000 0000ffff 00008200 DPL=0 LDT
TR =0028 00122cc0 00000067 00008900 DPL=0 TSS32-avl
GDT=     0011c274 0000002f
IDT=     0011ed20 000007ff
CR0=80000013 CR2=00000000 CR3=00400000 CR4=00000600
DR0=0000000000000000 DR1=0000000000000000 DR2=0000000000000000 DR3=0000000000000000 
DR6=00000000ffff0ff0 DR7=0000000000000400
CCS=00000010 CCD=0011c2b0 CCO=EFLAGS
EFER=0000000000000000
Servicing hardware INT=0x20
    63: v=20 e=0000 i=0 cpl=0 IP=0008:000000000010101e pc=000000000010101e SP=0010:000000000013c028 env->regs[R_EAX]=0000000000000158
EAX=00000158 EBX=0011c2b0 ECX=00000200 EDX=000001f7
ESI=00000200 EDI=00000000 EBP=0013c03c ESP=0013c028
EIP=0010101e EFL=00000212 [----A--] CPL=0 II=0 A20=1 SMM=0 HLT=0
ES =0010 00000000 ffffffff 00cf9300 DPL=0 DS   [-WA]
CS =0008 00000000 ffffffff 00cf9a00 DPL=0 CS32 [-R-]
SS =0010 00000000 ffffffff 00cf9300 DPL=0 DS   [-WA]
DS =0010 00000000 ffffffff 00cf9300 DPL=0 DS   [-WA]
FS =0010 00000000 ffffffff 00cf9300 DPL=0 DS   [-WA]
GS =0010 00000000 ffffffff 00cf9300 DPL=0 DS   [-WA]
LDT=0000 00000000 0000ffff 00008200 DPL=0 LDT
TR =0028 00122cc0 00000067 00008900 DPL=0 TSS32-avl
GDT=     0011c274 0000002f
IDT=     0011ed20 000007ff
CR0=80000013 CR2=00000000 CR3=00400000 CR4=00000600
DR0=0000000000000000 DR1=0000000000000000 DR2=0000000000000000 DR3=0000000000000000 
DR6=00000000ffff0ff0 DR7=0000000000000400
CCS=00000010 CCD=0011c2b0 CCO=EFLAGS
EFER=0000000000000000
Servicing hardware INT=0x20
    64: v=20 e=0000 i=0 cpl=0 IP=0008:000000000010101e pc=000000000010101e SP=0010:000000000013bfe8 env->regs[R_EAX]=0000000000000158
EAX=00000158 EBX=0011c2b0 ECX=00000200 EDX=000001f7
ESI=00000200 EDI=00000000 EBP=0013bffc ESP=0013bfe8
EIP=0010101e EFL=00000212 [----A--] CPL=0 II=0 A20=1 SMM=0 HLT=0
ES =0010 00000000 ffffffff 00cf9300 DPL=0 DS   [-WA]
CS =0008 00000000 ffffffff 00cf9a00 DPL=0 CS32 [-R-]
SS =0010 00000000 ffffffff 00cf9300 DPL=0 DS   [-WA]
DS =0010 00000000 ffffffff 00cf9300 DPL=0 DS   [-WA]
FS =0010 00000000 ffffffff 00cf9300 DPL=0 DS   [-WA]
GS =0010 00000000 ffffffff 00cf9300 DPL=0 DS   [-WA]
LDT=0000 00000000 0000ffff 00008200 DPL=0 LDT
TR =0028 00122cc0 00000067 00008900 DPL=0 TSS32-avl
GDT=     0011c274 0000002f
IDT=     0011ed20 000007ff
CR0=80000013 CR2=00000000 CR3=00400000 CR4=00000600
DR0=0000000000000000 DR1=0000000000000000 DR2=0000000000000000 DR3=0000000000000000 
DR6=00000000ffff0ff0 DR7=0000000000000400
CCS=00000010 CCD=0011c2b0 CCO=EFLAGS
EFER=0000000000000000
Servicing hardware INT=0x20
    65: v=20 e=0000 i=0 cpl=0 IP=0008:000000000010101e pc=000000000010101e SP=0010:000000000013c058 env->regs[R_EAX]=0000000000000150
EAX=00000150 EBX=0011c2b0 ECX=000000ab EDX=000001f7
ESI=00300036 EDI=00000000 EBP=0013c06c ESP=0013c058
EIP=0010101e EFL=00000212 [----A--] CPL=0 II=0 A20=1 SMM=0 HLT=0
ES =0010 00000000 ffffffff 00cf9300 DPL=0 DS   [-WA]
CS =0008 00000000 ffffffff 00cf9a00 DPL=0 CS32 [-R-]
SS =0010 00000000 ffffffff 00cf9300 DPL=0 DS   [-WA]
DS =0010 00000000 ffffffff 00cf9300 DPL=0 DS   [-WA]
FS =0010 00000000 ffffffff 00cf9300 DPL=0 DS   [-WA]
GS =0010 00000000 ffffffff 00cf9300 DPL=0 DS   [-WA]
LDT=0000 00000000 0000ffff 00008200 DPL=0 LDT
TR =0028 00122cc0 00000067 00008900 DPL=0 TSS32-avl
GDT=     0011c274 0000002f
IDT=     0011ed20 000007ff
CR0=80000013 CR2=00000000 CR3=00400000 CR4=00000600
DR0=0000000000000000 DR1=0000000000000000 DR2=0000000000000000 DR3=0000000000000000 
DR6=00000000ffff0ff0 DR7=0000000000000400
CCS=00000010 CCD=0011c2b0 CCO=EFLAGS
EFER=0000000000000000
Servicing hardware INT=0x20
    66: v=20 e=0000 i=0 cpl=0 IP=0008:000000000010101e pc=000000000010101e SP=0010:000000000013c058 env->regs[R_EAX]=0000000000000150
EAX=00000150 EBX=0011c2b0 ECX=000000ab EDX=000001f7
ESI=00300036 EDI=00000000 EBP=0013c06c ESP=0013c058
EIP=0010101e EFL=00000212 [----A--] CPL=0 II=0 A20=1 SMM=0 HLT=0
ES =0010 00000000 ffffffff 00cf9300 DPL=0 DS   [-WA]
CS =0008 00000000 ffffffff 00cf9a00 DPL=0 CS32 [-R-]
SS =0010 00000000 ffffffff 00cf9300 DPL=0 DS   [-WA]
DS =0010 00000000 ffffffff 00cf9300 DPL=0 DS   [-WA]
FS =0010 00000000 ffffffff 00cf9300 DPL=0 DS   [-WA]
GS =0010 00000000 ffffffff 00cf9300 DPL=0 DS   [-WA]
LDT=0000 00000000 0000ffff 00008200 DPL=0 LDT
TR =0028 00122cc0 00000067 00008900 DPL=0 TSS32-avl
GDT=     0011c274 0000002f
IDT=     0011ed20 000007ff
CR0=80000013 CR2=00000000 CR3=00400000 CR4=00000600
DR0=0000000000000000 DR1=0000000000000000 DR2=0000000000000000 DR3=0000000000000000 
DR6=00000000ffff0ff0 DR7=0000000000000400
CCS=00000010 CCD=0011c2b0 CCO=EFLAGS
EFER=0000000000000000
Servicing hardware INT=0x20
    67: v=20 e=0000 i=0 cpl=0 IP=0008:000000000010101e pc=000000000010101e SP=0010:000000000013c058 env->regs[R_EAX]=0000000000000150
EAX=00000150 EBX=0011c2b0 ECX=000000ab EDX=000001f7
ESI=00300036 EDI=00000000 EBP=0013c06c ESP=0013c058
EIP=0010101e EFL=00000212 [----A--] CPL=0 II=0 A20=1 SMM=0 HLT=0
ES =0010 00000000 ffffffff 00cf9300 DPL=0 DS   [-WA]
CS =0008 00000000 ffffffff 00cf9a00 DPL=0 CS32 [-R-]
SS =0010 00000000 ffffffff 00cf9300 DPL=0 DS   [-WA]
DS =0010 00000000 ffffffff 00cf9300 DPL=0 DS   [-WA]
FS =0010 00000000 ffffffff 00cf9300 DPL=0 DS   [-WA]
GS =0010 00000000 ffffffff 00cf9300 DPL=0 DS   [-WA]
LDT=0000 00000000 0000ffff 00008200 DPL=0 LDT
TR =0028 00122cc0 00000067 00008900 DPL=0 TSS32-avl
GDT=     0011c274 0000002f
IDT=     0011ed20 000007ff
CR0=80000013 CR2=00000000 CR3=00400000 CR4=00000600
DR0=0000000000000000 DR1=0000000000000000 DR2=0000000000000000 DR3=0000000000000000 
DR6=00000000ffff0ff0 DR7=0000000000000400
CCS=00000010 CCD=0011c2b0 CCO=EFLAGS
EFER=0000000000000000
Servicing hardware INT=0x20
    68: v=20 e=0000 i=0 cpl=0 IP=0008:000000000010101e pc=000000000010101e SP=0010:000000000013c028 env->regs[R_EAX]=00000000000001d0
EAX=000001d0 EBX=0011c2b0 ECX=00000200 EDX=000001f7
ESI=00000200 EDI=00000000 EBP=0013c03c ESP=0013c028
EIP=0010101e EFL=00000212 [----A--] CPL=0 II=0 A20=1 SMM=0 HLT=0
ES =0010 00000000 ffffffff 00cf9300 DPL=0 DS   [-WA]
CS =0008 00000000 ffffffff 00cf9a00 DPL=0 CS32 [-R-]
SS =0010 00000000 ffffffff 00cf9300 DPL=0 DS   [-WA]
DS =0010 00000000 ffffffff 00cf9300 DPL=0 DS   [-WA]
FS =0010 00000000 ffffffff 00cf9300 DPL=0 DS   [-WA]
GS =0010 00000000 ffffffff 00cf9300 DPL=0 DS   [-WA]
LDT=0000 00000000 0000ffff 00008200 DPL=0 LDT
TR =0028 00122cc0 00000067 00008900 DPL=0 TSS32-avl
GDT=     0011c274 0000002f
IDT=     0011ed20 000007ff
CR0=80000013 CR2=00000000 CR3=00400000 CR4=00000600
DR0=0000000000000000 DR1=0000000000000000 DR2=0000000000000000 DR3=0000000000000000 
DR6=00000000ffff0ff0 DR7=0000000000000400
CCS=00000010 CCD=0011c2b0 CCO=EFLAGS
EFER=0000000000000000
Servicing hardware INT=0x20
    69: v=20 e=0000 i=0 cpl=0 IP=0008:000000000010101e pc=000000000010101e SP=0010:000000000013c058 env->regs[R_EAX]=0000000000000150
EAX=00000150 EBX=0011c2b0 ECX=000000b5 EDX=000001f7
ESI=00300036 EDI=00000000 EBP=0013c06c ESP=0013c058
EIP=0010101e EFL=00000212 [----A--] CPL=0 II=0 A20=1 SMM=0 HLT=0
ES =0010 00000000 ffffffff 00cf9300 DPL=0 DS   [-WA]
CS =0008 00000000 ffffffff 00cf9a00 DPL=0 CS32 [-R-]
SS =0010 00000000 ffffffff 00cf9300 DPL=0 DS   [-WA]
DS =0010 00000000 ffffffff 00cf9300 DPL=0 DS   [-WA]
FS =0010 00000000 ffffffff 00cf9300 DPL=0 DS   [-WA]
GS =0010 00000000 ffffffff 00cf9300 DPL=0 DS   [-WA]
LDT=0000 00000000 0000ffff 00008200 DPL=0 LDT
TR =0028 00122cc0 00000067 00008900 DPL=0 TSS32-avl
GDT=     0011c274 0000002f
IDT=     0011ed20 000007ff
CR0=80000013 CR2=00000000 CR3=00400000 CR4=00000600
DR0=0000000000000000 DR1=0000000000000000 DR2=0000000000000000 DR3=0000000000000000 
DR6=00000000ffff0ff0 DR7=0000000000000400
CCS=00000010 CCD=0011c2b0 CCO=EFLAGS
EFER=0000000000000000
Servicing hardware INT=0x20
    70: v=20 e=0000 i=0 cpl=0 IP=0008:000000000010101e pc=000000000010101e SP=0010:000000000013c058 env->regs[R_EAX]=00000000000001d0
EAX=000001d0 EBX=0011c2b0 ECX=000000ab EDX=000001f7
ESI=00300036 EDI=00000000 EBP=0013c06c ESP=0013c058
EIP=0010101e EFL=00000212 [----A--] CPL=0 II=0 A20=1 SMM=0 HLT=0
ES =0010 00000000 ffffffff 00cf9300 DPL=0 DS   [-WA]
CS =0008 00000000 ffffffff 00cf9a00 DPL=0 CS32 [-R-]
SS =0010 00000000 ffffffff 00cf9300 DPL=0 DS   [-WA]
DS =0010 00000000 ffffffff 00cf9300 DPL=0 DS   [-WA]
FS =0010 00000000 ffffffff 00cf9300 DPL=0 DS   [-WA]
GS =0010 00000000 ffffffff 00cf9300 DPL=0 DS   [-WA]
LDT=0000 00000000 0000ffff 00008200 DPL=0 LDT
TR =0028 00122cc0 00000067 00008900 DPL=0 TSS32-avl
GDT=     0011c274 0000002f
IDT=     0011ed20 000007ff
CR0=80000013 CR2=00000000 CR3=00400000 CR4=00000600
DR0=0000000000000000 DR1=0000000000000000 DR2=0000000000000000 DR3=0000000000000000 
DR6=00000000ffff0ff0 DR7=0000000000000400
CCS=00000010 CCD=0011c2b0 CCO=EFLAGS
EFER=0000000000000000
Servicing hardware INT=0x20
    71: v=20 e=0000 i=0 cpl=0 IP=0008:000000000010101e pc=000000000010101e SP=0010:000000000013c028 env->regs[R_EAX]=00000000000001d0
EAX=000001d0 EBX=0011c2b0 ECX=00000200 EDX=000001f7
ESI=00000200 EDI=00000000 EBP=0013c03c ESP=0013c028
EIP=0010101e EFL=00000212 [----A--] CPL=0 II=0 A20=1 SMM=0 HLT=0
ES =0010 00000000 ffffffff 00cf9300 DPL=0 DS   [-WA]
CS =0008 00000000 ffffffff 00cf9a00 DPL=0 CS32 [-R-]
SS =0010 00000000 ffffffff 00cf9300 DPL=0 DS   [-WA]
DS =0010 00000000 ffffffff 00cf9300 DPL=0 DS   [-WA]
FS =0010 00000000 ffffffff 00cf9300 DPL=0 DS   [-WA]
GS =0010 00000000 ffffffff 00cf9300 DPL=0 DS   [-WA]
LDT=0000 00000000 0000ffff 00008200 DPL=0 LDT
TR =0028 00122cc0 00000067 00008900 DPL=0 TSS32-avl
GDT=     0011c274 0000002f
IDT=     0011ed20 000007ff
CR0=80000013 CR2=00000000 CR3=00400000 CR4=00000600
DR0=0000000000000000 DR1=0000000000000000 DR2=0000000000000000 DR3=0000000000000000 
DR6=00000000ffff0ff0 DR7=0000000000000400
CCS=00000010 CCD=0011c2b0 CCO=EFLAGS
EFER=0000000000000000
Servicing hardware INT=0x20
    72: v=20 e=0000 i=0 cpl=0 IP=0008:000000000010101e pc=000000000010101e SP=0010:000000000013c058 env->regs[R_EAX]=0000000000000150
EAX=00000150 EBX=0011c2b0 ECX=000000ab EDX=000001f7
ESI=00300036 EDI=00000000 EBP=0013c06c ESP=0013c058
EIP=0010101e EFL=00000212 [----A--] CPL=0 II=0 A20=1 SMM=0 HLT=0
ES =0010 00000000 ffffffff 00cf9300 DPL=0 DS   [-WA]
CS =0008 00000000 ffffffff 00cf9a00 DPL=0 CS32 [-R-]
SS =0010 00000000 ffffffff 00cf9300 DPL=0 DS   [-WA]
DS =0010 00000000 ffffffff 00cf9300 DPL=0 DS   [-WA]
FS =0010 00000000 ffffffff 00cf9300 DPL=0 DS   [-WA]
GS =0010 00000000 ffffffff 00cf9300 DPL=0 DS   [-WA]
LDT=0000 00000000 0000ffff 00008200 DPL=0 LDT
TR =0028 00122cc0 00000067 00008900 DPL=0 TSS32-avl
GDT=     0011c274 0000002f
IDT=     0011ed20 000007ff
CR0=80000013 CR2=00000000 CR3=00400000 CR4=00000600
DR0=0000000000000000 DR1=0000000000000000 DR2=0000000000000000 DR3=0000000000000000 
DR6=00000000ffff0ff0 DR7=0000000000000400
CCS=00000010 CCD=0011c2b0 CCO=EFLAGS
EFER=0000000000000000
Servicing hardware INT=0x20
    73: v=20 e=0000 i=0 cpl=0 IP=0008:000000000010101e pc=000000000010101e SP=0010:000000000013c058 env->regs[R_EAX]=00000000000001d0
EAX=000001d0 EBX=0011c2b0 ECX=000000ab EDX=000001f7
ESI=00300036 EDI=00000000 EBP=0013c06c ESP=0013c058
EIP=0010101e EFL=00000212 [----A--] CPL=0 II=0 A20=1 SMM=0 HLT=0
ES =0010 00000000 ffffffff 00cf9300 DPL=0 DS   [-WA]
CS =0008 00000000 ffffffff 00cf9a00 DPL=0 CS32 [-R-]
SS =0010 00000000 ffffffff 00cf9300 DPL=0 DS   [-WA]
DS =0010 00000000 ffffffff 00cf9300 DPL=0 DS   [-WA]
FS =0010 00000000 ffffffff 00cf9300 DPL=0 DS   [-WA]
GS =0010 00000000 ffffffff 00cf9300 DPL=0 DS   [-WA]
LDT=0000 00000000 0000ffff 00008200 DPL=0 LDT
TR =0028 00122cc0 00000067 00008900 DPL=0 TSS32-avl
GDT=     0011c274 0000002f
IDT=     0011ed20 000007ff
CR0=80000013 CR2=00000000 CR3=00400000 CR4=00000600
DR0=0000000000000000 DR1=0000000000000000 DR2=0000000000000000 DR3=0000000000000000 
DR6=00000000ffff0ff0 DR7=0000000000000400
CCS=00000010 CCD=0011c2b0 CCO=EFLAGS
EFER=0000000000000000
Servicing hardware INT=0x20
    74: v=20 e=0000 i=0 cpl=0 IP=0008:00000000001010a1 pc=00000000001010a1 SP=0010:000000000013c078 env->regs[R_EAX]=000000000000ff00
EAX=0000ff00 EBX=0011c2b0 ECX=00000000 EDX=000001f0
ESI=00300036 EDI=00000000 EBP=0013c080 ESP=0013c078
EIP=001010a1 EFL=00000212 [----A--] CPL=0 II=0 A20=1 SMM=0 HLT=0
ES =0010 00000000 ffffffff 00cf9300 DPL=0 DS   [-WA]
CS =0008 00000000 ffffffff 00cf9a00 DPL=0 CS32 [-R-]
SS =0010 00000000 ffffffff 00cf9300 DPL=0 DS   [-WA]
DS =0010 00000000 ffffffff 00cf9300 DPL=0 DS   [-WA]
FS =0010 00000000 ffffffff 00cf9300 DPL=0 DS   [-WA]
GS =0010 00000000 ffffffff 00cf9300 DPL=0 DS   [-WA]
LDT=0000 00000000 0000ffff 00008200 DPL=0 LDT
TR =0028 00122cc0 00000067 00008900 DPL=0 TSS32-avl
GDT=     0011c274 0000002f
IDT=     0011ed20 000007ff
CR0=80000013 CR2=00000000 CR3=00400000 CR4=00000600
DR0=0000000000000000 DR1=0000000000000000 DR2=0000000000000000 DR3=0000000000000000 
DR6=00000000ffff0ff0 DR7=0000000000000400
CCS=00000010 CCD=0011c2b0 CCO=EFLAGS
EFER=0000000000000000
Servicing hardware INT=0x20
    75: v=20 e=0000 i=0 cpl=0 IP=0008:00000000001010a1 pc=00000000001010a1 SP=0010:000000000013c078 env->regs[R_EAX]=000000000000ff00
EAX=0000ff00 EBX=0011c2b0 ECX=00000000 EDX=000001f0
ESI=00300036 EDI=00000000 EBP=0013c080 ESP=0013c078
EIP=001010a1 EFL=00000212 [----A--] CPL=0 II=0 A20=1 SMM=0 HLT=0
ES =0010 00000000 ffffffff 00cf9300 DPL=0 DS   [-WA]
CS =0008 00000000 ffffffff 00cf9a00 DPL=0 CS32 [-R-]
SS =0010 00000000 ffffffff 00cf9300 DPL=0 DS   [-WA]
DS =0010 00000000 ffffffff 00cf9300 DPL=0 DS   [-WA]
FS =0010 00000000 ffffffff 00cf9300 DPL=0 DS   [-WA]
GS =0010 00000000 ffffffff 00cf9300 DPL=0 DS   [-WA]
LDT=0000 00000000 0000ffff 00008200 DPL=0 LDT
TR =0028 00122cc0 00000067 00008900 DPL=0 TSS32-avl
GDT=     0011c274 0000002f
IDT=     0011ed20 000007ff
CR0=80000013 CR2=00000000 CR3=00400000 CR4=00000600
DR0=0000000000000000 DR1=0000000000000000 DR2=0000000000000000 DR3=0000000000000000 
DR6=00000000ffff0ff0 DR7=0000000000000400
CCS=00000010 CCD=0011c2b0 CCO=EFLAGS
EFER=0000000000000000
Servicing hardware INT=0x20
    76: v=20 e=0000 i=0 cpl=0 IP=0008:000000000010101e pc=000000000010101e SP=0010:000000000013c028 env->regs[R_EAX]=00000000000001d0
EAX=000001d0 EBX=0011c2b0 ECX=00000200 EDX=000001f7
ESI=00000200 EDI=00000000 EBP=0013c03c ESP=0013c028
EIP=0010101e EFL=00000212 [----A--] CPL=0 II=0 A20=1 SMM=0 HLT=0
ES =0010 00000000 ffffffff 00cf9300 DPL=0 DS   [-WA]
CS =0008 00000000 ffffffff 00cf9a00 DPL=0 CS32 [-R-]
SS =0010 00000000 ffffffff 00cf9300 DPL=0 DS   [-WA]
DS =0010 00000000 ffffffff 00cf9300 DPL=0 DS   [-WA]
FS =0010 00000000 ffffffff 00cf9300 DPL=0 DS   [-WA]
GS =0010 00000000 ffffffff 00cf9300 DPL=0 DS   [-WA]
LDT=0000 00000000 0000ffff 00008200 DPL=0 LDT
TR =0028 00122cc0 00000067 00008900 DPL=0 TSS32-avl
GDT=     0011c274 0000002f
IDT=     0011ed20 000007ff
CR0=80000013 CR2=00000000 CR3=00400000 CR4=00000600
DR0=0000000000000000 DR1=0000000000000000 DR2=0000000000000000 DR3=0000000000000000 
DR6=00000000ffff0ff0 DR7=0000000000000400
CCS=00000010 CCD=0011c2b0 CCO=EFLAGS
EFER=0000000000000000
Servicing hardware INT=0x20
    77: v=20 e=0000 i=0 cpl=0 IP=0008:000000000010101e pc=000000000010101e SP=0010:000000000013c058 env->regs[R_EAX]=0000000000000150
EAX=00000150 EBX=0011c2b0 ECX=000000b5 EDX=000001f7
ESI=00300036 EDI=00000000 EBP=0013c06c ESP=0013c058
EIP=0010101e EFL=00000212 [----A--] CPL=0 II=0 A20=1 SMM=0 HLT=0
ES =0010 00000000 ffffffff 00cf9300 DPL=0 DS   [-WA]
CS =0008 00000000 ffffffff 00cf9a00 DPL=0 CS32 [-R-]
SS =0010 00000000 ffffffff 00cf9300 DPL=0 DS   [-WA]
DS =0010 00000000 ffffffff 00cf9300 DPL=0 DS   [-WA]
FS =0010 00000000 ffffffff 00cf9300 DPL=0 DS   [-WA]
GS =0010 00000000 ffffffff 00cf9300 DPL=0 DS   [-WA]
LDT=0000 00000000 0000ffff 00008200 DPL=0 LDT
TR =0028 00122cc0 00000067 00008900 DPL=0 TSS32-avl
GDT=     0011c274 0000002f
IDT=     0011ed20 000007ff
CR0=80000013 CR2=00000000 CR3=00400000 CR4=00000600
DR0=0000000000000000 DR1=0000000000000000 DR2=0000000000000000 DR3=0000000000000000 
DR6=00000000ffff0ff0 DR7=0000000000000400
CCS=00000010 CCD=0011c2b0 CCO=EFLAGS
EFER=0000000000000000
Servicing hardware INT=0x20
    78: v=20 e=0000 i=0 cpl=0 IP=0008:000000000010101e pc=000000000010101e SP=0010:000000000013c058 env->regs[R_EAX]=0000000000000150
EAX=00000150 EBX=0011c2b0 ECX=000000ab EDX=000001f7
ESI=00300036 EDI=00000000 EBP=0013c06c ESP=0013c058
EIP=0010101e EFL=00000212 [----A--] CPL=0 II=0 A20=1 SMM=0 HLT=0
ES =0010 00000000 ffffffff 00cf9300 DPL=0 DS   [-WA]
CS =0008 00000000 ffffffff 00cf9a00 DPL=0 CS32 [-R-]
SS =0010 00000000 ffffffff 00cf9300 DPL=0 DS   [-WA]
DS =0010 00000000 ffffffff 00cf9300 DPL=0 DS   [-WA]
FS =0010 00000000 ffffffff 00cf9300 DPL=0 DS   [-WA]
GS =0010 00000000 ffffffff 00cf9300 DPL=0 DS   [-WA]
LDT=0000 00000000 0000ffff 00008200 DPL=0 LDT
TR =0028 00122cc0 00000067 00008900 DPL=0 TSS32-avl
GDT=     0011c274 0000002f
IDT=     0011ed20 000007ff
CR0=80000013 CR2=00000000 CR3=00400000 CR4=00000600
DR0=0000000000000000 DR1=0000000000000000 DR2=0000000000000000 DR3=0000000000000000 
DR6=00000000ffff0ff0 DR7=0000000000000400
CCS=00000010 CCD=0011c2b0 CCO=EFLAGS
EFER=0000000000000000
Servicing hardware INT=0x20
    79: v=20 e=0000 i=0 cpl=0 IP=0008:000000000010101e pc=000000000010101e SP=0010:000000000013c058 env->regs[R_EAX]=0000000000000150
EAX=00000150 EBX=0011c2b0 ECX=000000b5 EDX=000001f7
ESI=00300036 EDI=00000000 EBP=0013c06c ESP=0013c058
EIP=0010101e EFL=00000212 [----A--] CPL=0 II=0 A20=1 SMM=0 HLT=0
ES =0010 00000000 ffffffff 00cf9300 DPL=0 DS   [-WA]
CS =0008 00000000 ffffffff 00cf9a00 DPL=0 CS32 [-R-]
SS =0010 00000000 ffffffff 00cf9300 DPL=0 DS   [-WA]
DS =0010 00000000 ffffffff 00cf9300 DPL=0 DS   [-WA]
FS =0010 00000000 ffffffff 00cf9300 DPL=0 DS   [-WA]
GS =0010 00000000 ffffffff 00cf9300 DPL=0 DS   [-WA]
LDT=0000 00000000 0000ffff 00008200 DPL=0 LDT
TR =0028 00122cc0 00000067 00008900 DPL=0 TSS32-avl
GDT=     0011c274 0000002f
IDT=     0011ed20 000007ff
CR0=80000013 CR2=00000000 CR3=00400000 CR4=00000600
DR0=0000000000000000 DR1=0000000000000000 DR2=0000000000000000 DR3=0000000000000000 
DR6=00000000ffff0ff0 DR7=0000000000000400
CCS=00000010 CCD=0011c2b0 CCO=EFLAGS
EFER=0000000000000000
Servicing hardware INT=0x20
    80: v=20 e=0000 i=0 cpl=0 IP=0008:000000000010101e pc=000000000010101e SP=0010:000000000013c058 env->regs[R_EAX]=00000000000001d0
EAX=000001d0 EBX=0011c2b0 ECX=000000b5 EDX=000001f7
ESI=00300036 EDI=00000000 EBP=0013c06c ESP=0013c058
EIP=0010101e EFL=00000212 [----A--] CPL=0 II=0 A20=1 SMM=0 HLT=0
ES =0010 00000000 ffffffff 00cf9300 DPL=0 DS   [-WA]
CS =0008 00000000 ffffffff 00cf9a00 DPL=0 CS32 [-R-]
SS =0010 00000000 ffffffff 00cf9300 DPL=0 DS   [-WA]
DS =0010 00000000 ffffffff 00cf9300 DPL=0 DS   [-WA]
FS =0010 00000000 ffffffff 00cf9300 DPL=0 DS   [-WA]
GS =0010 00000000 ffffffff 00cf9300 DPL=0 DS   [-WA]
LDT=0000 00000000 0000ffff 00008200 DPL=0 LDT
TR =0028 00122cc0 00000067 00008900 DPL=0 TSS32-avl
GDT=     0011c274 0000002f
IDT=     0011ed20 000007ff
CR0=80000013 CR2=00000000 CR3=00400000 CR4=00000600
DR0=0000000000000000 DR1=0000000000000000 DR2=0000000000000000 DR3=0000000000000000 
DR6=00000000ffff0ff0 DR7=0000000000000400
CCS=00000010 CCD=0011c2b0 CCO=EFLAGS
EFER=0000000000000000
Servicing hardware INT=0x20
    81: v=20 e=0000 i=0 cpl=0 IP=0008:00000000001010a1 pc=00000000001010a1 SP=0010:000000000013c078 env->regs[R_EAX]=000000000000ff00
EAX=0000ff00 EBX=0011c2b0 ECX=00000000 EDX=000001f0
ESI=00300036 EDI=00000000 EBP=0013c080 ESP=0013c078
EIP=001010a1 EFL=00000212 [----A--] CPL=0 II=0 A20=1 SMM=0 HLT=0
ES =0010 00000000 ffffffff 00cf9300 DPL=0 DS   [-WA]
CS =0008 00000000 ffffffff 00cf9a00 DPL=0 CS32 [-R-]
SS =0010 00000000 ffffffff 00cf9300 DPL=0 DS   [-WA]
DS =0010 00000000 ffffffff 00cf9300 DPL=0 DS   [-WA]
FS =0010 00000000 ffffffff 00cf9300 DPL=0 DS   [-WA]
GS =0010 00000000 ffffffff 00cf9300 DPL=0 DS   [-WA]
LDT=0000 00000000 0000ffff 00008200 DPL=0 LDT
TR =0028 00122cc0 00000067 00008900 DPL=0 TSS32-avl
GDT=     0011c274 0000002f
IDT=     0011ed20 000007ff
CR0=80000013 CR2=00000000 CR3=00400000 CR4=00000600
DR0=0000000000000000 DR1=0000000000000000 DR2=0000000000000000 DR3=0000000000000000 
DR6=00000000ffff0ff0 DR7=0000000000000400
CCS=00000010 CCD=0011c2b0 CCO=EFLAGS
EFER=0000000000000000
Servicing hardware INT=0x20
    82: v=20 e=0000 i=0 cpl=0 IP=0008:000000000010101e pc=000000000010101e SP=0010:000000000013c058 env->regs[R_EAX]=0000000000000150
EAX=00000150 EBX=0011c2b0 ECX=000000b5 EDX=000001f7
ESI=00300036 EDI=00000000 EBP=0013c06c ESP=0013c058
EIP=0010101e EFL=00000212 [----A--] CPL=0 II=0 A20=1 SMM=0 HLT=0
ES =0010 00000000 ffffffff 00cf9300 DPL=0 DS   [-WA]
CS =0008 00000000 ffffffff 00cf9a00 DPL=0 CS32 [-R-]
SS =0010 00000000 ffffffff 00cf9300 DPL=0 DS   [-WA]
DS =0010 00000000 ffffffff 00cf9300 DPL=0 DS   [-WA]
FS =0010 00000000 ffffffff 00cf9300 DPL=0 DS   [-WA]
GS =0010 00000000 ffffffff 00cf9300 DPL=0 DS   [-WA]
LDT=0000 00000000 0000ffff 00008200 DPL=0 LDT
TR =0028 00122cc0 00000067 00008900 DPL=0 TSS32-avl
GDT=     0011c274 0000002f
IDT=     0011ed20 000007ff
CR0=80000013 CR2=00000000 CR3=00400000 CR4=00000600
DR0=0000000000000000 DR1=0000000000000000 DR2=0000000000000000 DR3=0000000000000000 
DR6=00000000ffff0ff0 DR7=0000000000000400
CCS=00000010 CCD=0011c2b0 CCO=EFLAGS
EFER=0000000000000000
Servicing hardware INT=0x20
    83: v=20 e=0000 i=0 cpl=0 IP=0008:000000000010101e pc=000000000010101e SP=0010:000000000013c058 env->regs[R_EAX]=00000000000001d0
EAX=000001d0 EBX=0011c2b0 ECX=000000ab EDX=000001f7
ESI=00300036 EDI=00000000 EBP=0013c06c ESP=0013c058
EIP=0010101e EFL=00000212 [----A--] CPL=0 II=0 A20=1 SMM=0 HLT=0
ES =0010 00000000 ffffffff 00cf9300 DPL=0 DS   [-WA]
CS =0008 00000000 ffffffff 00cf9a00 DPL=0 CS32 [-R-]
SS =0010 00000000 ffffffff 00cf9300 DPL=0 DS   [-WA]
DS =0010 00000000 ffffffff 00cf9300 DPL=0 DS   [-WA]
FS =0010 00000000 ffffffff 00cf9300 DPL=0 DS   [-WA]
GS =0010 00000000 ffffffff 00cf9300 DPL=0 DS   [-WA]
LDT=0000 00000000 0000ffff 00008200 DPL=0 LDT
TR =0028 00122cc0 00000067 00008900 DPL=0 TSS32-avl
GDT=     0011c274 0000002f
IDT=     0011ed20 000007ff
CR0=80000013 CR2=00000000 CR3=00400000 CR4=00000600
DR0=0000000000000000 DR1=0000000000000000 DR2=0000000000000000 DR3=0000000000000000 
DR6=00000000ffff0ff0 DR7=0000000000000400
CCS=00000010 CCD=0011c2b0 CCO=EFLAGS
EFER=0000000000000000
Servicing hardware INT=0x20
    84: v=20 e=0000 i=0 cpl=0 IP=0008:000000000010101e pc=000000000010101e SP=0010:000000000013c058 env->regs[R_EAX]=0000000000000150
EAX=00000150 EBX=0011c2b0 ECX=000000b5 EDX=000001f7
ESI=00300036 EDI=00000000 EBP=0013c06c ESP=0013c058
EIP=0010101e EFL=00000212 [----A--] CPL=0 II=0 A20=1 SMM=0 HLT=0
ES =0010 00000000 ffffffff 00cf9300 DPL=0 DS   [-WA]
CS =0008 00000000 ffffffff 00cf9a00 DPL=0 CS32 [-R-]
SS =0010 00000000 ffffffff 00cf9300 DPL=0 DS   [-WA]
DS =0010 00000000 ffffffff 00cf9300 DPL=0 DS   [-WA]
FS =0010 00000000 ffffffff 00cf9300 DPL=0 DS   [-WA]
GS =0010 00000000 ffffffff 00cf9300 DPL=0 DS   [-WA]
LDT=0000 00000000 0000ffff 00008200 DPL=0 LDT
TR =0028 00122cc0 00000067 00008900 DPL=0 TSS32-avl
GDT=     0011c274 0000002f
IDT=     0011ed20 000007ff
CR0=80000013 CR2=00000000 CR3=00400000 CR4=00000600
DR0=0000000000000000 DR1=0000000000000000 DR2=0000000000000000 DR3=0000000000000000 
DR6=00000000ffff0ff0 DR7=0000000000000400
CCS=00000010 CCD=0011c2b0 CCO=EFLAGS
EFER=0000000000000000
Servicing hardware INT=0x20
    85: v=20 e=0000 i=0 cpl=0 IP=0008:000000000010101e pc=000000000010101e SP=0010:000000000013c058 env->regs[R_EAX]=00000000000001d0
EAX=000001d0 EBX=0011c2b0 ECX=000000c4 EDX=000001f7
ESI=00300036 EDI=00000000 EBP=0013c06c ESP=0013c058
EIP=0010101e EFL=00000212 [----A--] CPL=0 II=0 A20=1 SMM=0 HLT=0
ES =0010 00000000 ffffffff 00cf9300 DPL=0 DS   [-WA]
CS =0008 00000000 ffffffff 00cf9a00 DPL=0 CS32 [-R-]
SS =0010 00000000 ffffffff 00cf9300 DPL=0 DS   [-WA]
DS =0010 00000000 ffffffff 00cf9300 DPL=0 DS   [-WA]
FS =0010 00000000 ffffffff 00cf9300 DPL=0 DS   [-WA]
GS =0010 00000000 ffffffff 00cf9300 DPL=0 DS   [-WA]
LDT=0000 00000000 0000ffff 00008200 DPL=0 LDT
TR =0028 00122cc0 00000067 00008900 DPL=0 TSS32-avl
GDT=     0011c274 0000002f
IDT=     0011ed20 000007ff
CR0=80000013 CR2=00000000 CR3=00400000 CR4=00000600
DR0=0000000000000000 DR1=0000000000000000 DR2=0000000000000000 DR3=0000000000000000 
DR6=00000000ffff0ff0 DR7=0000000000000400
CCS=00000010 CCD=0011c2b0 CCO=EFLAGS
EFER=0000000000000000
Servicing hardware INT=0x20
    86: v=20 e=0000 i=0 cpl=0 IP=0008:000000000010101e pc=000000000010101e SP=0010:000000000013c058 env->regs[R_EAX]=00000000000001d0
EAX=000001d0 EBX=0011c2b0 ECX=000000ab EDX=000001f7
ESI=00300036 EDI=00000000 EBP=0013c06c ESP=0013c058
EIP=0010101e EFL=00000212 [----A--] CPL=0 II=0 A20=1 SMM=0 HLT=0
ES =0010 00000000 ffffffff 00cf9300 DPL=0 DS   [-WA]
CS =0008 00000000 ffffffff 00cf9a00 DPL=0 CS32 [-R-]
SS =0010 00000000 ffffffff 00cf9300 DPL=0 DS   [-WA]
DS =0010 00000000 ffffffff 00cf9300 DPL=0 DS   [-WA]
FS =0010 00000000 ffffffff 00cf9300 DPL=0 DS   [-WA]
GS =0010 00000000 ffffffff 00cf9300 DPL=0 DS   [-WA]
LDT=0000 00000000 0000ffff 00008200 DPL=0 LDT
TR =0028 00122cc0 00000067 00008900 DPL=0 TSS32-avl
GDT=     0011c274 0000002f
IDT=     0011ed20 000007ff
CR0=80000013 CR2=00000000 CR3=00400000 CR4=00000600
DR0=0000000000000000 DR1=0000000000000000 DR2=0000000000000000 DR3=0000000000000000 
DR6=00000000ffff0ff0 DR7=0000000000000400
CCS=00000010 CCD=0011c2b0 CCO=EFLAGS
EFER=0000000000000000
Servicing hardware INT=0x20
    87: v=20 e=0000 i=0 cpl=0 IP=0008:000000000010101e pc=000000000010101e SP=0010:000000000013c058 env->regs[R_EAX]=0000000000000150
EAX=00000150 EBX=0011c2b0 ECX=000000ab EDX=000001f7
ESI=00300036 EDI=00000000 EBP=0013c06c ESP=0013c058
EIP=0010101e EFL=00000212 [----A--] CPL=0 II=0 A20=1 SMM=0 HLT=0
ES =0010 00000000 ffffffff 00cf9300 DPL=0 DS   [-WA]
CS =0008 00000000 ffffffff 00cf9a00 DPL=0 CS32 [-R-]
SS =0010 00000000 ffffffff 00cf9300 DPL=0 DS   [-WA]
DS =0010 00000000 ffffffff 00cf9300 DPL=0 DS   [-WA]
FS =0010 00000000 ffffffff 00cf9300 DPL=0 DS   [-WA]
GS =0010 00000000 ffffffff 00cf9300 DPL=0 DS   [-WA]
LDT=0000 00000000 0000ffff 00008200 DPL=0 LDT
TR =0028 00122cc0 00000067 00008900 DPL=0 TSS32-avl
GDT=     0011c274 0000002f
IDT=     0011ed20 000007ff
CR0=80000013 CR2=00000000 CR3=00400000 CR4=00000600
DR0=0000000000000000 DR1=0000000000000000 DR2=0000000000000000 DR3=0000000000000000 
DR6=00000000ffff0ff0 DR7=0000000000000400
CCS=00000010 CCD=0011c2b0 CCO=EFLAGS
EFER=0000000000000000
Servicing hardware INT=0x20
    88: v=20 e=0000 i=0 cpl=0 IP=0008:000000000010101e pc=000000000010101e SP=0010:000000000013c058 env->regs[R_EAX]=0000000000000150
EAX=00000150 EBX=0011c2b0 ECX=000000b5 EDX=000001f7
ESI=00300036 EDI=00000000 EBP=0013c06c ESP=0013c058
EIP=0010101e EFL=00000212 [----A--] CPL=0 II=0 A20=1 SMM=0 HLT=0
ES =0010 00000000 ffffffff 00cf9300 DPL=0 DS   [-WA]
CS =0008 00000000 ffffffff 00cf9a00 DPL=0 CS32 [-R-]
SS =0010 00000000 ffffffff 00cf9300 DPL=0 DS   [-WA]
DS =0010 00000000 ffffffff 00cf9300 DPL=0 DS   [-WA]
FS =0010 00000000 ffffffff 00cf9300 DPL=0 DS   [-WA]
GS =0010 00000000 ffffffff 00cf9300 DPL=0 DS   [-WA]
LDT=0000 00000000 0000ffff 00008200 DPL=0 LDT
TR =0028 00122cc0 00000067 00008900 DPL=0 TSS32-avl
GDT=     0011c274 0000002f
IDT=     0011ed20 000007ff
CR0=80000013 CR2=00000000 CR3=00400000 CR4=00000600
DR0=0000000000000000 DR1=0000000000000000 DR2=0000000000000000 DR3=0000000000000000 
DR6=00000000ffff0ff0 DR7=0000000000000400
CCS=00000010 CCD=0011c2b0 CCO=EFLAGS
EFER=0000000000000000
Servicing hardware INT=0x20
    89: v=20 e=0000 i=0 cpl=0 IP=0008:000000000010101e pc=000000000010101e SP=0010:000000000013c058 env->regs[R_EAX]=0000000000000150
EAX=00000150 EBX=0011c2b0 ECX=000000ab EDX=000001f7
ESI=00300036 EDI=00000000 EBP=0013c06c ESP=0013c058
EIP=0010101e EFL=00000212 [----A--] CPL=0 II=0 A20=1 SMM=0 HLT=0
ES =0010 00000000 ffffffff 00cf9300 DPL=0 DS   [-WA]
CS =0008 00000000 ffffffff 00cf9a00 DPL=0 CS32 [-R-]
SS =0010 00000000 ffffffff 00cf9300 DPL=0 DS   [-WA]
DS =0010 00000000 ffffffff 00cf9300 DPL=0 DS   [-WA]
FS =0010 00000000 ffffffff 00cf9300 DPL=0 DS   [-WA]
GS =0010 00000000 ffffffff 00cf9300 DPL=0 DS   [-WA]
LDT=0000 00000000 0000ffff 00008200 DPL=0 LDT
TR =0028 00122cc0 00000067 00008900 DPL=0 TSS32-avl
GDT=     0011c274 0000002f
IDT=     0011ed20 000007ff
CR0=80000013 CR2=00000000 CR3=00400000 CR4=00000600
DR0=0000000000000000 DR1=0000000000000000 DR2=0000000000000000 DR3=0000000000000000 
DR6=00000000ffff0ff0 DR7=0000000000000400
CCS=00000010 CCD=0011c2b0 CCO=EFLAGS
EFER=0000000000000000
Servicing hardware INT=0x20
    90: v=20 e=0000 i=0 cpl=0 IP=0008:000000000010101e pc=000000000010101e SP=0010:000000000013c058 env->regs[R_EAX]=00000000000001d0
EAX=000001d0 EBX=0011c2b0 ECX=000000c4 EDX=000001f7
ESI=00300036 EDI=00000000 EBP=0013c06c ESP=0013c058
EIP=0010101e EFL=00000212 [----A--] CPL=0 II=0 A20=1 SMM=0 HLT=0
ES =0010 00000000 ffffffff 00cf9300 DPL=0 DS   [-WA]
CS =0008 00000000 ffffffff 00cf9a00 DPL=0 CS32 [-R-]
SS =0010 00000000 ffffffff 00cf9300 DPL=0 DS   [-WA]
DS =0010 00000000 ffffffff 00cf9300 DPL=0 DS   [-WA]
FS =0010 00000000 ffffffff 00cf9300 DPL=0 DS   [-WA]
GS =0010 00000000 ffffffff 00cf9300 DPL=0 DS   [-WA]
LDT=0000 00000000 0000ffff 00008200 DPL=0 LDT
TR =0028 00122cc0 00000067 00008900 DPL=0 TSS32-avl
GDT=     0011c274 0000002f
IDT=     0011ed20 000007ff
CR0=80000013 CR2=00000000 CR3=00400000 CR4=00000600
DR0=0000000000000000 DR1=0000000000000000 DR2=0000000000000000 DR3=0000000000000000 
DR6=00000000ffff0ff0 DR7=0000000000000400
CCS=00000010 CCD=0011c2b0 CCO=EFLAGS
EFER=0000000000000000
Servicing hardware INT=0x20
    91: v=20 e=0000 i=0 cpl=0 IP=0008:00000000001010a1 pc=00000000001010a1 SP=0010:000000000013c078 env->regs[R_EAX]=0000000000004aab
EAX=00004aab EBX=0011c2b0 ECX=000000ab EDX=000001f0
ESI=00300036 EDI=00000000 EBP=0013c080 ESP=0013c078
EIP=001010a1 EFL=00000212 [----A--] CPL=0 II=0 A20=1 SMM=0 HLT=0
ES =0010 00000000 ffffffff 00cf9300 DPL=0 DS   [-WA]
CS =0008 00000000 ffffffff 00cf9a00 DPL=0 CS32 [-R-]
SS =0010 00000000 ffffffff 00cf9300 DPL=0 DS   [-WA]
DS =0010 00000000 ffffffff 00cf9300 DPL=0 DS   [-WA]
FS =0010 00000000 ffffffff 00cf9300 DPL=0 DS   [-WA]
GS =0010 00000000 ffffffff 00cf9300 DPL=0 DS   [-WA]
LDT=0000 00000000 0000ffff 00008200 DPL=0 LDT
TR =0028 00122cc0 00000067 00008900 DPL=0 TSS32-avl
GDT=     0011c274 0000002f
IDT=     0011ed20 000007ff
CR0=80000013 CR2=00000000 CR3=00400000 CR4=00000600
DR0=0000000000000000 DR1=0000000000000000 DR2=0000000000000000 DR3=0000000000000000 
DR6=00000000ffff0ff0 DR7=0000000000000400
CCS=00000010 CCD=0011c2b0 CCO=EFLAGS
EFER=0000000000000000
Servicing hardware INT=0x20
    92: v=20 e=0000 i=0 cpl=0 IP=0008:000000000010101e pc=000000000010101e SP=0010:000000000013c058 env->regs[R_EAX]=0000000000000150
EAX=00000150 EBX=0011c2b0 ECX=000000c4 EDX=000001f7
ESI=00300036 EDI=00000000 EBP=0013c06c ESP=0013c058
EIP=0010101e EFL=00000212 [----A--] CPL=0 II=0 A20=1 SMM=0 HLT=0
ES =0010 00000000 ffffffff 00cf9300 DPL=0 DS   [-WA]
CS =0008 00000000 ffffffff 00cf9a00 DPL=0 CS32 [-R-]
SS =0010 00000000 ffffffff 00cf9300 DPL=0 DS   [-WA]
DS =0010 00000000 ffffffff 00cf9300 DPL=0 DS   [-WA]
FS =0010 00000000 ffffffff 00cf9300 DPL=0 DS   [-WA]
GS =0010 00000000 ffffffff 00cf9300 DPL=0 DS   [-WA]
LDT=0000 00000000 0000ffff 00008200 DPL=0 LDT
TR =0028 00122cc0 00000067 00008900 DPL=0 TSS32-avl
GDT=     0011c274 0000002f
IDT=     0011ed20 000007ff
CR0=80000013 CR2=00000000 CR3=00400000 CR4=00000600
DR0=0000000000000000 DR1=0000000000000000 DR2=0000000000000000 DR3=0000000000000000 
DR6=00000000ffff0ff0 DR7=0000000000000400
CCS=00000010 CCD=0011c2b0 CCO=EFLAGS
EFER=0000000000000000
Servicing hardware INT=0x20
    93: v=20 e=0000 i=0 cpl=0 IP=0008:000000000010b32a pc=000000000010b32a SP=0010:000000000013cce8 env->regs[R_EAX]=000000000000b8a5
EAX=0000b8a5 EBX=0011c2b0 ECX=0000000b EDX=000003d5
ESI=00000000 EDI=00000000 EBP=0013cd00 ESP=0013cce8
EIP=0010b32a EFL=00000297 [--S-APC] CPL=0 II=0 A20=1 SMM=0 HLT=0
ES =0010 00000000 ffffffff 00cf9300 DPL=0 DS   [-WA]
CS =0008 00000000 ffffffff 00cf9a00 DPL=0 CS32 [-R-]
SS =0010 00000000 ffffffff 00cf9300 DPL=0 DS   [-WA]
DS =0010 00000000 ffffffff 00cf9300 DPL=0 DS   [-WA]
FS =0010 00000000 ffffffff 00cf9300 DPL=0 DS   [-WA]
GS =0010 00000000 ffffffff 00cf9300 DPL=0 DS   [-WA]
LDT=0000 00000000 0000ffff 00008200 DPL=0 LDT
TR =0028 00122cc0 00000067 00008900 DPL=0 TSS32-avl
GDT=     0011c274 0000002f
IDT=     0011ed20 000007ff
CR0=80000013 CR2=00000000 CR3=00400000 CR4=00000600
DR0=0000000000000000 DR1=0000000000000000 DR2=0000000000000000 DR3=0000000000000000 
DR6=00000000ffff0ff0 DR7=0000000000000400
CCS=00000095 CCD=fecf8ba6 CCO=EFLAGS
EFER=0000000000000000
Servicing hardware INT=0x20
    94: v=20 e=0000 i=0 cpl=0 IP=0008:000000000010b32a pc=000000000010b32a SP=0010:000000000013cce8 env->regs[R_EAX]=000000000005b57c
EAX=0005b57c EBX=0011c2b0 ECX=0000000b EDX=000003d5
ESI=00000000 EDI=00000000 EBP=0013cd00 ESP=0013cce8
EIP=0010b32a EFL=00000297 [--S-APC] CPL=0 II=0 A20=1 SMM=0 HLT=0
ES =0010 00000000 ffffffff 00cf9300 DPL=0 DS   [-WA]
CS =0008 00000000 ffffffff 00cf9a00 DPL=0 CS32 [-R-]
SS =0010 00000000 ffffffff 00cf9300 DPL=0 DS   [-WA]
DS =0010 00000000 ffffffff 00cf9300 DPL=0 DS   [-WA]
FS =0010 00000000 ffffffff 00cf9300 DPL=0 DS   [-WA]
GS =0010 00000000 ffffffff 00cf9300 DPL=0 DS   [-WA]
LDT=0000 00000000 0000ffff 00008200 DPL=0 LDT
TR =0028 00122cc0 00000067 00008900 DPL=0 TSS32-avl
GDT=     0011c274 0000002f
IDT=     0011ed20 000007ff
CR0=80000013 CR2=00000000 CR3=00400000 CR4=00000600
DR0=0000000000000000 DR1=0000000000000000 DR2=0000000000000000 DR3=0000000000000000 
DR6=00000000ffff0ff0 DR7=0000000000000400
CCS=00000095 CCD=fed4887d CCO=EFLAGS
EFER=0000000000000000
Servicing hardware INT=0x20
    95: v=20 e=0000 i=0 cpl=0 IP=0008:000000000010b32a pc=000000000010b32a SP=0010:000000000013cce8 env->regs[R_EAX]=00000000000a986a
EAX=000a986a EBX=0011c2b0 ECX=0000000b EDX=000003d5
ESI=00000000 EDI=00000000 EBP=0013cd00 ESP=0013cce8
EIP=0010b32a EFL=00000293 [--S-A-C] CPL=0 II=0 A20=1 SMM=0 HLT=0
ES =0010 00000000 ffffffff 00cf9300 DPL=0 DS   [-WA]
CS =0008 00000000 ffffffff 00cf9a00 DPL=0 CS32 [-R-]
SS =0010 00000000 ffffffff 00cf9300 DPL=0 DS   [-WA]
DS =0010 00000000 ffffffff 00cf9300 DPL=0 DS   [-WA]
FS =0010 00000000 ffffffff 00cf9300 DPL=0 DS   [-WA]
GS =0010 00000000 ffffffff 00cf9300 DPL=0 DS   [-WA]
LDT=0000 00000000 0000ffff 00008200 DPL=0 LDT
TR =0028 00122cc0 00000067 00008900 DPL=0 TSS32-avl
GDT=     0011c274 0000002f
IDT=     0011ed20 000007ff
CR0=80000013 CR2=00000000 CR3=00400000 CR4=00000600
DR0=0000000000000000 DR1=0000000000000000 DR2=0000000000000000 DR3=0000000000000000 
DR6=00000000ffff0ff0 DR7=0000000000000400
CCS=00000091 CCD=fed96b6b CCO=EFLAGS
EFER=0000000000000000
Servicing hardware INT=0x20
    96: v=20 e=0000 i=0 cpl=0 IP=0008:000000000010b32a pc=000000000010b32a SP=0010:000000000013cce8 env->regs[R_EAX]=0000000000101c13
EAX=00101c13 EBX=0011c2b0 ECX=0000000b EDX=000003d5
ESI=00000000 EDI=00000000 EBP=0013cd00 ESP=0013cce8
EIP=0010b32a EFL=00000297 [--S-APC] CPL=0 II=0 A20=1 SMM=0 HLT=0
ES =0010 00000000 ffffffff 00cf9300 DPL=0 DS   [-WA]
CS =0008 00000000 ffffffff 00cf9a00 DPL=0 CS32 [-R-]
SS =0010 00000000 ffffffff 00cf9300 DPL=0 DS   [-WA]
DS =0010 00000000 ffffffff 00cf9300 DPL=0 DS   [-WA]
FS =0010 00000000 ffffffff 00cf9300 DPL=0 DS   [-WA]
GS =0010 00000000 ffffffff 00cf9300 DPL=0 DS   [-WA]
LDT=0000 00000000 0000ffff 00008200 DPL=0 LDT
TR =0028 00122cc0 00000067 00008900 DPL=0 TSS32-avl
GDT=     0011c274 0000002f
IDT=     0011ed20 000007ff
CR0=80000013 CR2=00000000 CR3=00400000 CR4=00000600
DR0=0000000000000000 DR1=0000000000000000 DR2=0000000000000000 DR3=0000000000000000 
DR6=00000000ffff0ff0 DR7=0000000000000400
CCS=00000095 CCD=fedeef14 CCO=EFLAGS
EFER=0000000000000000
Servicing hardware INT=0x20
    97: v=20 e=0000 i=0 cpl=0 IP=0008:000000000010b32a pc=000000000010b32a SP=0010:000000000013cce8 env->regs[R_EAX]=0000000000151d01
EAX=00151d01 EBX=0011c2b0 ECX=0000000b EDX=000003d5
ESI=00000000 EDI=00000000 EBP=0013cd00 ESP=0013cce8
EIP=0010b32a EFL=00000293 [--S-A-C] CPL=0 II=0 A20=1 SMM=0 HLT=0
ES =0010 00000000 ffffffff 00cf9300 DPL=0 DS   [-WA]
CS =0008 00000000 ffffffff 00cf9a00 DPL=0 CS32 [-R-]
SS =0010 00000000 ffffffff 00cf9300 DPL=0 DS   [-WA]
DS =0010 00000000 ffffffff 00cf9300 DPL=0 DS   [-WA]
FS =0010 00000000 ffffffff 00cf9300 DPL=0 DS   [-WA]
GS =0010 00000000 ffffffff 00cf9300 DPL=0 DS   [-WA]
LDT=0000 00000000 0000ffff 00008200 DPL=0 LDT
TR =0028 00122cc0 00000067 00008900 DPL=0 TSS32-avl
GDT=     0011c274 0000002f
IDT=     0011ed20 000007ff
CR0=80000013 CR2=00000000 CR3=00400000 CR4=00000600
DR0=0000000000000000 DR1=0000000000000000 DR2=0000000000000000 DR3=0000000000000000 
DR6=00000000ffff0ff0 DR7=0000000000000400
CCS=00000091 CCD=fee3f002 CCO=EFLAGS
EFER=0000000000000000
Servicing hardware INT=0x20
    98: v=20 e=0000 i=0 cpl=0 IP=0008:000000000010b32a pc=000000000010b32a SP=0010:000000000013cce8 env->regs[R_EAX]=00000000001a10a3
EAX=001a10a3 EBX=0011c2b0 ECX=0000000b EDX=000003d5
ESI=00000000 EDI=00000000 EBP=0013cd00 ESP=0013cce8
EIP=0010b32a EFL=00000293 [--S-A-C] CPL=0 II=0 A20=1 SMM=0 HLT=0
ES =0010 00000000 ffffffff 00cf9300 DPL=0 DS   [-WA]
CS =0008 00000000 ffffffff 00cf9a00 DPL=0 CS32 [-R-]
SS =0010 00000000 ffffffff 00cf9300 DPL=0 DS   [-WA]
DS =0010 00000000 ffffffff 00cf9300 DPL=0 DS   [-WA]
FS =0010 00000000 ffffffff 00cf9300 DPL=0 DS   [-WA]
GS =0010 00000000 ffffffff 00cf9300 DPL=0 DS   [-WA]
LDT=0000 00000000 0000ffff 00008200 DPL=0 LDT
TR =0028 00122cc0 00000067 00008900 DPL=0 TSS32-avl
GDT=     0011c274 0000002f
IDT=     0011ed20 000007ff
CR0=80000013 CR2=00000000 CR3=00400000 CR4=00000600
DR0=0000000000000000 DR1=0000000000000000 DR2=0000000000000000 DR3=0000000000000000 
DR6=00000000ffff0ff0 DR7=0000000000000400
CCS=00000091 CCD=fee8e3a4 CCO=EFLAGS
EFER=0000000000000000
Servicing hardware INT=0x20
    99: v=20 e=0000 i=0 cpl=0 IP=0008:000000000010b32a pc=000000000010b32a SP=0010:000000000013cce8 env->regs[R_EAX]=00000000001f5596
EAX=001f5596 EBX=0011c2b0 ECX=0000000b EDX=000003d5
ESI=00000000 EDI=00000000 EBP=0013cd00 ESP=0013cce8
EIP=0010b32a EFL=00000293 [--S-A-C] CPL=0 II=0 A20=1 SMM=0 HLT=0
ES =0010 00000000 ffffffff 00cf9300 DPL=0 DS   [-WA]
CS =0008 00000000 ffffffff 00cf9a00 DPL=0 CS32 [-R-]
SS =0010 00000000 ffffffff 00cf9300 DPL=0 DS   [-WA]
DS =0010 00000000 ffffffff 00cf9300 DPL=0 DS   [-WA]
FS =0010 00000000 ffffffff 00cf9300 DPL=0 DS   [-WA]
GS =0010 00000000 ffffffff 00cf9300 DPL=0 DS   [-WA]
LDT=0000 00000000 0000ffff 00008200 DPL=0 LDT
TR =0028 00122cc0 00000067 00008900 DPL=0 TSS32-avl
GDT=     0011c274 0000002f
IDT=     0011ed20 000007ff
CR0=80000013 CR2=00000000 CR3=00400000 CR4=00000600
DR0=0000000000000000 DR1=0000000000000000 DR2=0000000000000000 DR3=0000000000000000 
DR6=00000000ffff0ff0 DR7=0000000000000400
CCS=00000091 CCD=feee2897 CCO=EFLAGS
EFER=0000000000000000
Servicing hardware INT=0x20
   100: v=20 e=0000 i=0 cpl=0 IP=0008:000000000010b32a pc=000000000010b32a SP=0010:000000000013cce8 env->regs[R_EAX]=000000000024c8b3
EAX=0024c8b3 EBX=0011c2b0 ECX=0000000b EDX=000003d5
ESI=00000000 EDI=00000000 EBP=0013cd00 ESP=0013cce8
EIP=0010b32a EFL=00000297 [--S-APC] CPL=0 II=0 A20=1 SMM=0 HLT=0
ES =0010 00000000 ffffffff 00cf9300 DPL=0 DS   [-WA]
CS =0008 00000000 ffffffff 00cf9a00 DPL=0 CS32 [-R-]
SS =0010 00000000 ffffffff 00cf9300 DPL=0 DS   [-WA]
DS =0010 00000000 ffffffff 00cf9300 DPL=0 DS   [-WA]
FS =0010 00000000 ffffffff 00cf9300 DPL=0 DS   [-WA]
GS =0010 00000000 ffffffff 00cf9300 DPL=0 DS   [-WA]
LDT=0000 00000000 0000ffff 00008200 DPL=0 LDT
TR =0028 00122cc0 00000067 00008900 DPL=0 TSS32-avl
GDT=     0011c274 0000002f
IDT=     0011ed20 000007ff
CR0=80000013 CR2=00000000 CR3=00400000 CR4=00000600
DR0=0000000000000000 DR1=0000000000000000 DR2=0000000000000000 DR3=0000000000000000 
DR6=00000000ffff0ff0 DR7=0000000000000400
CCS=00000095 CCD=fef39bb4 CCO=EFLAGS
EFER=0000000000000000
Servicing hardware INT=0x20
   101: v=20 e=0000 i=0 cpl=0 IP=0008:000000000010b32a pc=000000000010b32a SP=0010:000000000013cce8 env->regs[R_EAX]=000000000029d8e4
EAX=0029d8e4 EBX=0011c2b0 ECX=0000000b EDX=000003d5
ESI=00000000 EDI=00000000 EBP=0013cd00 ESP=0013cce8
EIP=0010b32a EFL=00000293 [--S-A-C] CPL=0 II=0 A20=1 SMM=0 HLT=0
ES =0010 00000000 ffffffff 00cf9300 DPL=0 DS   [-WA]
CS =0008 00000000 ffffffff 00cf9a00 DPL=0 CS32 [-R-]
SS =0010 00000000 ffffffff 00cf9300 DPL=0 DS   [-WA]
DS =0010 00000000 ffffffff 00cf9300 DPL=0 DS   [-WA]
FS =0010 00000000 ffffffff 00cf9300 DPL=0 DS   [-WA]
GS =0010 00000000 ffffffff 00cf9300 DPL=0 DS   [-WA]
LDT=0000 00000000 0000ffff 00008200 DPL=0 LDT
TR =0028 00122cc0 00000067 00008900 DPL=0 TSS32-avl
GDT=     0011c274 0000002f
IDT=     0011ed20 000007ff
CR0=80000013 CR2=00000000 CR3=00400000 CR4=00000600
DR0=0000000000000000 DR1=0000000000000000 DR2=0000000000000000 DR3=0000000000000000 
DR6=00000000ffff0ff0 DR7=0000000000000400
CCS=00000091 CCD=fef8abe5 CCO=EFLAGS
EFER=0000000000000000
Servicing hardware INT=0x20
   102: v=20 e=0000 i=0 cpl=0 IP=0008:000000000010b32a pc=000000000010b32a SP=0010:000000000013cce8 env->regs[R_EAX]=00000000002f0273
EAX=002f0273 EBX=0011c2b0 ECX=0000000b EDX=000003d5
ESI=00000000 EDI=00000000 EBP=0013cd00 ESP=0013cce8
EIP=0010b32a EFL=00000297 [--S-APC] CPL=0 II=0 A20=1 SMM=0 HLT=0
ES =0010 00000000 ffffffff 00cf9300 DPL=0 DS   [-WA]
CS =0008 00000000 ffffffff 00cf9a00 DPL=0 CS32 [-R-]
SS =0010 00000000 ffffffff 00cf9300 DPL=0 DS   [-WA]
DS =0010 00000000 ffffffff 00cf9300 DPL=0 DS   [-WA]
FS =0010 00000000 ffffffff 00cf9300 DPL=0 DS   [-WA]
GS =0010 00000000 ffffffff 00cf9300 DPL=0 DS   [-WA]
LDT=0000 00000000 0000ffff 00008200 DPL=0 LDT
TR =0028 00122cc0 00000067 00008900 DPL=0 TSS32-avl
GDT=     0011c274 0000002f
IDT=     0011ed20 000007ff
CR0=80000013 CR2=00000000 CR3=00400000 CR4=00000600
DR0=0000000000000000 DR1=0000000000000000 DR2=0000000000000000 DR3=0000000000000000 
DR6=00000000ffff0ff0 DR7=0000000000000400
CCS=00000095 CCD=fefdd574 CCO=EFLAGS
EFER=0000000000000000
Servicing hardware INT=0x20
   103: v=20 e=0000 i=0 cpl=0 IP=0008:000000000010b32a pc=000000000010b32a SP=0010:000000000013cce8 env->regs[R_EAX]=0000000000343631
EAX=00343631 EBX=0011c2b0 ECX=0000000b EDX=000003d5
ESI=00000000 EDI=00000000 EBP=0013cd00 ESP=0013cce8
EIP=0010b32a EFL=00000293 [--S-A-C] CPL=0 II=0 A20=1 SMM=0 HLT=0
ES =0010 00000000 ffffffff 00cf9300 DPL=0 DS   [-WA]
CS =0008 00000000 ffffffff 00cf9a00 DPL=0 CS32 [-R-]
SS =0010 00000000 ffffffff 00cf9300 DPL=0 DS   [-WA]
DS =0010 00000000 ffffffff 00cf9300 DPL=0 DS   [-WA]
FS =0010 00000000 ffffffff 00cf9300 DPL=0 DS   [-WA]
GS =0010 00000000 ffffffff 00cf9300 DPL=0 DS   [-WA]
LDT=0000 00000000 0000ffff 00008200 DPL=0 LDT
TR =0028 00122cc0 00000067 00008900 DPL=0 TSS32-avl
GDT=     0011c274 0000002f
IDT=     0011ed20 000007ff
CR0=80000013 CR2=00000000 CR3=00400000 CR4=00000600
DR0=0000000000000000 DR1=0000000000000000 DR2=0000000000000000 DR3=0000000000000000 
DR6=00000000ffff0ff0 DR7=0000000000000400
CCS=00000091 CCD=ff030932 CCO=EFLAGS
EFER=0000000000000000
Servicing hardware INT=0x20
   104: v=20 e=0000 i=0 cpl=0 IP=0008:000000000010b32a pc=000000000010b32a SP=0010:000000000013cce8 env->regs[R_EAX]=000000000039ad84
EAX=0039ad84 EBX=0011c2b0 ECX=0000000b EDX=000003d5
ESI=00000000 EDI=00000000 EBP=0013cd00 ESP=0013cce8
EIP=0010b32a EFL=00000293 [--S-A-C] CPL=0 II=0 A20=1 SMM=0 HLT=0
ES =0010 00000000 ffffffff 00cf9300 DPL=0 DS   [-WA]
CS =0008 00000000 ffffffff 00cf9a00 DPL=0 CS32 [-R-]
SS =0010 00000000 ffffffff 00cf9300 DPL=0 DS   [-WA]
DS =0010 00000000 ffffffff 00cf9300 DPL=0 DS   [-WA]
FS =0010 00000000 ffffffff 00cf9300 DPL=0 DS   [-WA]
GS =0010 00000000 ffffffff 00cf9300 DPL=0 DS   [-WA]
LDT=0000 00000000 0000ffff 00008200 DPL=0 LDT
TR =0028 00122cc0 00000067 00008900 DPL=0 TSS32-avl
GDT=     0011c274 0000002f
IDT=     0011ed20 000007ff
CR0=80000013 CR2=00000000 CR3=00400000 CR4=00000600
DR0=0000000000000000 DR1=0000000000000000 DR2=0000000000000000 DR3=0000000000000000 
DR6=00000000ffff0ff0 DR7=0000000000000400
CCS=00000091 CCD=ff088085 CCO=EFLAGS
EFER=0000000000000000
Servicing hardware INT=0x20
   105: v=20 e=0000 i=0 cpl=0 IP=0008:000000000010b32a pc=000000000010b32a SP=0010:000000000013cce8 env->regs[R_EAX]=00000000003eb119
EAX=003eb119 EBX=0011c2b0 ECX=0000000b EDX=000003d5
ESI=00000000 EDI=00000000 EBP=0013cd00 ESP=0013cce8
EIP=0010b32a EFL=00000293 [--S-A-C] CPL=0 II=0 A20=1 SMM=0 HLT=0
ES =0010 00000000 ffffffff 00cf9300 DPL=0 DS   [-WA]
CS =0008 00000000 ffffffff 00cf9a00 DPL=0 CS32 [-R-]
SS =0010 00000000 ffffffff 00cf9300 DPL=0 DS   [-WA]
DS =0010 00000000 ffffffff 00cf9300 DPL=0 DS   [-WA]
FS =0010 00000000 ffffffff 00cf9300 DPL=0 DS   [-WA]
GS =0010 00000000 ffffffff 00cf9300 DPL=0 DS   [-WA]
LDT=0000 00000000 0000ffff 00008200 DPL=0 LDT
TR =0028 00122cc0 00000067 00008900 DPL=0 TSS32-avl
GDT=     0011c274 0000002f
IDT=     0011ed20 000007ff
CR0=80000013 CR2=00000000 CR3=00400000 CR4=00000600
DR0=0000000000000000 DR1=0000000000000000 DR2=0000000000000000 DR3=0000000000000000 
DR6=00000000ffff0ff0 DR7=0000000000000400
CCS=00000091 CCD=ff0d841a CCO=EFLAGS
EFER=0000000000000000
Servicing hardware INT=0x20
   106: v=20 e=0000 i=0 cpl=0 IP=0008:000000000010b32a pc=000000000010b32a SP=0010:000000000013cce8 env->regs[R_EAX]=00000000004406eb
EAX=004406eb EBX=0011c2b0 ECX=0000000b EDX=000003d5
ESI=00000000 EDI=00000000 EBP=0013cd00 ESP=0013cce8
EIP=0010b32a EFL=00000293 [--S-A-C] CPL=0 II=0 A20=1 SMM=0 HLT=0
ES =0010 00000000 ffffffff 00cf9300 DPL=0 DS   [-WA]
CS =0008 00000000 ffffffff 00cf9a00 DPL=0 CS32 [-R-]
SS =0010 00000000 ffffffff 00cf9300 DPL=0 DS   [-WA]
DS =0010 00000000 ffffffff 00cf9300 DPL=0 DS   [-WA]
FS =0010 00000000 ffffffff 00cf9300 DPL=0 DS   [-WA]
GS =0010 00000000 ffffffff 00cf9300 DPL=0 DS   [-WA]
LDT=0000 00000000 0000ffff 00008200 DPL=0 LDT
TR =0028 00122cc0 00000067 00008900 DPL=0 TSS32-avl
GDT=     0011c274 0000002f
IDT=     0011ed20 000007ff
CR0=80000013 CR2=00000000 CR3=00400000 CR4=00000600
DR0=0000000000000000 DR1=0000000000000000 DR2=0000000000000000 DR3=0000000000000000 
DR6=00000000ffff0ff0 DR7=0000000000000400
CCS=00000091 CCD=ff12d9ec CCO=EFLAGS
EFER=0000000000000000
Servicing hardware INT=0x20
   107: v=20 e=0000 i=0 cpl=0 IP=0008:000000000010b32a pc=000000000010b32a SP=0010:000000000013cce8 env->regs[R_EAX]=000000000048eb42
EAX=0048eb42 EBX=0011c2b0 ECX=0000000b EDX=000003d5
ESI=00000000 EDI=00000000 EBP=0013cd00 ESP=0013cce8
EIP=0010b32a EFL=00000293 [--S-A-C] CPL=0 II=0 A20=1 SMM=0 HLT=0
ES =0010 00000000 ffffffff 00cf9300 DPL=0 DS   [-WA]
CS =0008 00000000 ffffffff 00cf9a00 DPL=0 CS32 [-R-]
SS =0010 00000000 ffffffff 00cf9300 DPL=0 DS   [-WA]
DS =0010 00000000 ffffffff 00cf9300 DPL=0 DS   [-WA]
FS =0010 00000000 ffffffff 00cf9300 DPL=0 DS   [-WA]
GS =0010 00000000 ffffffff 00cf9300 DPL=0 DS   [-WA]
LDT=0000 00000000 0000ffff 00008200 DPL=0 LDT
TR =0028 00122cc0 00000067 00008900 DPL=0 TSS32-avl
GDT=     0011c274 0000002f
IDT=     0011ed20 000007ff
CR0=80000013 CR2=00000000 CR3=00400000 CR4=00000600
DR0=0000000000000000 DR1=0000000000000000 DR2=0000000000000000 DR3=0000000000000000 
DR6=00000000ffff0ff0 DR7=0000000000000400
CCS=00000091 CCD=ff17be43 CCO=EFLAGS
EFER=0000000000000000
Servicing hardware INT=0x20
   108: v=20 e=0000 i=0 cpl=0 IP=0008:000000000010b32a pc=000000000010b32a SP=0010:000000000013cce8 env->regs[R_EAX]=00000000004e6ed8
EAX=004e6ed8 EBX=0011c2b0 ECX=0000000b EDX=000003d5
ESI=00000000 EDI=00000000 EBP=0013cd00 ESP=0013cce8
EIP=0010b32a EFL=00000293 [--S-A-C] CPL=0 II=0 A20=1 SMM=0 HLT=0
ES =0010 00000000 ffffffff 00cf9300 DPL=0 DS   [-WA]
CS =0008 00000000 ffffffff 00cf9a00 DPL=0 CS32 [-R-]
SS =0010 00000000 ffffffff 00cf9300 DPL=0 DS   [-WA]
DS =0010 00000000 ffffffff 00cf9300 DPL=0 DS   [-WA]
FS =0010 00000000 ffffffff 00cf9300 DPL=0 DS   [-WA]
GS =0010 00000000 ffffffff 00cf9300 DPL=0 DS   [-WA]
LDT=0000 00000000 0000ffff 00008200 DPL=0 LDT
TR =0028 00122cc0 00000067 00008900 DPL=0 TSS32-avl
GDT=     0011c274 0000002f
IDT=     0011ed20 000007ff
CR0=80000013 CR2=00000000 CR3=00400000 CR4=00000600
DR0=0000000000000000 DR1=0000000000000000 DR2=0000000000000000 DR3=0000000000000000 
DR6=00000000ffff0ff0 DR7=0000000000000400
CCS=00000091 CCD=ff1d41d9 CCO=EFLAGS
EFER=0000000000000000
Servicing hardware INT=0x20
   109: v=20 e=0000 i=0 cpl=0 IP=0008:000000000010b32a pc=000000000010b32a SP=0010:000000000013cce8 env->regs[R_EAX]=0000000000536c5c
EAX=00536c5c EBX=0011c2b0 ECX=0000000b EDX=000003d5
ESI=00000000 EDI=00000000 EBP=0013cd00 ESP=0013cce8
EIP=0010b32a EFL=00000293 [--S-A-C] CPL=0 II=0 A20=1 SMM=0 HLT=0
ES =0010 00000000 ffffffff 00cf9300 DPL=0 DS   [-WA]
CS =0008 00000000 ffffffff 00cf9a00 DPL=0 CS32 [-R-]
SS =0010 00000000 ffffffff 00cf9300 DPL=0 DS   [-WA]
DS =0010 00000000 ffffffff 00cf9300 DPL=0 DS   [-WA]
FS =0010 00000000 ffffffff 00cf9300 DPL=0 DS   [-WA]
GS =0010 00000000 ffffffff 00cf9300 DPL=0 DS   [-WA]
LDT=0000 00000000 0000ffff 00008200 DPL=0 LDT
TR =0028 00122cc0 00000067 00008900 DPL=0 TSS32-avl
GDT=     0011c274 0000002f
IDT=     0011ed20 000007ff
CR0=80000013 CR2=00000000 CR3=00400000 CR4=00000600
DR0=0000000000000000 DR1=0000000000000000 DR2=0000000000000000 DR3=0000000000000000 
DR6=00000000ffff0ff0 DR7=0000000000000400
CCS=00000091 CCD=ff223f5d CCO=EFLAGS
EFER=0000000000000000
Servicing hardware INT=0x20
   110: v=20 e=0000 i=0 cpl=0 IP=0008:000000000010b32a pc=000000000010b32a SP=0010:000000000013cce8 env->regs[R_EAX]=00000000005887b3
EAX=005887b3 EBX=0011c2b0 ECX=0000000b EDX=000003d5
ESI=00000000 EDI=00000000 EBP=0013cd00 ESP=0013cce8
EIP=0010b32a EFL=00000297 [--S-APC] CPL=0 II=0 A20=1 SMM=0 HLT=0
ES =0010 00000000 ffffffff 00cf9300 DPL=0 DS   [-WA]
CS =0008 00000000 ffffffff 00cf9a00 DPL=0 CS32 [-R-]
SS =0010 00000000 ffffffff 00cf9300 DPL=0 DS   [-WA]
DS =0010 00000000 ffffffff 00cf9300 DPL=0 DS   [-WA]
FS =0010 00000000 ffffffff 00cf9300 DPL=0 DS   [-WA]
GS =0010 00000000 ffffffff 00cf9300 DPL=0 DS   [-WA]
LDT=0000 00000000 0000ffff 00008200 DPL=0 LDT
TR =0028 00122cc0 00000067 00008900 DPL=0 TSS32-avl
GDT=     0011c274 0000002f
IDT=     0011ed20 000007ff
CR0=80000013 CR2=00000000 CR3=00400000 CR4=00000600
DR0=0000000000000000 DR1=0000000000000000 DR2=0000000000000000 DR3=0000000000000000 
DR6=00000000ffff0ff0 DR7=0000000000000400
CCS=00000095 CCD=ff275ab4 CCO=EFLAGS
EFER=0000000000000000
Servicing hardware INT=0x20
   111: v=20 e=0000 i=0 cpl=0 IP=0008:000000000010b32a pc=000000000010b32a SP=0010:000000000013cce8 env->regs[R_EAX]=00000000005e2545
EAX=005e2545 EBX=0011c2b0 ECX=0000000b EDX=000003d5
ESI=00000000 EDI=00000000 EBP=0013cd00 ESP=0013cce8
EIP=0010b32a EFL=00000293 [--S-A-C] CPL=0 II=0 A20=1 SMM=0 HLT=0
ES =0010 00000000 ffffffff 00cf9300 DPL=0 DS   [-WA]
CS =0008 00000000 ffffffff 00cf9a00 DPL=0 CS32 [-R-]
SS =0010 00000000 ffffffff 00cf9300 DPL=0 DS   [-WA]
DS =0010 00000000 ffffffff 00cf9300 DPL=0 DS   [-WA]
FS =0010 00000000 ffffffff 00cf9300 DPL=0 DS   [-WA]
GS =0010 00000000 ffffffff 00cf9300 DPL=0 DS   [-WA]
LDT=0000 00000000 0000ffff 00008200 DPL=0 LDT
TR =0028 00122cc0 00000067 00008900 DPL=0 TSS32-avl
GDT=     0011c274 0000002f
IDT=     0011ed20 000007ff
CR0=80000013 CR2=00000000 CR3=00400000 CR4=00000600
DR0=0000000000000000 DR1=0000000000000000 DR2=0000000000000000 DR3=0000000000000000 
DR6=00000000ffff0ff0 DR7=0000000000000400
CCS=00000091 CCD=ff2cf846 CCO=EFLAGS
EFER=0000000000000000
Servicing hardware INT=0x20
   112: v=20 e=0000 i=0 cpl=0 IP=0008:000000000010b32a pc=000000000010b32a SP=0010:000000000013cce8 env->regs[R_EAX]=00000000006353d1
EAX=006353d1 EBX=0011c2b0 ECX=0000000b EDX=000003d5
ESI=00000000 EDI=00000000 EBP=0013cd00 ESP=0013cce8
EIP=0010b32a EFL=00000297 [--S-APC] CPL=0 II=0 A20=1 SMM=0 HLT=0
ES =0010 00000000 ffffffff 00cf9300 DPL=0 DS   [-WA]
CS =0008 00000000 ffffffff 00cf9a00 DPL=0 CS32 [-R-]
SS =0010 00000000 ffffffff 00cf9300 DPL=0 DS   [-WA]
DS =0010 00000000 ffffffff 00cf9300 DPL=0 DS   [-WA]
FS =0010 00000000 ffffffff 00cf9300 DPL=0 DS   [-WA]
GS =0010 00000000 ffffffff 00cf9300 DPL=0 DS   [-WA]
LDT=0000 00000000 0000ffff 00008200 DPL=0 LDT
TR =0028 00122cc0 00000067 00008900 DPL=0 TSS32-avl
GDT=     0011c274 0000002f
IDT=     0011ed20 000007ff
CR0=80000013 CR2=00000000 CR3=00400000 CR4=00000600
DR0=0000000000000000 DR1=0000000000000000 DR2=0000000000000000 DR3=0000000000000000 
DR6=00000000ffff0ff0 DR7=0000000000000400
CCS=00000095 CCD=ff3226d2 CCO=EFLAGS
EFER=0000000000000000
Servicing hardware INT=0x20
   113: v=20 e=0000 i=0 cpl=0 IP=0008:000000000010b32a pc=000000000010b32a SP=0010:000000000013cce8 env->regs[R_EAX]=0000000000688d42
EAX=00688d42 EBX=0011c2b0 ECX=0000000b EDX=000003d5
ESI=00000000 EDI=00000000 EBP=0013cd00 ESP=0013cce8
EIP=0010b32a EFL=00000293 [--S-A-C] CPL=0 II=0 A20=1 SMM=0 HLT=0
ES =0010 00000000 ffffffff 00cf9300 DPL=0 DS   [-WA]
CS =0008 00000000 ffffffff 00cf9a00 DPL=0 CS32 [-R-]
SS =0010 00000000 ffffffff 00cf9300 DPL=0 DS   [-WA]
DS =0010 00000000 ffffffff 00cf9300 DPL=0 DS   [-WA]
FS =0010 00000000 ffffffff 00cf9300 DPL=0 DS   [-WA]
GS =0010 00000000 ffffffff 00cf9300 DPL=0 DS   [-WA]
LDT=0000 00000000 0000ffff 00008200 DPL=0 LDT
TR =0028 00122cc0 00000067 00008900 DPL=0 TSS32-avl
GDT=     0011c274 0000002f
IDT=     0011ed20 000007ff
CR0=80000013 CR2=00000000 CR3=00400000 CR4=00000600
DR0=0000000000000000 DR1=0000000000000000 DR2=0000000000000000 DR3=0000000000000000 
DR6=00000000ffff0ff0 DR7=0000000000000400
CCS=00000091 CCD=ff376043 CCO=EFLAGS
EFER=0000000000000000
Servicing hardware INT=0x20
   114: v=20 e=0000 i=0 cpl=0 IP=0008:000000000010b32a pc=000000000010b32a SP=0010:000000000013cce8 env->regs[R_EAX]=00000000006e03d4
EAX=006e03d4 EBX=0011c2b0 ECX=0000000b EDX=000003d5
ESI=00000000 EDI=00000000 EBP=0013cd00 ESP=0013cce8
EIP=0010b32a EFL=00000293 [--S-A-C] CPL=0 II=0 A20=1 SMM=0 HLT=0
ES =0010 00000000 ffffffff 00cf9300 DPL=0 DS   [-WA]
CS =0008 00000000 ffffffff 00cf9a00 DPL=0 CS32 [-R-]
SS =0010 00000000 ffffffff 00cf9300 DPL=0 DS   [-WA]
DS =0010 00000000 ffffffff 00cf9300 DPL=0 DS   [-WA]
FS =0010 00000000 ffffffff 00cf9300 DPL=0 DS   [-WA]
GS =0010 00000000 ffffffff 00cf9300 DPL=0 DS   [-WA]
LDT=0000 00000000 0000ffff 00008200 DPL=0 LDT
TR =0028 00122cc0 00000067 00008900 DPL=0 TSS32-avl
GDT=     0011c274 0000002f
IDT=     0011ed20 000007ff
CR0=80000013 CR2=00000000 CR3=00400000 CR4=00000600
DR0=0000000000000000 DR1=0000000000000000 DR2=0000000000000000 DR3=0000000000000000 
DR6=00000000ffff0ff0 DR7=0000000000000400
CCS=00000091 CCD=ff3cd6d5 CCO=EFLAGS
EFER=0000000000000000
Servicing hardware INT=0x20
   115: v=20 e=0000 i=0 cpl=0 IP=0008:000000000010b32a pc=000000000010b32a SP=0010:000000000013cce8 env->regs[R_EAX]=000000000072e989
EAX=0072e989 EBX=0011c2b0 ECX=0000000b EDX=000003d5
ESI=00000000 EDI=00000000 EBP=0013cd00 ESP=0013cce8
EIP=0010b32a EFL=00000293 [--S-A-C] CPL=0 II=0 A20=1 SMM=0 HLT=0
ES =0010 00000000 ffffffff 00cf9300 DPL=0 DS   [-WA]
CS =0008 00000000 ffffffff 00cf9a00 DPL=0 CS32 [-R-]
SS =0010 00000000 ffffffff 00cf9300 DPL=0 DS   [-WA]
DS =0010 00000000 ffffffff 00cf9300 DPL=0 DS   [-WA]
FS =0010 00000000 ffffffff 00cf9300 DPL=0 DS   [-WA]
GS =0010 00000000 ffffffff 00cf9300 DPL=0 DS   [-WA]
LDT=0000 00000000 0000ffff 00008200 DPL=0 LDT
TR =0028 00122cc0 00000067 00008900 DPL=0 TSS32-avl
GDT=     0011c274 0000002f
IDT=     0011ed20 000007ff
CR0=80000013 CR2=00000000 CR3=00400000 CR4=00000600
DR0=0000000000000000 DR1=0000000000000000 DR2=0000000000000000 DR3=0000000000000000 
DR6=00000000ffff0ff0 DR7=0000000000000400
CCS=00000091 CCD=ff41bc8a CCO=EFLAGS
EFER=0000000000000000
Servicing hardware INT=0x20
   116: v=20 e=0000 i=0 cpl=0 IP=0008:000000000010b32a pc=000000000010b32a SP=0010:000000000013cce8 env->regs[R_EAX]=000000000078767a
EAX=0078767a EBX=0011c2b0 ECX=0000000b EDX=000003d5
ESI=00000000 EDI=00000000 EBP=0013cd00 ESP=0013cce8
EIP=0010b32a EFL=00000297 [--S-APC] CPL=0 II=0 A20=1 SMM=0 HLT=0
ES =0010 00000000 ffffffff 00cf9300 DPL=0 DS   [-WA]
CS =0008 00000000 ffffffff 00cf9a00 DPL=0 CS32 [-R-]
SS =0010 00000000 ffffffff 00cf9300 DPL=0 DS   [-WA]
DS =0010 00000000 ffffffff 00cf9300 DPL=0 DS   [-WA]
FS =0010 00000000 ffffffff 00cf9300 DPL=0 DS   [-WA]
GS =0010 00000000 ffffffff 00cf9300 DPL=0 DS   [-WA]
LDT=0000 00000000 0000ffff 00008200 DPL=0 LDT
TR =0028 00122cc0 00000067 00008900 DPL=0 TSS32-avl
GDT=     0011c274 0000002f
IDT=     0011ed20 000007ff
CR0=80000013 CR2=00000000 CR3=00400000 CR4=00000600
DR0=0000000000000000 DR1=0000000000000000 DR2=0000000000000000 DR3=0000000000000000 
DR6=00000000ffff0ff0 DR7=0000000000000400
CCS=00000095 CCD=ff47497b CCO=EFLAGS
EFER=0000000000000000
Servicing hardware INT=0x20
   117: v=20 e=0000 i=0 cpl=0 IP=0008:000000000010b32a pc=000000000010b32a SP=0010:000000000013cce8 env->regs[R_EAX]=00000000007d742d
EAX=007d742d EBX=0011c2b0 ECX=0000000b EDX=000003d5
ESI=00000000 EDI=00000000 EBP=0013cd00 ESP=0013cce8
EIP=0010b32a EFL=00000297 [--S-APC] CPL=0 II=0 A20=1 SMM=0 HLT=0
ES =0010 00000000 ffffffff 00cf9300 DPL=0 DS   [-WA]
CS =0008 00000000 ffffffff 00cf9a00 DPL=0 CS32 [-R-]
SS =0010 00000000 ffffffff 00cf9300 DPL=0 DS   [-WA]
DS =0010 00000000 ffffffff 00cf9300 DPL=0 DS   [-WA]
FS =0010 00000000 ffffffff 00cf9300 DPL=0 DS   [-WA]
GS =0010 00000000 ffffffff 00cf9300 DPL=0 DS   [-WA]
LDT=0000 00000000 0000ffff 00008200 DPL=0 LDT
TR =0028 00122cc0 00000067 00008900 DPL=0 TSS32-avl
GDT=     0011c274 0000002f
IDT=     0011ed20 000007ff
CR0=80000013 CR2=00000000 CR3=00400000 CR4=00000600
DR0=0000000000000000 DR1=0000000000000000 DR2=0000000000000000 DR3=0000000000000000 
DR6=00000000ffff0ff0 DR7=0000000000000400
CCS=00000095 CCD=ff4c472e CCO=EFLAGS
EFER=0000000000000000
Servicing hardware INT=0x20
   118: v=20 e=0000 i=0 cpl=0 IP=0008:000000000010b32a pc=000000000010b32a SP=0010:000000000013cce8 env->regs[R_EAX]=0000000000824c5b
EAX=00824c5b EBX=0011c2b0 ECX=0000000b EDX=000003d5
ESI=00000000 EDI=00000000 EBP=0013cd00 ESP=0013cce8
EIP=0010b32a EFL=00000297 [--S-APC] CPL=0 II=0 A20=1 SMM=0 HLT=0
ES =0010 00000000 ffffffff 00cf9300 DPL=0 DS   [-WA]
CS =0008 00000000 ffffffff 00cf9a00 DPL=0 CS32 [-R-]
SS =0010 00000000 ffffffff 00cf9300 DPL=0 DS   [-WA]
DS =0010 00000000 ffffffff 00cf9300 DPL=0 DS   [-WA]
FS =0010 00000000 ffffffff 00cf9300 DPL=0 DS   [-WA]
GS =0010 00000000 ffffffff 00cf9300 DPL=0 DS   [-WA]
LDT=0000 00000000 0000ffff 00008200 DPL=0 LDT
TR =0028 00122cc0 00000067 00008900 DPL=0 TSS32-avl
GDT=     0011c274 0000002f
IDT=     0011ed20 000007ff
CR0=80000013 CR2=00000000 CR3=00400000 CR4=00000600
DR0=0000000000000000 DR1=0000000000000000 DR2=0000000000000000 DR3=0000000000000000 
DR6=00000000ffff0ff0 DR7=0000000000000400
CCS=00000095 CCD=ff511f5c CCO=EFLAGS
EFER=0000000000000000
Servicing hardware INT=0x20
   119: v=20 e=0000 i=0 cpl=0 IP=0008:000000000010b32a pc=000000000010b32a SP=0010:000000000013cce8 env->regs[R_EAX]=000000000086e87b
EAX=0086e87b EBX=0011c2b0 ECX=0000000b EDX=000003d5
ESI=00000000 EDI=00000000 EBP=0013cd00 ESP=0013cce8
EIP=0010b32a EFL=00000293 [--S-A-C] CPL=0 II=0 A20=1 SMM=0 HLT=0
ES =0010 00000000 ffffffff 00cf9300 DPL=0 DS   [-WA]
CS =0008 00000000 ffffffff 00cf9a00 DPL=0 CS32 [-R-]
SS =0010 00000000 ffffffff 00cf9300 DPL=0 DS   [-WA]
DS =0010 00000000 ffffffff 00cf9300 DPL=0 DS   [-WA]
FS =0010 00000000 ffffffff 00cf9300 DPL=0 DS   [-WA]
GS =0010 00000000 ffffffff 00cf9300 DPL=0 DS   [-WA]
LDT=0000 00000000 0000ffff 00008200 DPL=0 LDT
TR =0028 00122cc0 00000067 00008900 DPL=0 TSS32-avl
GDT=     0011c274 0000002f
IDT=     0011ed20 000007ff
CR0=80000013 CR2=00000000 CR3=00400000 CR4=00000600
DR0=0000000000000000 DR1=0000000000000000 DR2=0000000000000000 DR3=0000000000000000 
DR6=00000000ffff0ff0 DR7=0000000000000400
CCS=00000091 CCD=ff55bb7c CCO=EFLAGS
EFER=0000000000000000
Servicing hardware INT=0x20
   120: v=20 e=0000 i=0 cpl=0 IP=0008:000000000010b32a pc=000000000010b32a SP=0010:000000000013cce8 env->regs[R_EAX]=00000000008bab01
EAX=008bab01 EBX=0011c2b0 ECX=0000000b EDX=000003d5
ESI=00000000 EDI=00000000 EBP=0013cd00 ESP=0013cce8
EIP=0010b32a EFL=00000293 [--S-A-C] CPL=0 II=0 A20=1 SMM=0 HLT=0
ES =0010 00000000 ffffffff 00cf9300 DPL=0 DS   [-WA]
CS =0008 00000000 ffffffff 00cf9a00 DPL=0 CS32 [-R-]
SS =0010 00000000 ffffffff 00cf9300 DPL=0 DS   [-WA]
DS =0010 00000000 ffffffff 00cf9300 DPL=0 DS   [-WA]
FS =0010 00000000 ffffffff 00cf9300 DPL=0 DS   [-WA]
GS =0010 00000000 ffffffff 00cf9300 DPL=0 DS   [-WA]
LDT=0000 00000000 0000ffff 00008200 DPL=0 LDT
TR =0028 00122cc0 00000067 00008900 DPL=0 TSS32-avl
GDT=     0011c274 0000002f
IDT=     0011ed20 000007ff
CR0=80000013 CR2=00000000 CR3=00400000 CR4=00000600
DR0=0000000000000000 DR1=0000000000000000 DR2=0000000000000000 DR3=0000000000000000 
DR6=00000000ffff0ff0 DR7=0000000000000400
CCS=00000091 CCD=ff5a7e02 CCO=EFLAGS
EFER=0000000000000000
Servicing hardware INT=0x20
   121: v=20 e=0000 i=0 cpl=0 IP=0008:000000000010b32a pc=000000000010b32a SP=0010:000000000013cce8 env->regs[R_EAX]=000000000090e719
EAX=0090e719 EBX=0011c2b0 ECX=0000000b EDX=000003d5
ESI=00000000 EDI=00000000 EBP=0013cd00 ESP=0013cce8
EIP=0010b32a EFL=00000293 [--S-A-C] CPL=0 II=0 A20=1 SMM=0 HLT=0
ES =0010 00000000 ffffffff 00cf9300 DPL=0 DS   [-WA]
CS =0008 00000000 ffffffff 00cf9a00 DPL=0 CS32 [-R-]
SS =0010 00000000 ffffffff 00cf9300 DPL=0 DS   [-WA]
DS =0010 00000000 ffffffff 00cf9300 DPL=0 DS   [-WA]
FS =0010 00000000 ffffffff 00cf9300 DPL=0 DS   [-WA]
GS =0010 00000000 ffffffff 00cf9300 DPL=0 DS   [-WA]
LDT=0000 00000000 0000ffff 00008200 DPL=0 LDT
TR =0028 00122cc0 00000067 00008900 DPL=0 TSS32-avl
GDT=     0011c274 0000002f
IDT=     0011ed20 000007ff
CR0=80000013 CR2=00000000 CR3=00400000 CR4=00000600
DR0=0000000000000000 DR1=0000000000000000 DR2=0000000000000000 DR3=0000000000000000 
DR6=00000000ffff0ff0 DR7=0000000000000400
CCS=00000091 CCD=ff5fba1a CCO=EFLAGS
EFER=0000000000000000
Servicing hardware INT=0x20
   122: v=20 e=0000 i=0 cpl=0 IP=0008:000000000010b32a pc=000000000010b32a SP=0010:000000000013cce8 env->regs[R_EAX]=0000000000960c47
EAX=00960c47 EBX=0011c2b0 ECX=0000000b EDX=000003d5
ESI=00000000 EDI=00000000 EBP=0013cd00 ESP=0013cce8
EIP=0010b32a EFL=00000297 [--S-APC] CPL=0 II=0 A20=1 SMM=0 HLT=0
ES =0010 00000000 ffffffff 00cf9300 DPL=0 DS   [-WA]
CS =0008 00000000 ffffffff 00cf9a00 DPL=0 CS32 [-R-]
SS =0010 00000000 ffffffff 00cf9300 DPL=0 DS   [-WA]
DS =0010 00000000 ffffffff 00cf9300 DPL=0 DS   [-WA]
FS =0010 00000000 ffffffff 00cf9300 DPL=0 DS   [-WA]
GS =0010 00000000 ffffffff 00cf9300 DPL=0 DS   [-WA]
LDT=0000 00000000 0000ffff 00008200 DPL=0 LDT
TR =0028 00122cc0 00000067 00008900 DPL=0 TSS32-avl
GDT=     0011c274 0000002f
IDT=     0011ed20 000007ff
CR0=80000013 CR2=00000000 CR3=00400000 CR4=00000600
DR0=0000000000000000 DR1=0000000000000000 DR2=0000000000000000 DR3=0000000000000000 
DR6=00000000ffff0ff0 DR7=0000000000000400
CCS=00000095 CCD=ff64df48 CCO=EFLAGS
EFER=0000000000000000
Servicing hardware INT=0x20
   123: v=20 e=0000 i=0 cpl=0 IP=0008:000000000010b32a pc=000000000010b32a SP=0010:000000000013cce8 env->regs[R_EAX]=00000000009b158d
EAX=009b158d EBX=0011c2b0 ECX=0000000b EDX=000003d5
ESI=00000000 EDI=00000000 EBP=0013cd00 ESP=0013cce8
EIP=0010b32a EFL=00000297 [--S-APC] CPL=0 II=0 A20=1 SMM=0 HLT=0
ES =0010 00000000 ffffffff 00cf9300 DPL=0 DS   [-WA]
CS =0008 00000000 ffffffff 00cf9a00 DPL=0 CS32 [-R-]
SS =0010 00000000 ffffffff 00cf9300 DPL=0 DS   [-WA]
DS =0010 00000000 ffffffff 00cf9300 DPL=0 DS   [-WA]
FS =0010 00000000 ffffffff 00cf9300 DPL=0 DS   [-WA]
GS =0010 00000000 ffffffff 00cf9300 DPL=0 DS   [-WA]
LDT=0000 00000000 0000ffff 00008200 DPL=0 LDT
TR =0028 00122cc0 00000067 00008900 DPL=0 TSS32-avl
GDT=     0011c274 0000002f
IDT=     0011ed20 000007ff
CR0=80000013 CR2=00000000 CR3=00400000 CR4=00000600
DR0=0000000000000000 DR1=0000000000000000 DR2=0000000000000000 DR3=0000000000000000 
DR6=00000000ffff0ff0 DR7=0000000000000400
CCS=00000095 CCD=ff69e88e CCO=EFLAGS
EFER=0000000000000000
Servicing hardware INT=0x20
   124: v=20 e=0000 i=0 cpl=0 IP=0008:000000000010b32a pc=000000000010b32a SP=0010:000000000013cce8 env->regs[R_EAX]=00000000009ff827
EAX=009ff827 EBX=0011c2b0 ECX=0000000b EDX=000003d5
ESI=00000000 EDI=00000000 EBP=0013cd00 ESP=0013cce8
EIP=0010b32a EFL=00000297 [--S-APC] CPL=0 II=0 A20=1 SMM=0 HLT=0
ES =0010 00000000 ffffffff 00cf9300 DPL=0 DS   [-WA]
CS =0008 00000000 ffffffff 00cf9a00 DPL=0 CS32 [-R-]
SS =0010 00000000 ffffffff 00cf9300 DPL=0 DS   [-WA]
DS =0010 00000000 ffffffff 00cf9300 DPL=0 DS   [-WA]
FS =0010 00000000 ffffffff 00cf9300 DPL=0 DS   [-WA]
GS =0010 00000000 ffffffff 00cf9300 DPL=0 DS   [-WA]
LDT=0000 00000000 0000ffff 00008200 DPL=0 LDT
TR =0028 00122cc0 00000067 00008900 DPL=0 TSS32-avl
GDT=     0011c274 0000002f
IDT=     0011ed20 000007ff
CR0=80000013 CR2=00000000 CR3=00400000 CR4=00000600
DR0=0000000000000000 DR1=0000000000000000 DR2=0000000000000000 DR3=0000000000000000 
DR6=00000000ffff0ff0 DR7=0000000000000400
CCS=00000095 CCD=ff6ecb28 CCO=EFLAGS
EFER=0000000000000000
Servicing hardware INT=0x20
   125: v=20 e=0000 i=0 cpl=0 IP=0008:000000000010b32a pc=000000000010b32a SP=0010:000000000013cce8 env->regs[R_EAX]=0000000000a514d5
EAX=00a514d5 EBX=0011c2b0 ECX=0000000b EDX=000003d5
ESI=00000000 EDI=00000000 EBP=0013cd00 ESP=0013cce8
EIP=0010b32a EFL=00000293 [--S-A-C] CPL=0 II=0 A20=1 SMM=0 HLT=0
ES =0010 00000000 ffffffff 00cf9300 DPL=0 DS   [-WA]
CS =0008 00000000 ffffffff 00cf9a00 DPL=0 CS32 [-R-]
SS =0010 00000000 ffffffff 00cf9300 DPL=0 DS   [-WA]
DS =0010 00000000 ffffffff 00cf9300 DPL=0 DS   [-WA]
FS =0010 00000000 ffffffff 00cf9300 DPL=0 DS   [-WA]
GS =0010 00000000 ffffffff 00cf9300 DPL=0 DS   [-WA]
LDT=0000 00000000 0000ffff 00008200 DPL=0 LDT
TR =0028 00122cc0 00000067 00008900 DPL=0 TSS32-avl
GDT=     0011c274 0000002f
IDT=     0011ed20 000007ff
CR0=80000013 CR2=00000000 CR3=00400000 CR4=00000600
DR0=0000000000000000 DR1=0000000000000000 DR2=0000000000000000 DR3=0000000000000000 
DR6=00000000ffff0ff0 DR7=0000000000000400
CCS=00000091 CCD=ff73e7d6 CCO=EFLAGS
EFER=0000000000000000
Servicing hardware INT=0x20
   126: v=20 e=0000 i=0 cpl=0 IP=0008:000000000010b32a pc=000000000010b32a SP=0010:000000000013cce8 env->regs[R_EAX]=0000000000aa05a4
EAX=00aa05a4 EBX=0011c2b0 ECX=0000000b EDX=000003d5
ESI=00000000 EDI=00000000 EBP=0013cd00 ESP=0013cce8
EIP=0010b32a EFL=00000297 [--S-APC] CPL=0 II=0 A20=1 SMM=0 HLT=0
ES =0010 00000000 ffffffff 00cf9300 DPL=0 DS   [-WA]
CS =0008 00000000 ffffffff 00cf9a00 DPL=0 CS32 [-R-]
SS =0010 00000000 ffffffff 00cf9300 DPL=0 DS   [-WA]
DS =0010 00000000 ffffffff 00cf9300 DPL=0 DS   [-WA]
FS =0010 00000000 ffffffff 00cf9300 DPL=0 DS   [-WA]
GS =0010 00000000 ffffffff 00cf9300 DPL=0 DS   [-WA]
LDT=0000 00000000 0000ffff 00008200 DPL=0 LDT
TR =0028 00122cc0 00000067 00008900 DPL=0 TSS32-avl
GDT=     0011c274 0000002f
IDT=     0011ed20 000007ff
CR0=80000013 CR2=00000000 CR3=00400000 CR4=00000600
DR0=0000000000000000 DR1=0000000000000000 DR2=0000000000000000 DR3=0000000000000000 
DR6=00000000ffff0ff0 DR7=0000000000000400
CCS=00000095 CCD=ff78d8a5 CCO=EFLAGS
EFER=0000000000000000
Servicing hardware INT=0x20
   127: v=20 e=0000 i=0 cpl=0 IP=0008:000000000010b32a pc=000000000010b32a SP=0010:000000000013cce8 env->regs[R_EAX]=0000000000af0ea3
EAX=00af0ea3 EBX=0011c2b0 ECX=0000000b EDX=000003d5
ESI=00000000 EDI=00000000 EBP=0013cd00 ESP=0013cce8
EIP=0010b32a EFL=00000293 [--S-A-C] CPL=0 II=0 A20=1 SMM=0 HLT=0
ES =0010 00000000 ffffffff 00cf9300 DPL=0 DS   [-WA]
CS =0008 00000000 ffffffff 00cf9a00 DPL=0 CS32 [-R-]
SS =0010 00000000 ffffffff 00cf9300 DPL=0 DS   [-WA]
DS =0010 00000000 ffffffff 00cf9300 DPL=0 DS   [-WA]
FS =0010 00000000 ffffffff 00cf9300 DPL=0 DS   [-WA]
GS =0010 00000000 ffffffff 00cf9300 DPL=0 DS   [-WA]
LDT=0000 00000000 0000ffff 00008200 DPL=0 LDT
TR =0028 00122cc0 00000067 00008900 DPL=0 TSS32-avl
GDT=     0011c274 0000002f
IDT=     0011ed20 000007ff
CR0=80000013 CR2=00000000 CR3=00400000 CR4=00000600
DR0=0000000000000000 DR1=0000000000000000 DR2=0000000000000000 DR3=0000000000000000 
DR6=00000000ffff0ff0 DR7=0000000000000400
CCS=00000091 CCD=ff7de1a4 CCO=EFLAGS
EFER=0000000000000000
Servicing hardware INT=0x20
   128: v=20 e=0000 i=0 cpl=0 IP=0008:000000000010b32a pc=000000000010b32a SP=0010:000000000013cce8 env->regs[R_EAX]=0000000000b3c845
EAX=00b3c845 EBX=0011c2b0 ECX=0000000b EDX=000003d5
ESI=00000000 EDI=00000000 EBP=0013cd00 ESP=0013cce8
EIP=0010b32a EFL=00000293 [--S-A-C] CPL=0 II=0 A20=1 SMM=0 HLT=0
ES =0010 00000000 ffffffff 00cf9300 DPL=0 DS   [-WA]
CS =0008 00000000 ffffffff 00cf9a00 DPL=0 CS32 [-R-]
SS =0010 00000000 ffffffff 00cf9300 DPL=0 DS   [-WA]
DS =0010 00000000 ffffffff 00cf9300 DPL=0 DS   [-WA]
FS =0010 00000000 ffffffff 00cf9300 DPL=0 DS   [-WA]
GS =0010 00000000 ffffffff 00cf9300 DPL=0 DS   [-WA]
LDT=0000 00000000 0000ffff 00008200 DPL=0 LDT
TR =0028 00122cc0 00000067 00008900 DPL=0 TSS32-avl
GDT=     0011c274 0000002f
IDT=     0011ed20 000007ff
CR0=80000013 CR2=00000000 CR3=00400000 CR4=00000600
DR0=0000000000000000 DR1=0000000000000000 DR2=0000000000000000 DR3=0000000000000000 
DR6=00000000ffff0ff0 DR7=0000000000000400
CCS=00000091 CCD=ff829b46 CCO=EFLAGS
EFER=0000000000000000
Servicing hardware INT=0x20
   129: v=20 e=0000 i=0 cpl=0 IP=0008:000000000010b32a pc=000000000010b32a SP=0010:000000000013cce8 env->regs[R_EAX]=0000000000b84256
EAX=00b84256 EBX=0011c2b0 ECX=0000000b EDX=000003d5
ESI=00000000 EDI=00000000 EBP=0013cd00 ESP=0013cce8
EIP=0010b32a EFL=00000293 [--S-A-C] CPL=0 II=0 A20=1 SMM=0 HLT=0
ES =0010 00000000 ffffffff 00cf9300 DPL=0 DS   [-WA]
CS =0008 00000000 ffffffff 00cf9a00 DPL=0 CS32 [-R-]
SS =0010 00000000 ffffffff 00cf9300 DPL=0 DS   [-WA]
DS =0010 00000000 ffffffff 00cf9300 DPL=0 DS   [-WA]
FS =0010 00000000 ffffffff 00cf9300 DPL=0 DS   [-WA]
GS =0010 00000000 ffffffff 00cf9300 DPL=0 DS   [-WA]
LDT=0000 00000000 0000ffff 00008200 DPL=0 LDT
TR =0028 00122cc0 00000067 00008900 DPL=0 TSS32-avl
GDT=     0011c274 0000002f
IDT=     0011ed20 000007ff
CR0=80000013 CR2=00000000 CR3=00400000 CR4=00000600
DR0=0000000000000000 DR1=0000000000000000 DR2=0000000000000000 DR3=0000000000000000 
DR6=00000000ffff0ff0 DR7=0000000000000400
CCS=00000091 CCD=ff871557 CCO=EFLAGS
EFER=0000000000000000
Servicing hardware INT=0x20
   130: v=20 e=0000 i=0 cpl=0 IP=0008:000000000010b32a pc=000000000010b32a SP=0010:000000000013cce8 env->regs[R_EAX]=0000000000bcf1b5
EAX=00bcf1b5 EBX=0011c2b0 ECX=0000000b EDX=000003d5
ESI=00000000 EDI=00000000 EBP=0013cd00 ESP=0013cce8
EIP=0010b32a EFL=00000293 [--S-A-C] CPL=0 II=0 A20=1 SMM=0 HLT=0
ES =0010 00000000 ffffffff 00cf9300 DPL=0 DS   [-WA]
CS =0008 00000000 ffffffff 00cf9a00 DPL=0 CS32 [-R-]
SS =0010 00000000 ffffffff 00cf9300 DPL=0 DS   [-WA]
DS =0010 00000000 ffffffff 00cf9300 DPL=0 DS   [-WA]
FS =0010 00000000 ffffffff 00cf9300 DPL=0 DS   [-WA]
GS =0010 00000000 ffffffff 00cf9300 DPL=0 DS   [-WA]
LDT=0000 00000000 0000ffff 00008200 DPL=0 LDT
TR =0028 00122cc0 00000067 00008900 DPL=0 TSS32-avl
GDT=     0011c274 0000002f
IDT=     0011ed20 000007ff
CR0=80000013 CR2=00000000 CR3=00400000 CR4=00000600
DR0=0000000000000000 DR1=0000000000000000 DR2=0000000000000000 DR3=0000000000000000 
DR6=00000000ffff0ff0 DR7=0000000000000400
CCS=00000091 CCD=ff8bc4b6 CCO=EFLAGS
EFER=0000000000000000
Servicing hardware INT=0x20
   131: v=20 e=0000 i=0 cpl=0 IP=0008:000000000010b32a pc=000000000010b32a SP=0010:000000000013cce8 env->regs[R_EAX]=0000000000c27073
EAX=00c27073 EBX=0011c2b0 ECX=0000000b EDX=000003d5
ESI=00000000 EDI=00000000 EBP=0013cd00 ESP=0013cce8
EIP=0010b32a EFL=00000297 [--S-APC] CPL=0 II=0 A20=1 SMM=0 HLT=0
ES =0010 00000000 ffffffff 00cf9300 DPL=0 DS   [-WA]
CS =0008 00000000 ffffffff 00cf9a00 DPL=0 CS32 [-R-]
SS =0010 00000000 ffffffff 00cf9300 DPL=0 DS   [-WA]
DS =0010 00000000 ffffffff 00cf9300 DPL=0 DS   [-WA]
FS =0010 00000000 ffffffff 00cf9300 DPL=0 DS   [-WA]
GS =0010 00000000 ffffffff 00cf9300 DPL=0 DS   [-WA]
LDT=0000 00000000 0000ffff 00008200 DPL=0 LDT
TR =0028 00122cc0 00000067 00008900 DPL=0 TSS32-avl
GDT=     0011c274 0000002f
IDT=     0011ed20 000007ff
CR0=80000013 CR2=00000000 CR3=00400000 CR4=00000600
DR0=0000000000000000 DR1=0000000000000000 DR2=0000000000000000 DR3=0000000000000000 
DR6=00000000ffff0ff0 DR7=0000000000000400
CCS=00000095 CCD=ff914374 CCO=EFLAGS
EFER=0000000000000000
Servicing hardware INT=0x20
   132: v=20 e=0000 i=0 cpl=0 IP=0008:000000000010b32a pc=000000000010b32a SP=0010:000000000013cce8 env->regs[R_EAX]=0000000000c7ffd7
EAX=00c7ffd7 EBX=0011c2b0 ECX=0000000b EDX=000003d5
ESI=00000000 EDI=00000000 EBP=0013cd00 ESP=0013cce8
EIP=0010b32a EFL=00000297 [--S-APC] CPL=0 II=0 A20=1 SMM=0 HLT=0
ES =0010 00000000 ffffffff 00cf9300 DPL=0 DS   [-WA]
CS =0008 00000000 ffffffff 00cf9a00 DPL=0 CS32 [-R-]
SS =0010 00000000 ffffffff 00cf9300 DPL=0 DS   [-WA]
DS =0010 00000000 ffffffff 00cf9300 DPL=0 DS   [-WA]
FS =0010 00000000 ffffffff 00cf9300 DPL=0 DS   [-WA]
GS =0010 00000000 ffffffff 00cf9300 DPL=0 DS   [-WA]
LDT=0000 00000000 0000ffff 00008200 DPL=0 LDT
TR =0028 00122cc0 00000067 00008900 DPL=0 TSS32-avl
GDT=     0011c274 0000002f
IDT=     0011ed20 000007ff
CR0=80000013 CR2=00000000 CR3=00400000 CR4=00000600
DR0=0000000000000000 DR1=0000000000000000 DR2=0000000000000000 DR3=0000000000000000 
DR6=00000000ffff0ff0 DR7=0000000000000400
CCS=00000095 CCD=ff96d2d8 CCO=EFLAGS
EFER=0000000000000000
Servicing hardware INT=0x20
   133: v=20 e=0000 i=0 cpl=0 IP=0008:000000000010b32a pc=000000000010b32a SP=0010:000000000013cce8 env->regs[R_EAX]=0000000000cd282d
EAX=00cd282d EBX=0011c2b0 ECX=0000000b EDX=000003d5
ESI=00000000 EDI=00000000 EBP=0013cd00 ESP=0013cce8
EIP=0010b32a EFL=00000297 [--S-APC] CPL=0 II=0 A20=1 SMM=0 HLT=0
ES =0010 00000000 ffffffff 00cf9300 DPL=0 DS   [-WA]
CS =0008 00000000 ffffffff 00cf9a00 DPL=0 CS32 [-R-]
SS =0010 00000000 ffffffff 00cf9300 DPL=0 DS   [-WA]
DS =0010 00000000 ffffffff 00cf9300 DPL=0 DS   [-WA]
FS =0010 00000000 ffffffff 00cf9300 DPL=0 DS   [-WA]
GS =0010 00000000 ffffffff 00cf9300 DPL=0 DS   [-WA]
LDT=0000 00000000 0000ffff 00008200 DPL=0 LDT
TR =0028 00122cc0 00000067 00008900 DPL=0 TSS32-avl
GDT=     0011c274 0000002f
IDT=     0011ed20 000007ff
CR0=80000013 CR2=00000000 CR3=00400000 CR4=00000600
DR0=0000000000000000 DR1=0000000000000000 DR2=0000000000000000 DR3=0000000000000000 
DR6=00000000ffff0ff0 DR7=0000000000000400
CCS=00000095 CCD=ff9bfb2e CCO=EFLAGS
EFER=0000000000000000
Servicing hardware INT=0x20
   134: v=20 e=0000 i=0 cpl=0 IP=0008:000000000010b32a pc=000000000010b32a SP=0010:000000000013cce8 env->regs[R_EAX]=0000000000d232ab
EAX=00d232ab EBX=0011c2b0 ECX=0000000b EDX=000003d5
ESI=00000000 EDI=00000000 EBP=0013cd00 ESP=0013cce8
EIP=0010b32a EFL=00000297 [--S-APC] CPL=0 II=0 A20=1 SMM=0 HLT=0
ES =0010 00000000 ffffffff 00cf9300 DPL=0 DS   [-WA]
CS =0008 00000000 ffffffff 00cf9a00 DPL=0 CS32 [-R-]
SS =0010 00000000 ffffffff 00cf9300 DPL=0 DS   [-WA]
DS =0010 00000000 ffffffff 00cf9300 DPL=0 DS   [-WA]
FS =0010 00000000 ffffffff 00cf9300 DPL=0 DS   [-WA]
GS =0010 00000000 ffffffff 00cf9300 DPL=0 DS   [-WA]
LDT=0000 00000000 0000ffff 00008200 DPL=0 LDT
TR =0028 00122cc0 00000067 00008900 DPL=0 TSS32-avl
GDT=     0011c274 0000002f
IDT=     0011ed20 000007ff
CR0=80000013 CR2=00000000 CR3=00400000 CR4=00000600
DR0=0000000000000000 DR1=0000000000000000 DR2=0000000000000000 DR3=0000000000000000 
DR6=00000000ffff0ff0 DR7=0000000000000400
CCS=00000095 CCD=ffa105ac CCO=EFLAGS
EFER=0000000000000000
Servicing hardware INT=0x20
   135: v=20 e=0000 i=0 cpl=0 IP=0008:000000000010b32a pc=000000000010b32a SP=0010:000000000013cce8 env->regs[R_EAX]=0000000000d77d1b
EAX=00d77d1b EBX=0011c2b0 ECX=0000000b EDX=000003d5
ESI=00000000 EDI=00000000 EBP=0013cd00 ESP=0013cce8
EIP=0010b32a EFL=00000293 [--S-A-C] CPL=0 II=0 A20=1 SMM=0 HLT=0
ES =0010 00000000 ffffffff 00cf9300 DPL=0 DS   [-WA]
CS =0008 00000000 ffffffff 00cf9a00 DPL=0 CS32 [-R-]
SS =0010 00000000 ffffffff 00cf9300 DPL=0 DS   [-WA]
DS =0010 00000000 ffffffff 00cf9300 DPL=0 DS   [-WA]
FS =0010 00000000 ffffffff 00cf9300 DPL=0 DS   [-WA]
GS =0010 00000000 ffffffff 00cf9300 DPL=0 DS   [-WA]
LDT=0000 00000000 0000ffff 00008200 DPL=0 LDT
TR =0028 00122cc0 00000067 00008900 DPL=0 TSS32-avl
GDT=     0011c274 0000002f
IDT=     0011ed20 000007ff
CR0=80000013 CR2=00000000 CR3=00400000 CR4=00000600
DR0=0000000000000000 DR1=0000000000000000 DR2=0000000000000000 DR3=0000000000000000 
DR6=00000000ffff0ff0 DR7=0000000000000400
CCS=00000091 CCD=ffa6501c CCO=EFLAGS
EFER=0000000000000000
Servicing hardware INT=0x20
   136: v=20 e=0000 i=0 cpl=0 IP=0008:000000000010b32a pc=000000000010b32a SP=0010:000000000013cce8 env->regs[R_EAX]=0000000000dcdfdd
EAX=00dcdfdd EBX=0011c2b0 ECX=0000000b EDX=000003d5
ESI=00000000 EDI=00000000 EBP=0013cd00 ESP=0013cce8
EIP=0010b32a EFL=00000297 [--S-APC] CPL=0 II=0 A20=1 SMM=0 HLT=0
ES =0010 00000000 ffffffff 00cf9300 DPL=0 DS   [-WA]
CS =0008 00000000 ffffffff 00cf9a00 DPL=0 CS32 [-R-]
SS =0010 00000000 ffffffff 00cf9300 DPL=0 DS   [-WA]
DS =0010 00000000 ffffffff 00cf9300 DPL=0 DS   [-WA]
FS =0010 00000000 ffffffff 00cf9300 DPL=0 DS   [-WA]
GS =0010 00000000 ffffffff 00cf9300 DPL=0 DS   [-WA]
LDT=0000 00000000 0000ffff 00008200 DPL=0 LDT
TR =0028 00122cc0 00000067 00008900 DPL=0 TSS32-avl
GDT=     0011c274 0000002f
IDT=     0011ed20 000007ff
CR0=80000013 CR2=00000000 CR3=00400000 CR4=00000600
DR0=0000000000000000 DR1=0000000000000000 DR2=0000000000000000 DR3=0000000000000000 
DR6=00000000ffff0ff0 DR7=0000000000000400
CCS=00000095 CCD=ffabb2de CCO=EFLAGS
EFER=0000000000000000
Servicing hardware INT=0x20
   137: v=20 e=0000 i=0 cpl=0 IP=0008:000000000010b32a pc=000000000010b32a SP=0010:000000000013cce8 env->regs[R_EAX]=0000000000e1bd26
EAX=00e1bd26 EBX=0011c2b0 ECX=0000000b EDX=000003d5
ESI=00000000 EDI=00000000 EBP=0013cd00 ESP=0013cce8
EIP=0010b32a EFL=00000297 [--S-APC] CPL=0 II=0 A20=1 SMM=0 HLT=0
ES =0010 00000000 ffffffff 00cf9300 DPL=0 DS   [-WA]
CS =0008 00000000 ffffffff 00cf9a00 DPL=0 CS32 [-R-]
SS =0010 00000000 ffffffff 00cf9300 DPL=0 DS   [-WA]
DS =0010 00000000 ffffffff 00cf9300 DPL=0 DS   [-WA]
FS =0010 00000000 ffffffff 00cf9300 DPL=0 DS   [-WA]
GS =0010 00000000 ffffffff 00cf9300 DPL=0 DS   [-WA]
LDT=0000 00000000 0000ffff 00008200 DPL=0 LDT
TR =0028 00122cc0 00000067 00008900 DPL=0 TSS32-avl
GDT=     0011c274 0000002f
IDT=     0011ed20 000007ff
CR0=80000013 CR2=00000000 CR3=00400000 CR4=00000600
DR0=0000000000000000 DR1=0000000000000000 DR2=0000000000000000 DR3=0000000000000000 
DR6=00000000ffff0ff0 DR7=0000000000000400
CCS=00000095 CCD=ffb09027 CCO=EFLAGS
EFER=0000000000000000
Servicing hardware INT=0x20
   138: v=20 e=0000 i=0 cpl=0 IP=0008:000000000010b32a pc=000000000010b32a SP=0010:000000000013cce8 env->regs[R_EAX]=0000000000e68319
EAX=00e68319 EBX=0011c2b0 ECX=0000000b EDX=000003d5
ESI=00000000 EDI=00000000 EBP=0013cd00 ESP=0013cce8
EIP=0010b32a EFL=00000293 [--S-A-C] CPL=0 II=0 A20=1 SMM=0 HLT=0
ES =0010 00000000 ffffffff 00cf9300 DPL=0 DS   [-WA]
CS =0008 00000000 ffffffff 00cf9a00 DPL=0 CS32 [-R-]
SS =0010 00000000 ffffffff 00cf9300 DPL=0 DS   [-WA]
DS =0010 00000000 ffffffff 00cf9300 DPL=0 DS   [-WA]
FS =0010 00000000 ffffffff 00cf9300 DPL=0 DS   [-WA]
GS =0010 00000000 ffffffff 00cf9300 DPL=0 DS   [-WA]
LDT=0000 00000000 0000ffff 00008200 DPL=0 LDT
TR =0028 00122cc0 00000067 00008900 DPL=0 TSS32-avl
GDT=     0011c274 0000002f
IDT=     0011ed20 000007ff
CR0=80000013 CR2=00000000 CR3=00400000 CR4=00000600
DR0=0000000000000000 DR1=0000000000000000 DR2=0000000000000000 DR3=0000000000000000 
DR6=00000000ffff0ff0 DR7=0000000000000400
CCS=00000091 CCD=ffb5561a CCO=EFLAGS
EFER=0000000000000000
Servicing hardware INT=0x20
   139: v=20 e=0000 i=0 cpl=0 IP=0008:000000000010b32a pc=000000000010b32a SP=0010:000000000013cce8 env->regs[R_EAX]=0000000000ebfe19
EAX=00ebfe19 EBX=0011c2b0 ECX=0000000b EDX=000003d5
ESI=00000000 EDI=00000000 EBP=0013cd00 ESP=0013cce8
EIP=0010b32a EFL=00000293 [--S-A-C] CPL=0 II=0 A20=1 SMM=0 HLT=0
ES =0010 00000000 ffffffff 00cf9300 DPL=0 DS   [-WA]
CS =0008 00000000 ffffffff 00cf9a00 DPL=0 CS32 [-R-]
SS =0010 00000000 ffffffff 00cf9300 DPL=0 DS   [-WA]
DS =0010 00000000 ffffffff 00cf9300 DPL=0 DS   [-WA]
FS =0010 00000000 ffffffff 00cf9300 DPL=0 DS   [-WA]
GS =0010 00000000 ffffffff 00cf9300 DPL=0 DS   [-WA]
LDT=0000 00000000 0000ffff 00008200 DPL=0 LDT
TR =0028 00122cc0 00000067 00008900 DPL=0 TSS32-avl
GDT=     0011c274 0000002f
IDT=     0011ed20 000007ff
CR0=80000013 CR2=00000000 CR3=00400000 CR4=00000600
DR0=0000000000000000 DR1=0000000000000000 DR2=0000000000000000 DR3=0000000000000000 
DR6=00000000ffff0ff0 DR7=0000000000000400
CCS=00000091 CCD=ffbad11a CCO=EFLAGS
EFER=0000000000000000
Servicing hardware INT=0x20
   140: v=20 e=0000 i=0 cpl=0 IP=0008:000000000010b32a pc=000000000010b32a SP=0010:000000000013cce8 env->regs[R_EAX]=0000000000f15a45
EAX=00f15a45 EBX=0011c2b0 ECX=0000000b EDX=000003d5
ESI=00000000 EDI=00000000 EBP=0013cd00 ESP=0013cce8
EIP=0010b32a EFL=00000293 [--S-A-C] CPL=0 II=0 A20=1 SMM=0 HLT=0
ES =0010 00000000 ffffffff 00cf9300 DPL=0 DS   [-WA]
CS =0008 00000000 ffffffff 00cf9a00 DPL=0 CS32 [-R-]
SS =0010 00000000 ffffffff 00cf9300 DPL=0 DS   [-WA]
DS =0010 00000000 ffffffff 00cf9300 DPL=0 DS   [-WA]
FS =0010 00000000 ffffffff 00cf9300 DPL=0 DS   [-WA]
GS =0010 00000000 ffffffff 00cf9300 DPL=0 DS   [-WA]
LDT=0000 00000000 0000ffff 00008200 DPL=0 LDT
TR =0028 00122cc0 00000067 00008900 DPL=0 TSS32-avl
GDT=     0011c274 0000002f
IDT=     0011ed20 000007ff
CR0=80000013 CR2=00000000 CR3=00400000 CR4=00000600
DR0=0000000000000000 DR1=0000000000000000 DR2=0000000000000000 DR3=0000000000000000 
DR6=00000000ffff0ff0 DR7=0000000000000400
CCS=00000091 CCD=ffc02d46 CCO=EFLAGS
EFER=0000000000000000
Servicing hardware INT=0x20
   141: v=20 e=0000 i=0 cpl=0 IP=0008:000000000010b32a pc=000000000010b32a SP=0010:000000000013cce8 env->regs[R_EAX]=0000000000f673f2
EAX=00f673f2 EBX=0011c2b0 ECX=0000000b EDX=000003d5
ESI=00000000 EDI=00000000 EBP=0013cd00 ESP=0013cce8
EIP=0010b32a EFL=00000297 [--S-APC] CPL=0 II=0 A20=1 SMM=0 HLT=0
ES =0010 00000000 ffffffff 00cf9300 DPL=0 DS   [-WA]
CS =0008 00000000 ffffffff 00cf9a00 DPL=0 CS32 [-R-]
SS =0010 00000000 ffffffff 00cf9300 DPL=0 DS   [-WA]
DS =0010 00000000 ffffffff 00cf9300 DPL=0 DS   [-WA]
FS =0010 00000000 ffffffff 00cf9300 DPL=0 DS   [-WA]
GS =0010 00000000 ffffffff 00cf9300 DPL=0 DS   [-WA]
LDT=0000 00000000 0000ffff 00008200 DPL=0 LDT
TR =0028 00122cc0 00000067 00008900 DPL=0 TSS32-avl
GDT=     0011c274 0000002f
IDT=     0011ed20 000007ff
CR0=80000013 CR2=00000000 CR3=00400000 CR4=00000600
DR0=0000000000000000 DR1=0000000000000000 DR2=0000000000000000 DR3=0000000000000000 
DR6=00000000ffff0ff0 DR7=0000000000000400
CCS=00000095 CCD=ffc546f3 CCO=EFLAGS
EFER=0000000000000000
Servicing hardware INT=0x20
   142: v=20 e=0000 i=0 cpl=0 IP=0008:000000000010b32a pc=000000000010b32a SP=0010:000000000013cce8 env->regs[R_EAX]=0000000000fc0b4d
EAX=00fc0b4d EBX=0011c2b0 ECX=0000000b EDX=000003d5
ESI=00000000 EDI=00000000 EBP=0013cd00 ESP=0013cce8
EIP=0010b32a EFL=00000297 [--S-APC] CPL=0 II=0 A20=1 SMM=0 HLT=0
ES =0010 00000000 ffffffff 00cf9300 DPL=0 DS   [-WA]
CS =0008 00000000 ffffffff 00cf9a00 DPL=0 CS32 [-R-]
SS =0010 00000000 ffffffff 00cf9300 DPL=0 DS   [-WA]
DS =0010 00000000 ffffffff 00cf9300 DPL=0 DS   [-WA]
FS =0010 00000000 ffffffff 00cf9300 DPL=0 DS   [-WA]
GS =0010 00000000 ffffffff 00cf9300 DPL=0 DS   [-WA]
LDT=0000 00000000 0000ffff 00008200 DPL=0 LDT
TR =0028 00122cc0 00000067 00008900 DPL=0 TSS32-avl
GDT=     0011c274 0000002f
IDT=     0011ed20 000007ff
CR0=80000013 CR2=00000000 CR3=00400000 CR4=00000600
DR0=0000000000000000 DR1=0000000000000000 DR2=0000000000000000 DR3=0000000000000000 
DR6=00000000ffff0ff0 DR7=0000000000000400
CCS=00000095 CCD=ffcade4e CCO=EFLAGS
EFER=0000000000000000
Servicing hardware INT=0x20
   143: v=20 e=0000 i=0 cpl=0 IP=0008:000000000010b32a pc=000000000010b32a SP=0010:000000000013cce8 env->regs[R_EAX]=000000000100db6c
EAX=0100db6c EBX=0011c2b0 ECX=0000000b EDX=000003d5
ESI=00000000 EDI=00000000 EBP=0013cd00 ESP=0013cce8
EIP=0010b32a EFL=00000293 [--S-A-C] CPL=0 II=0 A20=1 SMM=0 HLT=0
ES =0010 00000000 ffffffff 00cf9300 DPL=0 DS   [-WA]
CS =0008 00000000 ffffffff 00cf9a00 DPL=0 CS32 [-R-]
SS =0010 00000000 ffffffff 00cf9300 DPL=0 DS   [-WA]
DS =0010 00000000 ffffffff 00cf9300 DPL=0 DS   [-WA]
FS =0010 00000000 ffffffff 00cf9300 DPL=0 DS   [-WA]
GS =0010 00000000 ffffffff 00cf9300 DPL=0 DS   [-WA]
LDT=0000 00000000 0000ffff 00008200 DPL=0 LDT
TR =0028 00122cc0 00000067 00008900 DPL=0 TSS32-avl
GDT=     0011c274 0000002f
IDT=     0011ed20 000007ff
CR0=80000013 CR2=00000000 CR3=00400000 CR4=00000600
DR0=0000000000000000 DR1=0000000000000000 DR2=0000000000000000 DR3=0000000000000000 
DR6=00000000ffff0ff0 DR7=0000000000000400
CCS=00000091 CCD=ffcfae6d CCO=EFLAGS
EFER=0000000000000000
Servicing hardware INT=0x20
   144: v=20 e=0000 i=0 cpl=0 IP=0008:000000000010b32a pc=000000000010b32a SP=0010:000000000013cce8 env->regs[R_EAX]=00000000010654c8
EAX=010654c8 EBX=0011c2b0 ECX=0000000b EDX=000003d5
ESI=00000000 EDI=00000000 EBP=0013cd00 ESP=0013cce8
EIP=0010b32a EFL=00000297 [--S-APC] CPL=0 II=0 A20=1 SMM=0 HLT=0
ES =0010 00000000 ffffffff 00cf9300 DPL=0 DS   [-WA]
CS =0008 00000000 ffffffff 00cf9a00 DPL=0 CS32 [-R-]
SS =0010 00000000 ffffffff 00cf9300 DPL=0 DS   [-WA]
DS =0010 00000000 ffffffff 00cf9300 DPL=0 DS   [-WA]
FS =0010 00000000 ffffffff 00cf9300 DPL=0 DS   [-WA]
GS =0010 00000000 ffffffff 00cf9300 DPL=0 DS   [-WA]
LDT=0000 00000000 0000ffff 00008200 DPL=0 LDT
TR =0028 00122cc0 00000067 00008900 DPL=0 TSS32-avl
GDT=     0011c274 0000002f
IDT=     0011ed20 000007ff
CR0=80000013 CR2=00000000 CR3=00400000 CR4=00000600
DR0=0000000000000000 DR1=0000000000000000 DR2=0000000000000000 DR3=0000000000000000 
DR6=00000000ffff0ff0 DR7=0000000000000400
CCS=00000095 CCD=ffd527c9 CCO=EFLAGS
EFER=0000000000000000
Servicing hardware INT=0x20
   145: v=20 e=0000 i=0 cpl=0 IP=0008:000000000010b32a pc=000000000010b32a SP=0010:000000000013cce8 env->regs[R_EAX]=00000000010b5680
EAX=010b5680 EBX=0011c2b0 ECX=0000000b EDX=000003d5
ESI=00000000 EDI=00000000 EBP=0013cd00 ESP=0013cce8
EIP=0010b32a EFL=00000297 [--S-APC] CPL=0 II=0 A20=1 SMM=0 HLT=0
ES =0010 00000000 ffffffff 00cf9300 DPL=0 DS   [-WA]
CS =0008 00000000 ffffffff 00cf9a00 DPL=0 CS32 [-R-]
SS =0010 00000000 ffffffff 00cf9300 DPL=0 DS   [-WA]
DS =0010 00000000 ffffffff 00cf9300 DPL=0 DS   [-WA]
FS =0010 00000000 ffffffff 00cf9300 DPL=0 DS   [-WA]
GS =0010 00000000 ffffffff 00cf9300 DPL=0 DS   [-WA]
LDT=0000 00000000 0000ffff 00008200 DPL=0 LDT
TR =0028 00122cc0 00000067 00008900 DPL=0 TSS32-avl
GDT=     0011c274 0000002f
IDT=     0011ed20 000007ff
CR0=80000013 CR2=00000000 CR3=00400000 CR4=00000600
DR0=0000000000000000 DR1=0000000000000000 DR2=0000000000000000 DR3=0000000000000000 
DR6=00000000ffff0ff0 DR7=0000000000000400
CCS=00000095 CCD=ffda2981 CCO=EFLAGS
EFER=0000000000000000
Servicing hardware INT=0x20
   146: v=20 e=0000 i=0 cpl=0 IP=0008:000000000010b32a pc=000000000010b32a SP=0010:000000000013cce8 env->regs[R_EAX]=00000000011087ea
EAX=011087ea EBX=0011c2b0 ECX=0000000b EDX=000003d5
ESI=00000000 EDI=00000000 EBP=0013cd00 ESP=0013cce8
EIP=0010b32a EFL=00000297 [--S-APC] CPL=0 II=0 A20=1 SMM=0 HLT=0
ES =0010 00000000 ffffffff 00cf9300 DPL=0 DS   [-WA]
CS =0008 00000000 ffffffff 00cf9a00 DPL=0 CS32 [-R-]
SS =0010 00000000 ffffffff 00cf9300 DPL=0 DS   [-WA]
DS =0010 00000000 ffffffff 00cf9300 DPL=0 DS   [-WA]
FS =0010 00000000 ffffffff 00cf9300 DPL=0 DS   [-WA]
GS =0010 00000000 ffffffff 00cf9300 DPL=0 DS   [-WA]
LDT=0000 00000000 0000ffff 00008200 DPL=0 LDT
TR =0028 00122cc0 00000067 00008900 DPL=0 TSS32-avl
GDT=     0011c274 0000002f
IDT=     0011ed20 000007ff
CR0=80000013 CR2=00000000 CR3=00400000 CR4=00000600
DR0=0000000000000000 DR1=0000000000000000 DR2=0000000000000000 DR3=0000000000000000 
DR6=00000000ffff0ff0 DR7=0000000000000400
CCS=00000095 CCD=ffdf5aeb CCO=EFLAGS
EFER=0000000000000000
Servicing hardware INT=0x20
   147: v=20 e=0000 i=0 cpl=0 IP=0008:000000000010b32a pc=000000000010b32a SP=0010:000000000013cce8 env->regs[R_EAX]=00000000011521b6
EAX=011521b6 EBX=0011c2b0 ECX=0000000b EDX=000003d5
ESI=00000000 EDI=00000000 EBP=0013cd00 ESP=0013cce8
EIP=0010b32a EFL=00000297 [--S-APC] CPL=0 II=0 A20=1 SMM=0 HLT=0
ES =0010 00000000 ffffffff 00cf9300 DPL=0 DS   [-WA]
CS =0008 00000000 ffffffff 00cf9a00 DPL=0 CS32 [-R-]
SS =0010 00000000 ffffffff 00cf9300 DPL=0 DS   [-WA]
DS =0010 00000000 ffffffff 00cf9300 DPL=0 DS   [-WA]
FS =0010 00000000 ffffffff 00cf9300 DPL=0 DS   [-WA]
GS =0010 00000000 ffffffff 00cf9300 DPL=0 DS   [-WA]
LDT=0000 00000000 0000ffff 00008200 DPL=0 LDT
TR =0028 00122cc0 00000067 00008900 DPL=0 TSS32-avl
GDT=     0011c274 0000002f
IDT=     0011ed20 000007ff
CR0=80000013 CR2=00000000 CR3=00400000 CR4=00000600
DR0=0000000000000000 DR1=0000000000000000 DR2=0000000000000000 DR3=0000000000000000 
DR6=00000000ffff0ff0 DR7=0000000000000400
CCS=00000095 CCD=ffe3f4b7 CCO=EFLAGS
EFER=0000000000000000
Servicing hardware INT=0x20
   148: v=20 e=0000 i=0 cpl=0 IP=0008:000000000010b32a pc=000000000010b32a SP=0010:000000000013cce8 env->regs[R_EAX]=000000000119bd9c
EAX=0119bd9c EBX=0011c2b0 ECX=0000000b EDX=000003d5
ESI=00000000 EDI=00000000 EBP=0013cd00 ESP=0013cce8
EIP=0010b32a EFL=00000293 [--S-A-C] CPL=0 II=0 A20=1 SMM=0 HLT=0
ES =0010 00000000 ffffffff 00cf9300 DPL=0 DS   [-WA]
CS =0008 00000000 ffffffff 00cf9a00 DPL=0 CS32 [-R-]
SS =0010 00000000 ffffffff 00cf9300 DPL=0 DS   [-WA]
DS =0010 00000000 ffffffff 00cf9300 DPL=0 DS   [-WA]
FS =0010 00000000 ffffffff 00cf9300 DPL=0 DS   [-WA]
GS =0010 00000000 ffffffff 00cf9300 DPL=0 DS   [-WA]
LDT=0000 00000000 0000ffff 00008200 DPL=0 LDT
TR =0028 00122cc0 00000067 00008900 DPL=0 TSS32-avl
GDT=     0011c274 0000002f
IDT=     0011ed20 000007ff
CR0=80000013 CR2=00000000 CR3=00400000 CR4=00000600
DR0=0000000000000000 DR1=0000000000000000 DR2=0000000000000000 DR3=0000000000000000 
DR6=00000000ffff0ff0 DR7=0000000000000400
CCS=00000091 CCD=ffe8909d CCO=EFLAGS
EFER=0000000000000000
Servicing hardware INT=0x20
   149: v=20 e=0000 i=0 cpl=0 IP=0008:000000000010b32a pc=000000000010b32a SP=0010:000000000013cce8 env->regs[R_EAX]=00000000011f4327
EAX=011f4327 EBX=0011c2b0 ECX=0000000b EDX=000003d5
ESI=00000000 EDI=00000000 EBP=0013cd00 ESP=0013cce8
EIP=0010b32a EFL=00000297 [--S-APC] CPL=0 II=0 A20=1 SMM=0 HLT=0
ES =0010 00000000 ffffffff 00cf9300 DPL=0 DS   [-WA]
CS =0008 00000000 ffffffff 00cf9a00 DPL=0 CS32 [-R-]
SS =0010 00000000 ffffffff 00cf9300 DPL=0 DS   [-WA]
DS =0010 00000000 ffffffff 00cf9300 DPL=0 DS   [-WA]
FS =0010 00000000 ffffffff 00cf9300 DPL=0 DS   [-WA]
GS =0010 00000000 ffffffff 00cf9300 DPL=0 DS   [-WA]
LDT=0000 00000000 0000ffff 00008200 DPL=0 LDT
TR =0028 00122cc0 00000067 00008900 DPL=0 TSS32-avl
GDT=     0011c274 0000002f
IDT=     0011ed20 000007ff
CR0=80000013 CR2=00000000 CR3=00400000 CR4=00000600
DR0=0000000000000000 DR1=0000000000000000 DR2=0000000000000000 DR3=0000000000000000 
DR6=00000000ffff0ff0 DR7=0000000000000400
CCS=00000095 CCD=ffee1628 CCO=EFLAGS
EFER=0000000000000000
Servicing hardware INT=0x20
   150: v=20 e=0000 i=0 cpl=0 IP=0008:000000000010b32a pc=000000000010b32a SP=0010:000000000013cce8 env->regs[R_EAX]=0000000001235fb4
EAX=01235fb4 EBX=0011c2b0 ECX=0000000b EDX=000003d5
ESI=00000000 EDI=00000000 EBP=0013cd00 ESP=0013cce8
EIP=0010b32a EFL=00000293 [--S-A-C] CPL=0 II=0 A20=1 SMM=0 HLT=0
ES =0010 00000000 ffffffff 00cf9300 DPL=0 DS   [-WA]
CS =0008 00000000 ffffffff 00cf9a00 DPL=0 CS32 [-R-]
SS =0010 00000000 ffffffff 00cf9300 DPL=0 DS   [-WA]
DS =0010 00000000 ffffffff 00cf9300 DPL=0 DS   [-WA]
FS =0010 00000000 ffffffff 00cf9300 DPL=0 DS   [-WA]
GS =0010 00000000 ffffffff 00cf9300 DPL=0 DS   [-WA]
LDT=0000 00000000 0000ffff 00008200 DPL=0 LDT
TR =0028 00122cc0 00000067 00008900 DPL=0 TSS32-avl
GDT=     0011c274 0000002f
IDT=     0011ed20 000007ff
CR0=80000013 CR2=00000000 CR3=00400000 CR4=00000600
DR0=0000000000000000 DR1=0000000000000000 DR2=0000000000000000 DR3=0000000000000000 
DR6=00000000ffff0ff0 DR7=0000000000000400
CCS=00000091 CCD=fff232b5 CCO=EFLAGS
EFER=0000000000000000
Servicing hardware INT=0x20
   151: v=20 e=0000 i=0 cpl=0 IP=0008:000000000010b32a pc=000000000010b32a SP=0010:000000000013cce8 env->regs[R_EAX]=0000000001284af8
EAX=01284af8 EBX=0011c2b0 ECX=0000000b EDX=000003d5
ESI=00000000 EDI=00000000 EBP=0013cd00 ESP=0013cce8
EIP=0010b32a EFL=00000297 [--S-APC] CPL=0 II=0 A20=1 SMM=0 HLT=0
ES =0010 00000000 ffffffff 00cf9300 DPL=0 DS   [-WA]
CS =0008 00000000 ffffffff 00cf9a00 DPL=0 CS32 [-R-]
SS =0010 00000000 ffffffff 00cf9300 DPL=0 DS   [-WA]
DS =0010 00000000 ffffffff 00cf9300 DPL=0 DS   [-WA]
FS =0010 00000000 ffffffff 00cf9300 DPL=0 DS   [-WA]
GS =0010 00000000 ffffffff 00cf9300 DPL=0 DS   [-WA]
LDT=0000 00000000 0000ffff 00008200 DPL=0 LDT
TR =0028 00122cc0 00000067 00008900 DPL=0 TSS32-avl
GDT=     0011c274 0000002f
IDT=     0011ed20 000007ff
CR0=80000013 CR2=00000000 CR3=00400000 CR4=00000600
DR0=0000000000000000 DR1=0000000000000000 DR2=0000000000000000 DR3=0000000000000000 
DR6=00000000ffff0ff0 DR7=0000000000000400
CCS=00000095 CCD=fff71df9 CCO=EFLAGS
EFER=0000000000000000
Servicing hardware INT=0x20
   152: v=20 e=0000 i=0 cpl=0 IP=0008:000000000010b32a pc=000000000010b32a SP=0010:000000000013cce8 env->regs[R_EAX]=00000000012ced35
EAX=012ced35 EBX=0011c2b0 ECX=0000000b EDX=000003d5
ESI=00000000 EDI=00000000 EBP=0013cd00 ESP=0013cce8
EIP=0010b32a EFL=00000297 [--S-APC] CPL=0 II=0 A20=1 SMM=0 HLT=0
ES =0010 00000000 ffffffff 00cf9300 DPL=0 DS   [-WA]
CS =0008 00000000 ffffffff 00cf9a00 DPL=0 CS32 [-R-]
SS =0010 00000000 ffffffff 00cf9300 DPL=0 DS   [-WA]
DS =0010 00000000 ffffffff 00cf9300 DPL=0 DS   [-WA]
FS =0010 00000000 ffffffff 00cf9300 DPL=0 DS   [-WA]
GS =0010 00000000 ffffffff 00cf9300 DPL=0 DS   [-WA]
LDT=0000 00000000 0000ffff 00008200 DPL=0 LDT
TR =0028 00122cc0 00000067 00008900 DPL=0 TSS32-avl
GDT=     0011c274 0000002f
IDT=     0011ed20 000007ff
CR0=80000013 CR2=00000000 CR3=00400000 CR4=00000600
DR0=0000000000000000 DR1=0000000000000000 DR2=0000000000000000 DR3=0000000000000000 
DR6=00000000ffff0ff0 DR7=0000000000000400
CCS=00000095 CCD=fffbc036 CCO=EFLAGS
EFER=0000000000000000
SMM: enter
EAX=00000000 EBX=00000000 ECX=02000000 EDX=02000628
ESI=0000000b EDI=02000000 EBP=00014e40 ESP=00006c5c
EIP=000ea61d EFL=00000046 [---Z-P-] CPL=0 II=0 A20=1 SMM=0 HLT=0
ES =0010 00000000 ffffffff 00cf9300 DPL=0 DS   [-WA]
CS =0008 00000000 ffffffff 00cf9b00 DPL=0 CS32 [-RA]
SS =0010 00000000 ffffffff 00cf9300 DPL=0 DS   [-WA]
DS =0010 00000000 ffffffff 00cf9300 DPL=0 DS   [-WA]
FS =0010 00000000 ffffffff 00cf9300 DPL=0 DS   [-WA]
GS =0010 00000000 ffffffff 00cf9300 DPL=0 DS   [-WA]
LDT=0000 00000000 0000ffff 00008200 DPL=0 LDT
TR =0000 00000000 0000ffff 00008b00 DPL=0 TSS32-busy
GDT=     000f61e0 00000037
IDT=     000f621e 00000000
CR0=00000011 CR2=00000000 CR3=00000000 CR4=00000000
DR0=0000000000000000 DR1=0000000000000000 DR2=0000000000000000 DR3=0000000000000000 
DR6=00000000ffff0ff0 DR7=0000000000000400
CCS=00000000 CCD=ffffffff CCO=CLR
EFER=0000000000000000
SMM: after RSM
EAX=00000000 EBX=00000000 ECX=02000000 EDX=02000628
ESI=0000000b EDI=02000000 EBP=00014e40 ESP=00006c5c
EIP=000ea61d EFL=00000046 [---Z-P-] CPL=0 II=0 A20=1 SMM=0 HLT=0
ES =0010 00000000 ffffffff 00c09300 DPL=0 DS   [-WA]
CS =0008 00000000 ffffffff 00c09b00 DPL=0 CS32 [-RA]
SS =0010 00000000 ffffffff 00c09300 DPL=0 DS   [-WA]
DS =0010 00000000 ffffffff 00c09300 DPL=0 DS   [-WA]
FS =0010 00000000 ffffffff 00c09300 DPL=0 DS   [-WA]
GS =0010 00000000 ffffffff 00c09300 DPL=0 DS   [-WA]
LDT=0000 00000000 0000ffff 00008200 DPL=0 LDT
TR =0000 00000000 0000ffff 00008b00 DPL=0 TSS32-busy
GDT=     000f61e0 00000037
IDT=     000f621e 00000000
CR0=00000011 CR2=00000000 CR3=00000000 CR4=00000000
DR0=0000000000000000 DR1=0000000000000000 DR2=0000000000000000 DR3=0000000000000000 
DR6=00000000ffff0ff0 DR7=0000000000000400
CCS=00000044 CCD=00000000 CCO=EFLAGS
EFER=0000000000000000
Servicing hardware INT=0x08
SMM: enter
EAX=000000b5 EBX=000f7e0e ECX=00001234 EDX=00006cff
ESI=00006cb4 EDI=0effec55 EBP=00006c74 ESP=00006c74
EIP=00007e0b EFL=00000006 [-----P-] CPL=0 II=0 A20=1 SMM=0 HLT=0
ES =d900 000d9000 ffffffff 008f9300
CS =f000 000f0000 ffffffff 008f9b00
SS =0000 00000000 ffffffff 008f9300
DS =0000 00000000 ffffffff 008f9300
FS =0000 00000000 ffffffff 008f9300
GS =0000 00000000 ffffffff 008f9300
LDT=0000 00000000 0000ffff 00008200
TR =0000 00000000 0000ffff 00008b00
GDT=     00000000 00000000
IDT=     00000000 000003ff
CR0=00000010 CR2=00000000 CR3=00000000 CR4=00000000
DR0=0000000000000000 DR1=0000000000000000 DR2=0000000000000000 DR3=0000000000000000 
DR6=00000000ffff0ff0 DR7=0000000000000400
CCS=00000000 CCD=00006c74 CCO=ADDL
EFER=0000000000000000
SMM: after RSM
EAX=000000b5 EBX=000f7e0e ECX=00001234 EDX=00006cff
ESI=00006cb4 EDI=0effec55 EBP=00006c74 ESP=00006c74
EIP=000f7e0e EFL=00000046 [---Z-P-] CPL=0 II=0 A20=1 SMM=0 HLT=0
ES =0010 00000000 ffffffff 00c09300 DPL=0 DS   [-WA]
CS =0008 00000000 ffffffff 00c09b00 DPL=0 CS32 [-RA]
SS =0010 00000000 ffffffff 00c09300 DPL=0 DS   [-WA]
DS =0010 00000000 ffffffff 00c09300 DPL=0 DS   [-WA]
FS =0010 00000000 ffffffff 00c09300 DPL=0 DS   [-WA]
GS =0010 00000000 ffffffff 00c09300 DPL=0 DS   [-WA]
LDT=0000 00000000 0000ffff 00008200 DPL=0 LDT
TR =0000 00000000 0000ffff 00008b00 DPL=0 TSS32-busy
GDT=     000f61e0 00000037
IDT=     000f621e 00000000
CR0=00000011 CR2=00000000 CR3=00000000 CR4=00000000
DR0=0000000000000000 DR1=0000000000000000 DR2=0000000000000000 DR3=0000000000000000 
DR6=00000000ffff0ff0 DR7=0000000000000400
CCS=00000044 CCD=00000000 CCO=EFLAGS
EFER=0000000000000000
SMM: enter
EAX=000000b5 EBX=00007e28 ECX=00005678 EDX=0efe8bc0
ESI=000e8380 EDI=0effec55 EBP=00006c74 ESP=00006c74
EIP=000f7e25 EFL=00000016 [----AP-] CPL=0 II=0 A20=1 SMM=0 HLT=0
ES =0010 00000000 ffffffff 00c09300 DPL=0 DS   [-WA]
CS =0008 00000000 ffffffff 00c09b00 DPL=0 CS32 [-RA]
SS =0010 00000000 ffffffff 00c09300 DPL=0 DS   [-WA]
DS =0010 00000000 ffffffff 00c09300 DPL=0 DS   [-WA]
FS =0010 00000000 ffffffff 00c09300 DPL=0 DS   [-WA]
GS =0010 00000000 ffffffff 00c09300 DPL=0 DS   [-WA]
LDT=0000 00000000 0000ffff 00008200 DPL=0 LDT
TR =0000 00000000 0000ffff 00008b00 DPL=0 TSS32-busy
GDT=     000f61e0 00000037
IDT=     000f621e 00000000
CR0=00000011 CR2=00000000 CR3=00000000 CR4=00000000
DR0=0000000000000000 DR1=0000000000000000 DR2=0000000000000000 DR3=0000000000000000 
DR6=00000000ffff0ff0 DR7=0000000000000400
CCS=00000008 CCD=00006c60 CCO=ADDL
EFER=0000000000000000
SMM: after RSM
EAX=000000b5 EBX=00007e28 ECX=00005678 EDX=0efe8bc0
ESI=000e8380 EDI=0effec55 EBP=00006c74 ESP=00006c74
EIP=00007e28 EFL=00000006 [-----P-] CPL=0 II=0 A20=1 SMM=0 HLT=0
ES =d900 000d9000 ffffffff 00809300
CS =f000 000f0000 ffffffff 00809b00
SS =0000 00000000 ffffffff 00809300
DS =0000 00000000 ffffffff 00809300
FS =0000 00000000 ffffffff 00809300
GS =0000 00000000 ffffffff 00809300
LDT=0000 00000000 0000ffff 00008200
TR =0000 00000000 0000ffff 00008b00
GDT=     00000000 00000000
IDT=     00000000 000003ff
CR0=00000010 CR2=00000000 CR3=00000000 CR4=00000000
DR0=0000000000000000 DR1=0000000000000000 DR2=0000000000000000 DR3=0000000000000000 
DR6=00000000ffff0ff0 DR7=0000000000000400
CCS=00000004 CCD=00000001 CCO=EFLAGS
EFER=0000000000000000
SMM: enter
EAX=000000b5 EBX=000f7e0e ECX=00001234 EDX=000069ff
ESI=00006996 EDI=0effec55 EBP=00006956 ESP=00006956
EIP=00007e0b EFL=00000006 [-----P-] CPL=0 II=0 A20=1 SMM=0 HLT=0
ES =d900 000d9000 ffffffff 008f9300
CS =f000 000f0000 ffffffff 008f9b00
SS =0000 00000000 ffffffff 008f9300
DS =0000 00000000 ffffffff 008f9300
FS =0000 00000000 ffffffff 008f9300
GS =ca00 000ca000 ffffffff 008f9300
LDT=0000 00000000 0000ffff 00008200
TR =0000 00000000 0000ffff 00008b00
GDT=     00000000 00000000
IDT=     00000000 000003ff
CR0=00000010 CR2=00000000 CR3=00000000 CR4=00000000
DR0=0000000000000000 DR1=0000000000000000 DR2=0000000000000000 DR3=0000000000000000 
DR6=00000000ffff0ff0 DR7=0000000000000400
CCS=00000000 CCD=00006956 CCO=ADDL
EFER=0000000000000000
SMM: after RSM
EAX=000000b5 EBX=000f7e0e ECX=00001234 EDX=000069ff
ESI=00006996 EDI=0effec55 EBP=00006956 ESP=00006956
EIP=000f7e0e EFL=00000046 [---Z-P-] CPL=0 II=0 A20=1 SMM=0 HLT=0
ES =0010 00000000 ffffffff 00c09300 DPL=0 DS   [-WA]
CS =0008 00000000 ffffffff 00c09b00 DPL=0 CS32 [-RA]
SS =0010 00000000 ffffffff 00c09300 DPL=0 DS   [-WA]
DS =0010 00000000 ffffffff 00c09300 DPL=0 DS   [-WA]
FS =0010 00000000 ffffffff 00c09300 DPL=0 DS   [-WA]
GS =0010 00000000 ffffffff 00c09300 DPL=0 DS   [-WA]
LDT=0000 00000000 0000ffff 00008200 DPL=0 LDT
TR =0000 00000000 0000ffff 00008b00 DPL=0 TSS32-busy
GDT=     000f61e0 00000037
IDT=     000f621e 00000000
CR0=00000011 CR2=00000000 CR3=00000000 CR4=00000000
DR0=0000000000000000 DR1=0000000000000000 DR2=0000000000000000 DR3=0000000000000000 
DR6=00000000ffff0ff0 DR7=0000000000000400
CCS=00000044 CCD=00000000 CCO=EFLAGS
EFER=0000000000000000
SMM: enter
EAX=000000b5 EBX=00007e28 ECX=00005678 EDX=00000005
ESI=00000000 EDI=0effec55 EBP=00006956 ESP=00006956
EIP=000f7e25 EFL=00000016 [----AP-] CPL=0 II=0 A20=1 SMM=0 HLT=0
ES =0010 00000000 ffffffff 00c09300 DPL=0 DS   [-WA]
CS =0008 00000000 ffffffff 00c09b00 DPL=0 CS32 [-RA]
SS =0010 00000000 ffffffff 00c09300 DPL=0 DS   [-WA]
DS =0010 00000000 ffffffff 00c09300 DPL=0 DS   [-WA]
FS =0010 00000000 ffffffff 00c09300 DPL=0 DS   [-WA]
GS =0010 00000000 ffffffff 00c09300 DPL=0 DS   [-WA]
LDT=0000 00000000 0000ffff 00008200 DPL=0 LDT
TR =0000 00000000 0000ffff 00008b00 DPL=0 TSS32-busy
GDT=     000f61e0 00000037
IDT=     000f621e 00000000
CR0=00000011 CR2=00000000 CR3=00000000 CR4=00000000
DR0=0000000000000000 DR1=0000000000000000 DR2=0000000000000000 DR3=0000000000000000 
DR6=00000000ffff0ff0 DR7=0000000000000400
CCS=00000008 CCD=00006942 CCO=ADDL
EFER=0000000000000000
SMM: after RSM
EAX=000000b5 EBX=00007e28 ECX=00005678 EDX=00000005
ESI=00000000 EDI=0effec55 EBP=00006956 ESP=00006956
EIP=00007e28 EFL=00000006 [-----P-] CPL=0 II=0 A20=1 SMM=0 HLT=0
ES =d900 000d9000 ffffffff 00809300
CS =f000 000f0000 ffffffff 00809b00
SS =0000 00000000 ffffffff 00809300
DS =0000 00000000 ffffffff 00809300
FS =0000 00000000 ffffffff 00809300
GS =ca00 000ca000 ffffffff 00809300
LDT=0000 00000000 0000ffff 00008200
TR =0000 00000000 0000ffff 00008b00
GDT=     00000000 00000000
IDT=     00000000 000003ff
CR0=00000010 CR2=00000000 CR3=00000000 CR4=00000000
DR0=0000000000000000 DR1=0000000000000000 DR2=0000000000000000 DR3=0000000000000000 
DR6=00000000ffff0ff0 DR7=0000000000000400
CCS=00000004 CCD=00000001 CCO=EFLAGS
EFER=0000000000000000
SMM: enter
EAX=000000b5 EBX=000f7e0e ECX=00001234 EDX=000069ff
ESI=00006990 EDI=0effec55 EBP=00006950 ESP=00006950
EIP=00007e0b EFL=00000006 [-----P-] CPL=0 II=0 A20=1 SMM=0 HLT=0
ES =d900 000d9000 ffffffff 00809300
CS =f000 000f0000 ffffffff 00809b00
SS =0000 00000000 ffffffff 00809300
DS =0000 00000000 ffffffff 00809300
FS =0000 00000000 ffffffff 00809300
GS =ca00 000ca000 ffffffff 00809300
LDT=0000 00000000 0000ffff 00008200
TR =0000 00000000 0000ffff 00008b00
GDT=     00000000 00000000
IDT=     00000000 000003ff
CR0=00000010 CR2=00000000 CR3=00000000 CR4=00000000
DR0=0000000000000000 DR1=0000000000000000 DR2=0000000000000000 DR3=0000000000000000 
DR6=00000000ffff0ff0 DR7=0000000000000400
CCS=00000000 CCD=00006950 CCO=ADDL
EFER=0000000000000000
SMM: after RSM
EAX=000000b5 EBX=000f7e0e ECX=00001234 EDX=000069ff
ESI=00006990 EDI=0effec55 EBP=00006950 ESP=00006950
EIP=000f7e0e EFL=00000046 [---Z-P-] CPL=0 II=0 A20=1 SMM=0 HLT=0
ES =0010 00000000 ffffffff 00c09300 DPL=0 DS   [-WA]
CS =0008 00000000 ffffffff 00c09b00 DPL=0 CS32 [-RA]
SS =0010 00000000 ffffffff 00c09300 DPL=0 DS   [-WA]
DS =0010 00000000 ffffffff 00c09300 DPL=0 DS   [-WA]
FS =0010 00000000 ffffffff 00c09300 DPL=0 DS   [-WA]
GS =0010 00000000 ffffffff 00c09300 DPL=0 DS   [-WA]
LDT=0000 00000000 0000ffff 00008200 DPL=0 LDT
TR =0000 00000000 0000ffff 00008b00 DPL=0 TSS32-busy
GDT=     000f61e0 00000037
IDT=     000f621e 00000000
CR0=00000011 CR2=00000000 CR3=00000000 CR4=00000000
DR0=0000000000000000 DR1=0000000000000000 DR2=0000000000000000 DR3=0000000000000000 
DR6=00000000ffff0ff0 DR7=0000000000000400
CCS=00000044 CCD=00000000 CCO=EFLAGS
EFER=0000000000000000
SMM: enter
EAX=000000b5 EBX=00007e28 ECX=00005678 EDX=00000003
ESI=0efcb050 EDI=0effec55 EBP=00006950 ESP=00006950
EIP=000f7e25 EFL=00000006 [-----P-] CPL=0 II=0 A20=1 SMM=0 HLT=0
ES =0010 00000000 ffffffff 00c09300 DPL=0 DS   [-WA]
CS =0008 00000000 ffffffff 00c09b00 DPL=0 CS32 [-RA]
SS =0010 00000000 ffffffff 00c09300 DPL=0 DS   [-WA]
DS =0010 00000000 ffffffff 00c09300 DPL=0 DS   [-WA]
FS =0010 00000000 ffffffff 00c09300 DPL=0 DS   [-WA]
GS =0010 00000000 ffffffff 00c09300 DPL=0 DS   [-WA]
LDT=0000 00000000 0000ffff 00008200 DPL=0 LDT
TR =0000 00000000 0000ffff 00008b00 DPL=0 TSS32-busy
GDT=     000f61e0 00000037
IDT=     000f621e 00000000
CR0=00000011 CR2=00000000 CR3=00000000 CR4=00000000
DR0=0000000000000000 DR1=0000000000000000 DR2=0000000000000000 DR3=0000000000000000 
DR6=00000000ffff0ff0 DR7=0000000000000400
CCS=00000008 CCD=0000693c CCO=ADDL
EFER=0000000000000000
SMM: after RSM
EAX=000000b5 EBX=00007e28 ECX=00005678 EDX=00000003
ESI=0efcb050 EDI=0effec55 EBP=00006950 ESP=00006950
EIP=00007e28 EFL=00000006 [-----P-] CPL=0 II=0 A20=1 SMM=0 HLT=0
ES =d900 000d9000 ffffffff 00809300
CS =f000 000f0000 ffffffff 00809b00
SS =0000 00000000 ffffffff 00809300
DS =0000 00000000 ffffffff 00809300
FS =0000 00000000 ffffffff 00809300
GS =ca00 000ca000 ffffffff 00809300
LDT=0000 00000000 0000ffff 00008200
TR =0000 00000000 0000ffff 00008b00
GDT=     00000000 00000000
IDT=     00000000 000003ff
CR0=00000010 CR2=00000000 CR3=00000000 CR4=00000000
DR0=0000000000000000 DR1=0000000000000000 DR2=0000000000000000 DR3=0000000000000000 
DR6=00000000ffff0ff0 DR7=0000000000000400
CCS=00000004 CCD=00000001 CCO=EFLAGS
EFER=0000000000000000
SMM: enter
EAX=000000b5 EBX=000f7e0e ECX=00001234 EDX=000069ff
ESI=00006996 EDI=0effec55 EBP=00006956 ESP=00006956
EIP=00007e0b EFL=00000006 [-----P-] CPL=0 II=0 A20=1 SMM=0 HLT=0
ES =d900 000d9000 ffffffff 00809300
CS =f000 000f0000 ffffffff 00809b00
SS =0000 00000000 ffffffff 00809300
DS =0000 00000000 ffffffff 00809300
FS =0000 00000000 ffffffff 00809300
GS =ca00 000ca000 ffffffff 00809300
LDT=0000 00000000 0000ffff 00008200
TR =0000 00000000 0000ffff 00008b00
GDT=     00000000 00000000
IDT=     00000000 000003ff
CR0=00000010 CR2=00000000 CR3=00000000 CR4=00000000
DR0=0000000000000000 DR1=0000000000000000 DR2=0000000000000000 DR3=0000000000000000 
DR6=00000000ffff0ff0 DR7=0000000000000400
CCS=00000000 CCD=00006956 CCO=ADDL
EFER=0000000000000000
SMM: after RSM
EAX=000000b5 EBX=000f7e0e ECX=00001234 EDX=000069ff
ESI=00006996 EDI=0effec55 EBP=00006956 ESP=00006956
EIP=000f7e0e EFL=00000046 [---Z-P-] CPL=0 II=0 A20=1 SMM=0 HLT=0
ES =0010 00000000 ffffffff 00c09300 DPL=0 DS   [-WA]
CS =0008 00000000 ffffffff 00c09b00 DPL=0 CS32 [-RA]
SS =0010 00000000 ffffffff 00c09300 DPL=0 DS   [-WA]
DS =0010 00000000 ffffffff 00c09300 DPL=0 DS   [-WA]
FS =0010 00000000 ffffffff 00c09300 DPL=0 DS   [-WA]
GS =0010 00000000 ffffffff 00c09300 DPL=0 DS   [-WA]
LDT=0000 00000000 0000ffff 00008200 DPL=0 LDT
TR =0000 00000000 0000ffff 00008b00 DPL=0 TSS32-busy
GDT=     000f61e0 00000037
IDT=     000f621e 00000000
CR0=00000011 CR2=00000000 CR3=00000000 CR4=00000000
DR0=0000000000000000 DR1=0000000000000000 DR2=0000000000000000 DR3=0000000000000000 
DR6=00000000ffff0ff0 DR7=0000000000000400
CCS=00000044 CCD=00000000 CCO=EFLAGS
EFER=0000000000000000
SMM: enter
EAX=000000b5 EBX=00007e28 ECX=00005678 EDX=00000005
ESI=00000000 EDI=0effec55 EBP=00006956 ESP=00006956
EIP=000f7e25 EFL=00000016 [----AP-] CPL=0 II=0 A20=1 SMM=0 HLT=0
ES =0010 00000000 ffffffff 00c09300 DPL=0 DS   [-WA]
CS =0008 00000000 ffffffff 00c09b00 DPL=0 CS32 [-RA]
SS =0010 00000000 ffffffff 00c09300 DPL=0 DS   [-WA]
DS =0010 00000000 ffffffff 00c09300 DPL=0 DS   [-WA]
FS =0010 00000000 ffffffff 00c09300 DPL=0 DS   [-WA]
GS =0010 00000000 ffffffff 00c09300 DPL=0 DS   [-WA]
LDT=0000 00000000 0000ffff 00008200 DPL=0 LDT
TR =0000 00000000 0000ffff 00008b00 DPL=0 TSS32-busy
GDT=     000f61e0 00000037
IDT=     000f621e 00000000
CR0=00000011 CR2=00000000 CR3=00000000 CR4=00000000
DR0=0000000000000000 DR1=0000000000000000 DR2=0000000000000000 DR3=0000000000000000 
DR6=00000000ffff0ff0 DR7=0000000000000400
CCS=00000008 CCD=00006942 CCO=ADDL
EFER=0000000000000000
SMM: after RSM
EAX=000000b5 EBX=00007e28 ECX=00005678 EDX=00000005
ESI=00000000 EDI=0effec55 EBP=00006956 ESP=00006956
EIP=00007e28 EFL=00000006 [-----P-] CPL=0 II=0 A20=1 SMM=0 HLT=0
ES =d900 000d9000 ffffffff 00809300
CS =f000 000f0000 ffffffff 00809b00
SS =0000 00000000 ffffffff 00809300
DS =0000 00000000 ffffffff 00809300
FS =0000 00000000 ffffffff 00809300
GS =ca00 000ca000 ffffffff 00809300
LDT=0000 00000000 0000ffff 00008200
TR =0000 00000000 0000ffff 00008b00
GDT=     00000000 00000000
IDT=     00000000 000003ff
CR0=00000010 CR2=00000000 CR3=00000000 CR4=00000000
DR0=0000000000000000 DR1=0000000000000000 DR2=0000000000000000 DR3=0000000000000000 
DR6=00000000ffff0ff0 DR7=0000000000000400
CCS=00000004 CCD=00000001 CCO=EFLAGS
EFER=0000000000000000
SMM: enter
EAX=000000b5 EBX=000f7e0e ECX=00001234 EDX=000069ff
ESI=00006990 EDI=0effec55 EBP=00006950 ESP=00006950
EIP=00007e0b EFL=00000006 [-----P-] CPL=0 II=0 A20=1 SMM=0 HLT=0
ES =d900 000d9000 ffffffff 00809300
CS =f000 000f0000 ffffffff 00809b00
SS =0000 00000000 ffffffff 00809300
DS =0000 00000000 ffffffff 00809300
FS =0000 00000000 ffffffff 00809300
GS =ca00 000ca000 ffffffff 00809300
LDT=0000 00000000 0000ffff 00008200
TR =0000 00000000 0000ffff 00008b00
GDT=     00000000 00000000
IDT=     00000000 000003ff
CR0=00000010 CR2=00000000 CR3=00000000 CR4=00000000
DR0=0000000000000000 DR1=0000000000000000 DR2=0000000000000000 DR3=0000000000000000 
DR6=00000000ffff0ff0 DR7=0000000000000400
CCS=00000000 CCD=00006950 CCO=ADDL
EFER=0000000000000000
SMM: after RSM
EAX=000000b5 EBX=000f7e0e ECX=00001234 EDX=000069ff
ESI=00006990 EDI=0effec55 EBP=00006950 ESP=00006950
EIP=000f7e0e EFL=00000046 [---Z-P-] CPL=0 II=0 A20=1 SMM=0 HLT=0
ES =0010 00000000 ffffffff 00c09300 DPL=0 DS   [-WA]
CS =0008 00000000 ffffffff 00c09b00 DPL=0 CS32 [-RA]
SS =0010 00000000 ffffffff 00c09300 DPL=0 DS   [-WA]
DS =0010 00000000 ffffffff 00c09300 DPL=0 DS   [-WA]
FS =0010 00000000 ffffffff 00c09300 DPL=0 DS   [-WA]
GS =0010 00000000 ffffffff 00c09300 DPL=0 DS   [-WA]
LDT=0000 00000000 0000ffff 00008200 DPL=0 LDT
TR =0000 00000000 0000ffff 00008b00 DPL=0 TSS32-busy
GDT=     000f61e0 00000037
IDT=     000f621e 00000000
CR0=00000011 CR2=00000000 CR3=00000000 CR4=00000000
DR0=0000000000000000 DR1=0000000000000000 DR2=0000000000000000 DR3=0000000000000000 
DR6=00000000ffff0ff0 DR7=0000000000000400
CCS=00000044 CCD=00000000 CCO=EFLAGS
EFER=0000000000000000
SMM: enter
EAX=000000b5 EBX=00007e28 ECX=00005678 EDX=00000003
ESI=0ef0b050 EDI=0effec55 EBP=00006950 ESP=00006950
EIP=000f7e25 EFL=00000006 [-----P-] CPL=0 II=0 A20=1 SMM=0 HLT=0
ES =0010 00000000 ffffffff 00c09300 DPL=0 DS   [-WA]
CS =0008 00000000 ffffffff 00c09b00 DPL=0 CS32 [-RA]
SS =0010 00000000 ffffffff 00c09300 DPL=0 DS   [-WA]
DS =0010 00000000 ffffffff 00c09300 DPL=0 DS   [-WA]
FS =0010 00000000 ffffffff 00c09300 DPL=0 DS   [-WA]
GS =0010 00000000 ffffffff 00c09300 DPL=0 DS   [-WA]
LDT=0000 00000000 0000ffff 00008200 DPL=0 LDT
TR =0000 00000000 0000ffff 00008b00 DPL=0 TSS32-busy
GDT=     000f61e0 00000037
IDT=     000f621e 00000000
CR0=00000011 CR2=00000000 CR3=00000000 CR4=00000000
DR0=0000000000000000 DR1=0000000000000000 DR2=0000000000000000 DR3=0000000000000000 
DR6=00000000ffff0ff0 DR7=0000000000000400
CCS=00000008 CCD=0000693c CCO=ADDL
EFER=0000000000000000
SMM: after RSM
EAX=000000b5 EBX=00007e28 ECX=00005678 EDX=00000003
ESI=0ef0b050 EDI=0effec55 EBP=00006950 ESP=00006950
EIP=00007e28 EFL=00000006 [-----P-] CPL=0 II=0 A20=1 SMM=0 HLT=0
ES =d900 000d9000 ffffffff 00809300
CS =f000 000f0000 ffffffff 00809b00
SS =0000 00000000 ffffffff 00809300
DS =0000 00000000 ffffffff 00809300
FS =0000 00000000 ffffffff 00809300
GS =ca00 000ca000 ffffffff 00809300
LDT=0000 00000000 0000ffff 00008200
TR =0000 00000000 0000ffff 00008b00
GDT=     00000000 00000000
IDT=     00000000 000003ff
CR0=00000010 CR2=00000000 CR3=00000000 CR4=00000000
DR0=0000000000000000 DR1=0000000000000000 DR2=0000000000000000 DR3=0000000000000000 
DR6=00000000ffff0ff0 DR7=0000000000000400
CCS=00000004 CCD=00000001 CCO=EFLAGS
EFER=0000000000000000
Servicing hardware INT=0x08
Servicing hardware INT=0x08
Servicing hardware INT=0x08
Servicing hardware INT=0x08
Servicing hardware INT=0x08
Servicing hardware INT=0x08
Servicing hardware INT=0x08
Servicing hardware INT=0x08
Servicing hardware INT=0x08
Servicing hardware INT=0x08
Servicing hardware INT=0x08
Servicing hardware INT=0x08
Servicing hardware INT=0x20
   153: v=20 e=0000 i=0 cpl=0 IP=0008:000000000010d72d pc=000000000010d72d SP=0010:000000000013cd2c env->regs[R_EAX]=0000000000000000
EAX=00000000 EBX=0011c2b0 ECX=00000000 EDX=000003d5
ESI=00000000 EDI=00000000 EBP=0013cd50 ESP=0013cd2c
EIP=0010d72d EFL=00000212 [----A--] CPL=0 II=0 A20=1 SMM=0 HLT=0
ES =0010 00000000 ffffffff 00cf9300 DPL=0 DS   [-WA]
CS =0008 00000000 ffffffff 00cf9a00 DPL=0 CS32 [-R-]
SS =0010 00000000 ffffffff 00cf9300 DPL=0 DS   [-WA]
DS =0010 00000000 ffffffff 00cf9300 DPL=0 DS   [-WA]
FS =0010 00000000 ffffffff 00cf9300 DPL=0 DS   [-WA]
GS =0010 00000000 ffffffff 00cf9300 DPL=0 DS   [-WA]
LDT=0000 00000000 0000ffff 00008200 DPL=0 LDT
TR =0028 00122cc0 00000067 00008900 DPL=0 TSS32-avl
GDT=     0011c274 0000002f
IDT=     0011ed20 000007ff
CR0=80000013 CR2=00000000 CR3=00400000 CR4=00000600
DR0=0000000000000000 DR1=0000000000000000 DR2=0000000000000000 DR3=0000000000000000 
DR6=00000000ffff0ff0 DR7=0000000000000400
CCS=0000000c CCD=0013cd2c CCO=SUBL
EFER=0000000000000000
Servicing hardware INT=0x20
   154: v=20 e=0000 i=0 cpl=0 IP=0008:000000000010d84b pc=000000000010d84b SP=0010:000000000013cd38 env->regs[R_EAX]=0000000000000000
EAX=00000000 EBX=0011c2b0 ECX=0000000f EDX=00000000
ESI=00000000 EDI=00000000 EBP=0013cd50 ESP=0013cd38
EIP=0010d84b EFL=00000246 [---Z-P-] CPL=0 II=0 A20=1 SMM=0 HLT=0
ES =0010 00000000 ffffffff 00cf9300 DPL=0 DS   [-WA]
CS =0008 00000000 ffffffff 00cf9a00 DPL=0 CS32 [-R-]
SS =0010 00000000 ffffffff 00cf9300 DPL=0 DS   [-WA]
DS =0010 00000000 ffffffff 00cf9300 DPL=0 DS   [-WA]
FS =0010 00000000 ffffffff 00cf9300 DPL=0 DS   [-WA]
GS =0010 00000000 ffffffff 00cf9300 DPL=0 DS   [-WA]
LDT=0000 00000000 0000ffff 00008200 DPL=0 LDT
TR =0028 00122cc0 00000067 00008900 DPL=0 TSS32-avl
GDT=     0011c274 0000002f
IDT=     0011ed20 000007ff
CR0=80000013 CR2=00000000 CR3=00400000 CR4=00000600
DR0=0000000000000000 DR1=0000000000000000 DR2=0000000000000000 DR3=0000000000000000 
DR6=00000000ffff0ff0 DR7=0000000000000400
CCS=00000044 CCD=00000000 CCO=EFLAGS
EFER=0000000000000000
Servicing hardware INT=0x20
   155: v=20 e=0000 i=0 cpl=0 IP=0008:000000000010d84b pc=000000000010d84b SP=0010:000000000013cd38 env->regs[R_EAX]=0000000000000000
EAX=00000000 EBX=0011c2b0 ECX=0000000f EDX=00000000
ESI=00000000 EDI=00000000 EBP=0013cd50 ESP=0013cd38
EIP=0010d84b EFL=00000246 [---Z-P-] CPL=0 II=0 A20=1 SMM=0 HLT=0
ES =0010 00000000 ffffffff 00cf9300 DPL=0 DS   [-WA]
CS =0008 00000000 ffffffff 00cf9a00 DPL=0 CS32 [-R-]
SS =0010 00000000 ffffffff 00cf9300 DPL=0 DS   [-WA]
DS =0010 00000000 ffffffff 00cf9300 DPL=0 DS   [-WA]
FS =0010 00000000 ffffffff 00cf9300 DPL=0 DS   [-WA]
GS =0010 00000000 ffffffff 00cf9300 DPL=0 DS   [-WA]
LDT=0000 00000000 0000ffff 00008200 DPL=0 LDT
TR =0028 00122cc0 00000067 00008900 DPL=0 TSS32-avl
GDT=     0011c274 0000002f
IDT=     0011ed20 000007ff
CR0=80000013 CR2=00000000 CR3=00400000 CR4=00000600
DR0=0000000000000000 DR1=0000000000000000 DR2=0000000000000000 DR3=0000000000000000 
DR6=00000000ffff0ff0 DR7=0000000000000400
CCS=00000044 CCD=00000000 CCO=EFLAGS
EFER=0000000000000000
Servicing hardware INT=0x20
   156: v=20 e=0000 i=0 cpl=0 IP=0008:000000000010d84b pc=000000000010d84b SP=0010:000000000013cd38 env->regs[R_EAX]=0000000000000000
EAX=00000000 EBX=0011c2b0 ECX=0000000f EDX=00000000
ESI=00000000 EDI=00000000 EBP=0013cd50 ESP=0013cd38
EIP=0010d84b EFL=00000246 [---Z-P-] CPL=0 II=0 A20=1 SMM=0 HLT=0
ES =0010 00000000 ffffffff 00cf9300 DPL=0 DS   [-WA]
CS =0008 00000000 ffffffff 00cf9a00 DPL=0 CS32 [-R-]
SS =0010 00000000 ffffffff 00cf9300 DPL=0 DS   [-WA]
DS =0010 00000000 ffffffff 00cf9300 DPL=0 DS   [-WA]
FS =0010 00000000 ffffffff 00cf9300 DPL=0 DS   [-WA]
GS =0010 00000000 ffffffff 00cf9300 DPL=0 DS   [-WA]
LDT=0000 00000000 0000ffff 00008200 DPL=0 LDT
TR =0028 00122cc0 00000067 00008900 DPL=0 TSS32-avl
GDT=     0011c274 0000002f
IDT=     0011ed20 000007ff
CR0=80000013 CR2=00000000 CR3=00400000 CR4=00000600
DR0=0000000000000000 DR1=0000000000000000 DR2=0000000000000000 DR3=0000000000000000 
DR6=00000000ffff0ff0 DR7=0000000000000400
CCS=00000044 CCD=00000000 CCO=EFLAGS
EFER=0000000000000000
Servicing hardware INT=0x20
   157: v=20 e=0000 i=0 cpl=0 IP=0008:000000000010d84b pc=000000000010d84b SP=0010:000000000013cd38 env->regs[R_EAX]=0000000000000000
EAX=00000000 EBX=0011c2b0 ECX=0000000f EDX=00000000
ESI=00000000 EDI=00000000 EBP=0013cd50 ESP=0013cd38
EIP=0010d84b EFL=00000246 [---Z-P-] CPL=0 II=0 A20=1 SMM=0 HLT=0
ES =0010 00000000 ffffffff 00cf9300 DPL=0 DS   [-WA]
CS =0008 00000000 ffffffff 00cf9a00 DPL=0 CS32 [-R-]
SS =0010 00000000 ffffffff 00cf9300 DPL=0 DS   [-WA]
DS =0010 00000000 ffffffff 00cf9300 DPL=0 DS   [-WA]
FS =0010 00000000 ffffffff 00cf9300 DPL=0 DS   [-WA]
GS =0010 00000000 ffffffff 00cf9300 DPL=0 DS   [-WA]
LDT=0000 00000000 0000ffff 00008200 DPL=0 LDT
TR =0028 00122cc0 00000067 00008900 DPL=0 TSS32-avl
GDT=     0011c274 0000002f
IDT=     0011ed20 000007ff
CR0=80000013 CR2=00000000 CR3=00400000 CR4=00000600
DR0=0000000000000000 DR1=0000000000000000 DR2=0000000000000000 DR3=0000000000000000 
DR6=00000000ffff0ff0 DR7=0000000000000400
CCS=00000044 CCD=00000000 CCO=EFLAGS
EFER=0000000000000000
Servicing hardware INT=0x20
   158: v=20 e=0000 i=0 cpl=0 IP=0008:000000000010d84b pc=000000000010d84b SP=0010:000000000013cd38 env->regs[R_EAX]=0000000000000000
EAX=00000000 EBX=0011c2b0 ECX=0000000f EDX=00000000
ESI=00000000 EDI=00000000 EBP=0013cd50 ESP=0013cd38
EIP=0010d84b EFL=00000246 [---Z-P-] CPL=0 II=0 A20=1 SMM=0 HLT=0
ES =0010 00000000 ffffffff 00cf9300 DPL=0 DS   [-WA]
CS =0008 00000000 ffffffff 00cf9a00 DPL=0 CS32 [-R-]
SS =0010 00000000 ffffffff 00cf9300 DPL=0 DS   [-WA]
DS =0010 00000000 ffffffff 00cf9300 DPL=0 DS   [-WA]
FS =0010 00000000 ffffffff 00cf9300 DPL=0 DS   [-WA]
GS =0010 00000000 ffffffff 00cf9300 DPL=0 DS   [-WA]
LDT=0000 00000000 0000ffff 00008200 DPL=0 LDT
TR =0028 00122cc0 00000067 00008900 DPL=0 TSS32-avl
GDT=     0011c274 0000002f
IDT=     0011ed20 000007ff
CR0=80000013 CR2=00000000 CR3=00400000 CR4=00000600
DR0=0000000000000000 DR1=0000000000000000 DR2=0000000000000000 DR3=0000000000000000 
DR6=00000000ffff0ff0 DR7=0000000000000400
CCS=00000044 CCD=00000000 CCO=EFLAGS
EFER=0000000000000000
Servicing hardware INT=0x20
   159: v=20 e=0000 i=0 cpl=0 IP=0008:000000000010d84b pc=000000000010d84b SP=0010:000000000013cd38 env->regs[R_EAX]=0000000000000000
EAX=00000000 EBX=0011c2b0 ECX=0000000f EDX=00000000
ESI=00000000 EDI=00000000 EBP=0013cd50 ESP=0013cd38
EIP=0010d84b EFL=00000246 [---Z-P-] CPL=0 II=0 A20=1 SMM=0 HLT=0
ES =0010 00000000 ffffffff 00cf9300 DPL=0 DS   [-WA]
CS =0008 00000000 ffffffff 00cf9a00 DPL=0 CS32 [-R-]
SS =0010 00000000 ffffffff 00cf9300 DPL=0 DS   [-WA]
DS =0010 00000000 ffffffff 00cf9300 DPL=0 DS   [-WA]
FS =0010 00000000 ffffffff 00cf9300 DPL=0 DS   [-WA]
GS =0010 00000000 ffffffff 00cf9300 DPL=0 DS   [-WA]
LDT=0000 00000000 0000ffff 00008200 DPL=0 LDT
TR =0028 00122cc0 00000067 00008900 DPL=0 TSS32-avl
GDT=     0011c274 0000002f
IDT=     0011ed20 000007ff
CR0=80000013 CR2=00000000 CR3=00400000 CR4=00000600
DR0=0000000000000000 DR1=0000000000000000 DR2=0000000000000000 DR3=0000000000000000 
DR6=00000000ffff0ff0 DR7=0000000000000400
CCS=00000044 CCD=00000000 CCO=EFLAGS
EFER=0000000000000000
Servicing hardware INT=0x20
   160: v=20 e=0000 i=0 cpl=0 IP=0008:000000000010d84b pc=000000000010d84b SP=0010:000000000013cd38 env->regs[R_EAX]=0000000000000000
EAX=00000000 EBX=0011c2b0 ECX=0000000f EDX=00000000
ESI=00000000 EDI=00000000 EBP=0013cd50 ESP=0013cd38
EIP=0010d84b EFL=00000246 [---Z-P-] CPL=0 II=0 A20=1 SMM=0 HLT=0
ES =0010 00000000 ffffffff 00cf9300 DPL=0 DS   [-WA]
CS =0008 00000000 ffffffff 00cf9a00 DPL=0 CS32 [-R-]
SS =0010 00000000 ffffffff 00cf9300 DPL=0 DS   [-WA]
DS =0010 00000000 ffffffff 00cf9300 DPL=0 DS   [-WA]
FS =0010 00000000 ffffffff 00cf9300 DPL=0 DS   [-WA]
GS =0010 00000000 ffffffff 00cf9300 DPL=0 DS   [-WA]
LDT=0000 00000000 0000ffff 00008200 DPL=0 LDT
TR =0028 00122cc0 00000067 00008900 DPL=0 TSS32-avl
GDT=     0011c274 0000002f
IDT=     0011ed20 000007ff
CR0=80000013 CR2=00000000 CR3=00400000 CR4=00000600
DR0=0000000000000000 DR1=0000000000000000 DR2=0000000000000000 DR3=0000000000000000 
DR6=00000000ffff0ff0 DR7=0000000000000400
CCS=00000044 CCD=00000000 CCO=EFLAGS
EFER=0000000000000000
Servicing hardware INT=0x20
   161: v=20 e=0000 i=0 cpl=0 IP=0008:000000000010d84b pc=000000000010d84b SP=0010:000000000013cd38 env->regs[R_EAX]=0000000000000000
EAX=00000000 EBX=0011c2b0 ECX=0000000f EDX=00000000
ESI=00000000 EDI=00000000 EBP=0013cd50 ESP=0013cd38
EIP=0010d84b EFL=00000246 [---Z-P-] CPL=0 II=0 A20=1 SMM=0 HLT=0
ES =0010 00000000 ffffffff 00cf9300 DPL=0 DS   [-WA]
CS =0008 00000000 ffffffff 00cf9a00 DPL=0 CS32 [-R-]
SS =0010 00000000 ffffffff 00cf9300 DPL=0 DS   [-WA]
DS =0010 00000000 ffffffff 00cf9300 DPL=0 DS   [-WA]
FS =0010 00000000 ffffffff 00cf9300 DPL=0 DS   [-WA]
GS =0010 00000000 ffffffff 00cf9300 DPL=0 DS   [-WA]
LDT=0000 00000000 0000ffff 00008200 DPL=0 LDT
TR =0028 00122cc0 00000067 00008900 DPL=0 TSS32-avl
GDT=     0011c274 0000002f
IDT=     0011ed20 000007ff
CR0=80000013 CR2=00000000 CR3=00400000 CR4=00000600
DR0=0000000000000000 DR1=0000000000000000 DR2=0000000000000000 DR3=0000000000000000 
DR6=00000000ffff0ff0 DR7=0000000000000400
CCS=00000044 CCD=00000000 CCO=EFLAGS
EFER=0000000000000000
Servicing hardware INT=0x20
   162: v=20 e=0000 i=0 cpl=0 IP=0008:000000000010d84b pc=000000000010d84b SP=0010:000000000013cd38 env->regs[R_EAX]=0000000000000000
EAX=00000000 EBX=0011c2b0 ECX=0000000f EDX=00000000
ESI=00000000 EDI=00000000 EBP=0013cd50 ESP=0013cd38
EIP=0010d84b EFL=00000246 [---Z-P-] CPL=0 II=0 A20=1 SMM=0 HLT=0
ES =0010 00000000 ffffffff 00cf9300 DPL=0 DS   [-WA]
CS =0008 00000000 ffffffff 00cf9a00 DPL=0 CS32 [-R-]
SS =0010 00000000 ffffffff 00cf9300 DPL=0 DS   [-WA]
DS =0010 00000000 ffffffff 00cf9300 DPL=0 DS   [-WA]
FS =0010 00000000 ffffffff 00cf9300 DPL=0 DS   [-WA]
GS =0010 00000000 ffffffff 00cf9300 DPL=0 DS   [-WA]
LDT=0000 00000000 0000ffff 00008200 DPL=0 LDT
TR =0028 00122cc0 00000067 00008900 DPL=0 TSS32-avl
GDT=     0011c274 0000002f
IDT=     0011ed20 000007ff
CR0=80000013 CR2=00000000 CR3=00400000 CR4=00000600
DR0=0000000000000000 DR1=0000000000000000 DR2=0000000000000000 DR3=0000000000000000 
DR6=00000000ffff0ff0 DR7=0000000000000400
CCS=00000044 CCD=00000000 CCO=EFLAGS
EFER=0000000000000000
Servicing hardware INT=0x20
   163: v=20 e=0000 i=0 cpl=0 IP=0008:000000000010d84b pc=000000000010d84b SP=0010:000000000013cd38 env->regs[R_EAX]=0000000000000000
EAX=00000000 EBX=0011c2b0 ECX=0000000f EDX=00000000
ESI=00000000 EDI=00000000 EBP=0013cd50 ESP=0013cd38
EIP=0010d84b EFL=00000246 [---Z-P-] CPL=0 II=0 A20=1 SMM=0 HLT=0
ES =0010 00000000 ffffffff 00cf9300 DPL=0 DS   [-WA]
CS =0008 00000000 ffffffff 00cf9a00 DPL=0 CS32 [-R-]
SS =0010 00000000 ffffffff 00cf9300 DPL=0 DS   [-WA]
DS =0010 00000000 ffffffff 00cf9300 DPL=0 DS   [-WA]
FS =0010 00000000 ffffffff 00cf9300 DPL=0 DS   [-WA]
GS =0010 00000000 ffffffff 00cf9300 DPL=0 DS   [-WA]
LDT=0000 00000000 0000ffff 00008200 DPL=0 LDT
TR =0028 00122cc0 00000067 00008900 DPL=0 TSS32-avl
GDT=     0011c274 0000002f
IDT=     0011ed20 000007ff
CR0=80000013 CR2=00000000 CR3=00400000 CR4=00000600
DR0=0000000000000000 DR1=0000000000000000 DR2=0000000000000000 DR3=0000000000000000 
DR6=00000000ffff0ff0 DR7=0000000000000400
CCS=00000044 CCD=00000000 CCO=EFLAGS
EFER=0000000000000000
Servicing hardware INT=0x20
   164: v=20 e=0000 i=0 cpl=0 IP=0008:000000000010d84b pc=000000000010d84b SP=0010:000000000013cd38 env->regs[R_EAX]=0000000000000000
EAX=00000000 EBX=0011c2b0 ECX=0000000f EDX=00000000
ESI=00000000 EDI=00000000 EBP=0013cd50 ESP=0013cd38
EIP=0010d84b EFL=00000246 [---Z-P-] CPL=0 II=0 A20=1 SMM=0 HLT=0
ES =0010 00000000 ffffffff 00cf9300 DPL=0 DS   [-WA]
CS =0008 00000000 ffffffff 00cf9a00 DPL=0 CS32 [-R-]
SS =0010 00000000 ffffffff 00cf9300 DPL=0 DS   [-WA]
DS =0010 00000000 ffffffff 00cf9300 DPL=0 DS   [-WA]
FS =0010 00000000 ffffffff 00cf9300 DPL=0 DS   [-WA]
GS =0010 00000000 ffffffff 00cf9300 DPL=0 DS   [-WA]
LDT=0000 00000000 0000ffff 00008200 DPL=0 LDT
TR =0028 00122cc0 00000067 00008900 DPL=0 TSS32-avl
GDT=     0011c274 0000002f
IDT=     0011ed20 000007ff
CR0=80000013 CR2=00000000 CR3=00400000 CR4=00000600
DR0=0000000000000000 DR1=0000000000000000 DR2=0000000000000000 DR3=0000000000000000 
DR6=00000000ffff0ff0 DR7=0000000000000400
CCS=00000044 CCD=00000000 CCO=EFLAGS
EFER=0000000000000000
Servicing hardware INT=0x20
   165: v=20 e=0000 i=0 cpl=0 IP=0008:000000000010d84b pc=000000000010d84b SP=0010:000000000013cd38 env->regs[R_EAX]=0000000000000000
EAX=00000000 EBX=0011c2b0 ECX=0000000f EDX=00000000
ESI=00000000 EDI=00000000 EBP=0013cd50 ESP=0013cd38
EIP=0010d84b EFL=00000246 [---Z-P-] CPL=0 II=0 A20=1 SMM=0 HLT=0
ES =0010 00000000 ffffffff 00cf9300 DPL=0 DS   [-WA]
CS =0008 00000000 ffffffff 00cf9a00 DPL=0 CS32 [-R-]
SS =0010 00000000 ffffffff 00cf9300 DPL=0 DS   [-WA]
DS =0010 00000000 ffffffff 00cf9300 DPL=0 DS   [-WA]
FS =0010 00000000 ffffffff 00cf9300 DPL=0 DS   [-WA]
GS =0010 00000000 ffffffff 00cf9300 DPL=0 DS   [-WA]
LDT=0000 00000000 0000ffff 00008200 DPL=0 LDT
TR =0028 00122cc0 00000067 00008900 DPL=0 TSS32-avl
GDT=     0011c274 0000002f
IDT=     0011ed20 000007ff
CR0=80000013 CR2=00000000 CR3=00400000 CR4=00000600
DR0=0000000000000000 DR1=0000000000000000 DR2=0000000000000000 DR3=0000000000000000 
DR6=00000000ffff0ff0 DR7=0000000000000400
CCS=00000044 CCD=00000000 CCO=EFLAGS
EFER=0000000000000000
Servicing hardware INT=0x20
   166: v=20 e=0000 i=0 cpl=0 IP=0008:000000000010d84b pc=000000000010d84b SP=0010:000000000013cd38 env->regs[R_EAX]=0000000000000000
EAX=00000000 EBX=0011c2b0 ECX=0000000f EDX=00000000
ESI=00000000 EDI=00000000 EBP=0013cd50 ESP=0013cd38
EIP=0010d84b EFL=00000246 [---Z-P-] CPL=0 II=0 A20=1 SMM=0 HLT=0
ES =0010 00000000 ffffffff 00cf9300 DPL=0 DS   [-WA]
CS =0008 00000000 ffffffff 00cf9a00 DPL=0 CS32 [-R-]
SS =0010 00000000 ffffffff 00cf9300 DPL=0 DS   [-WA]
DS =0010 00000000 ffffffff 00cf9300 DPL=0 DS   [-WA]
FS =0010 00000000 ffffffff 00cf9300 DPL=0 DS   [-WA]
GS =0010 00000000 ffffffff 00cf9300 DPL=0 DS   [-WA]
LDT=0000 00000000 0000ffff 00008200 DPL=0 LDT
TR =0028 00122cc0 00000067 00008900 DPL=0 TSS32-avl
GDT=     0011c274 0000002f
IDT=     0011ed20 000007ff
CR0=80000013 CR2=00000000 CR3=00400000 CR4=00000600
DR0=0000000000000000 DR1=0000000000000000 DR2=0000000000000000 DR3=0000000000000000 
DR6=00000000ffff0ff0 DR7=0000000000000400
CCS=00000044 CCD=00000000 CCO=EFLAGS
EFER=0000000000000000
Servicing hardware INT=0x20
   167: v=20 e=0000 i=0 cpl=0 IP=0008:000000000010d84b pc=000000000010d84b SP=0010:000000000013cd38 env->regs[R_EAX]=0000000000000000
EAX=00000000 EBX=0011c2b0 ECX=0000000f EDX=00000000
ESI=00000000 EDI=00000000 EBP=0013cd50 ESP=0013cd38
EIP=0010d84b EFL=00000246 [---Z-P-] CPL=0 II=0 A20=1 SMM=0 HLT=0
ES =0010 00000000 ffffffff 00cf9300 DPL=0 DS   [-WA]
CS =0008 00000000 ffffffff 00cf9a00 DPL=0 CS32 [-R-]
SS =0010 00000000 ffffffff 00cf9300 DPL=0 DS   [-WA]
DS =0010 00000000 ffffffff 00cf9300 DPL=0 DS   [-WA]
FS =0010 00000000 ffffffff 00cf9300 DPL=0 DS   [-WA]
GS =0010 00000000 ffffffff 00cf9300 DPL=0 DS   [-WA]
LDT=0000 00000000 0000ffff 00008200 DPL=0 LDT
TR =0028 00122cc0 00000067 00008900 DPL=0 TSS32-avl
GDT=     0011c274 0000002f
IDT=     0011ed20 000007ff
CR0=80000013 CR2=00000000 CR3=00400000 CR4=00000600
DR0=0000000000000000 DR1=0000000000000000 DR2=0000000000000000 DR3=0000000000000000 
DR6=00000000ffff0ff0 DR7=0000000000000400
CCS=00000044 CCD=00000000 CCO=EFLAGS
EFER=0000000000000000
Servicing hardware INT=0x20
   168: v=20 e=0000 i=0 cpl=0 IP=0008:000000000010d84b pc=000000000010d84b SP=0010:000000000013cd38 env->regs[R_EAX]=0000000000000000
EAX=00000000 EBX=0011c2b0 ECX=0000000f EDX=00000000
ESI=00000000 EDI=00000000 EBP=0013cd50 ESP=0013cd38
EIP=0010d84b EFL=00000246 [---Z-P-] CPL=0 II=0 A20=1 SMM=0 HLT=0
ES =0010 00000000 ffffffff 00cf9300 DPL=0 DS   [-WA]
CS =0008 00000000 ffffffff 00cf9a00 DPL=0 CS32 [-R-]
SS =0010 00000000 ffffffff 00cf9300 DPL=0 DS   [-WA]
DS =0010 00000000 ffffffff 00cf9300 DPL=0 DS   [-WA]
FS =0010 00000000 ffffffff 00cf9300 DPL=0 DS   [-WA]
GS =0010 00000000 ffffffff 00cf9300 DPL=0 DS   [-WA]
LDT=0000 00000000 0000ffff 00008200 DPL=0 LDT
TR =0028 00122cc0 00000067 00008900 DPL=0 TSS32-avl
GDT=     0011c274 0000002f
IDT=     0011ed20 000007ff
CR0=80000013 CR2=00000000 CR3=00400000 CR4=00000600
DR0=0000000000000000 DR1=0000000000000000 DR2=0000000000000000 DR3=0000000000000000 
DR6=00000000ffff0ff0 DR7=0000000000000400
CCS=00000044 CCD=00000000 CCO=EFLAGS
EFER=0000000000000000
Servicing hardware INT=0x20
   169: v=20 e=0000 i=0 cpl=0 IP=0008:000000000010d84b pc=000000000010d84b SP=0010:000000000013cd38 env->regs[R_EAX]=0000000000000000
EAX=00000000 EBX=0011c2b0 ECX=0000000f EDX=00000000
ESI=00000000 EDI=00000000 EBP=0013cd50 ESP=0013cd38
EIP=0010d84b EFL=00000246 [---Z-P-] CPL=0 II=0 A20=1 SMM=0 HLT=0
ES =0010 00000000 ffffffff 00cf9300 DPL=0 DS   [-WA]
CS =0008 00000000 ffffffff 00cf9a00 DPL=0 CS32 [-R-]
SS =0010 00000000 ffffffff 00cf9300 DPL=0 DS   [-WA]
DS =0010 00000000 ffffffff 00cf9300 DPL=0 DS   [-WA]
FS =0010 00000000 ffffffff 00cf9300 DPL=0 DS   [-WA]
GS =0010 00000000 ffffffff 00cf9300 DPL=0 DS   [-WA]
LDT=0000 00000000 0000ffff 00008200 DPL=0 LDT
TR =0028 00122cc0 00000067 00008900 DPL=0 TSS32-avl
GDT=     0011c274 0000002f
IDT=     0011ed20 000007ff
CR0=80000013 CR2=00000000 CR3=00400000 CR4=00000600
DR0=0000000000000000 DR1=0000000000000000 DR2=0000000000000000 DR3=0000000000000000 
DR6=00000000ffff0ff0 DR7=0000000000000400
CCS=00000044 CCD=00000000 CCO=EFLAGS
EFER=0000000000000000
Servicing hardware INT=0x21
   170: v=21 e=0000 i=0 cpl=0 IP=0008:000000000010d84b pc=000000000010d84b SP=0010:000000000013cd38 env->regs[R_EAX]=0000000000000000
EAX=00000000 EBX=0011c2b0 ECX=0000000f EDX=00000000
ESI=00000000 EDI=00000000 EBP=0013cd50 ESP=0013cd38
EIP=0010d84b EFL=00000246 [---Z-P-] CPL=0 II=0 A20=1 SMM=0 HLT=0
ES =0010 00000000 ffffffff 00cf9300 DPL=0 DS   [-WA]
CS =0008 00000000 ffffffff 00cf9a00 DPL=0 CS32 [-R-]
SS =0010 00000000 ffffffff 00cf9300 DPL=0 DS   [-WA]
DS =0010 00000000 ffffffff 00cf9300 DPL=0 DS   [-WA]
FS =0010 00000000 ffffffff 00cf9300 DPL=0 DS   [-WA]
GS =0010 00000000 ffffffff 00cf9300 DPL=0 DS   [-WA]
LDT=0000 00000000 0000ffff 00008200 DPL=0 LDT
TR =0028 00122cc0 00000067 00008900 DPL=0 TSS32-avl
GDT=     0011c274 0000002f
IDT=     0011ed20 000007ff
CR0=80000013 CR2=00000000 CR3=00400000 CR4=00000600
DR0=0000000000000000 DR1=0000000000000000 DR2=0000000000000000 DR3=0000000000000000 
DR6=00000000ffff0ff0 DR7=0000000000000400
CCS=00000044 CCD=00000000 CCO=EFLAGS
EFER=0000000000000000
Servicing hardware INT=0x21
   171: v=21 e=0000 i=0 cpl=0 IP=0008:000000000010d84b pc=000000000010d84b SP=0010:000000000013cd38 env->regs[R_EAX]=0000000000000000
EAX=00000000 EBX=0011c2b0 ECX=0000000f EDX=00000000
ESI=00000000 EDI=00000000 EBP=0013cd50 ESP=0013cd38
EIP=0010d84b EFL=00000246 [---Z-P-] CPL=0 II=0 A20=1 SMM=0 HLT=0
ES =0010 00000000 ffffffff 00cf9300 DPL=0 DS   [-WA]
CS =0008 00000000 ffffffff 00cf9a00 DPL=0 CS32 [-R-]
SS =0010 00000000 ffffffff 00cf9300 DPL=0 DS   [-WA]
DS =0010 00000000 ffffffff 00cf9300 DPL=0 DS   [-WA]
FS =0010 00000000 ffffffff 00cf9300 DPL=0 DS   [-WA]
GS =0010 00000000 ffffffff 00cf9300 DPL=0 DS   [-WA]
LDT=0000 00000000 0000ffff 00008200 DPL=0 LDT
TR =0028 00122cc0 00000067 00008900 DPL=0 TSS32-avl
GDT=     0011c274 0000002f
IDT=     0011ed20 000007ff
CR0=80000013 CR2=00000000 CR3=00400000 CR4=00000600
DR0=0000000000000000 DR1=0000000000000000 DR2=0000000000000000 DR3=0000000000000000 
DR6=00000000ffff0ff0 DR7=0000000000000400
CCS=00000044 CCD=0013ccec CCO=EFLAGS
EFER=0000000000000000
Servicing hardware INT=0x20
   172: v=20 e=0000 i=0 cpl=0 IP=0008:000000000010d84b pc=000000000010d84b SP=0010:000000000013cd38 env->regs[R_EAX]=0000000000000005
EAX=00000005 EBX=0011c2b0 ECX=0000000f EDX=00000000
ESI=00000000 EDI=00000000 EBP=0013cd50 ESP=0013cd38
EIP=0010d84b EFL=00000206 [-----P-] CPL=0 II=0 A20=1 SMM=0 HLT=0
ES =0010 00000000 ffffffff 00cf9300 DPL=0 DS   [-WA]
CS =0008 00000000 ffffffff 00cf9a00 DPL=0 CS32 [-R-]
SS =0010 00000000 ffffffff 00cf9300 DPL=0 DS   [-WA]
DS =0010 00000000 ffffffff 00cf9300 DPL=0 DS   [-WA]
FS =0010 00000000 ffffffff 00cf9300 DPL=0 DS   [-WA]
GS =0010 00000000 ffffffff 00cf9300 DPL=0 DS   [-WA]
LDT=0000 00000000 0000ffff 00008200 DPL=0 LDT
TR =0028 00122cc0 00000067 00008900 DPL=0 TSS32-avl
GDT=     0011c274 0000002f
IDT=     0011ed20 000007ff
CR0=80000013 CR2=00000000 CR3=00400000 CR4=00000600
DR0=0000000000000000 DR1=0000000000000000 DR2=0000000000000000 DR3=0000000000000000 
DR6=00000000ffff0ff0 DR7=0000000000000400
CCS=00000004 CCD=0013cd18 CCO=EFLAGS
EFER=0000000000000000
Servicing hardware INT=0x20
   173: v=20 e=0000 i=0 cpl=0 IP=0008:000000000010d84b pc=000000000010d84b SP=0010:000000000013cd38 env->regs[R_EAX]=0000000000000000
EAX=00000000 EBX=0011c2b0 ECX=0000000f EDX=00000000
ESI=00000000 EDI=00000000 EBP=0013cd50 ESP=0013cd38
EIP=0010d84b EFL=00000246 [---Z-P-] CPL=0 II=0 A20=1 SMM=0 HLT=0
ES =0010 00000000 ffffffff 00cf9300 DPL=0 DS   [-WA]
CS =0008 00000000 ffffffff 00cf9a00 DPL=0 CS32 [-R-]
SS =0010 00000000 ffffffff 00cf9300 DPL=0 DS   [-WA]
DS =0010 00000000 ffffffff 00cf9300 DPL=0 DS   [-WA]
FS =0010 00000000 ffffffff 00cf9300 DPL=0 DS   [-WA]
GS =0010 00000000 ffffffff 00cf9300 DPL=0 DS   [-WA]
LDT=0000 00000000 0000ffff 00008200 DPL=0 LDT
TR =0028 00122cc0 00000067 00008900 DPL=0 TSS32-avl
GDT=     0011c274 0000002f
IDT=     0011ed20 000007ff
CR0=80000013 CR2=00000000 CR3=00400000 CR4=00000600
DR0=0000000000000000 DR1=0000000000000000 DR2=0000000000000000 DR3=0000000000000000 
DR6=00000000ffff0ff0 DR7=0000000000000400
CCS=00000044 CCD=00000000 CCO=EFLAGS
EFER=0000000000000000
Servicing hardware INT=0x20
   174: v=20 e=0000 i=0 cpl=0 IP=0008:000000000010d84b pc=000000000010d84b SP=0010:000000000013cd38 env->regs[R_EAX]=0000000000000000
EAX=00000000 EBX=0011c2b0 ECX=0000000f EDX=00000000
ESI=00000000 EDI=00000000 EBP=0013cd50 ESP=0013cd38
EIP=0010d84b EFL=00000246 [---Z-P-] CPL=0 II=0 A20=1 SMM=0 HLT=0
ES =0010 00000000 ffffffff 00cf9300 DPL=0 DS   [-WA]
CS =0008 00000000 ffffffff 00cf9a00 DPL=0 CS32 [-R-]
SS =0010 00000000 ffffffff 00cf9300 DPL=0 DS   [-WA]
DS =0010 00000000 ffffffff 00cf9300 DPL=0 DS   [-WA]
FS =0010 00000000 ffffffff 00cf9300 DPL=0 DS   [-WA]
GS =0010 00000000 ffffffff 00cf9300 DPL=0 DS   [-WA]
LDT=0000 00000000 0000ffff 00008200 DPL=0 LDT
TR =0028 00122cc0 00000067 00008900 DPL=0 TSS32-avl
GDT=     0011c274 0000002f
IDT=     0011ed20 000007ff
CR0=80000013 CR2=00000000 CR3=00400000 CR4=00000600
DR0=0000000000000000 DR1=0000000000000000 DR2=0000000000000000 DR3=0000000000000000 
DR6=00000000ffff0ff0 DR7=0000000000000400
CCS=00000044 CCD=00000000 CCO=EFLAGS
EFER=0000000000000000
Servicing hardware INT=0x21
   175: v=21 e=0000 i=0 cpl=0 IP=0008:000000000010d84b pc=000000000010d84b SP=0010:000000000013cd38 env->regs[R_EAX]=0000000000000000
EAX=00000000 EBX=0011c2b0 ECX=0000000f EDX=00000000
ESI=00000000 EDI=00000000 EBP=0013cd50 ESP=0013cd38
EIP=0010d84b EFL=00000246 [---Z-P-] CPL=0 II=0 A20=1 SMM=0 HLT=0
ES =0010 00000000 ffffffff 00cf9300 DPL=0 DS   [-WA]
CS =0008 00000000 ffffffff 00cf9a00 DPL=0 CS32 [-R-]
SS =0010 00000000 ffffffff 00cf9300 DPL=0 DS   [-WA]
DS =0010 00000000 ffffffff 00cf9300 DPL=0 DS   [-WA]
FS =0010 00000000 ffffffff 00cf9300 DPL=0 DS   [-WA]
GS =0010 00000000 ffffffff 00cf9300 DPL=0 DS   [-WA]
LDT=0000 00000000 0000ffff 00008200 DPL=0 LDT
TR =0028 00122cc0 00000067 00008900 DPL=0 TSS32-avl
GDT=     0011c274 0000002f
IDT=     0011ed20 000007ff
CR0=80000013 CR2=00000000 CR3=00400000 CR4=00000600
DR0=0000000000000000 DR1=0000000000000000 DR2=0000000000000000 DR3=0000000000000000 
DR6=00000000ffff0ff0 DR7=0000000000000400
CCS=00000044 CCD=00000000 CCO=EFLAGS
EFER=0000000000000000
Servicing hardware INT=0x21
   176: v=21 e=0000 i=0 cpl=0 IP=0008:000000000010d84b pc=000000000010d84b SP=0010:000000000013cd38 env->regs[R_EAX]=0000000000000000
EAX=00000000 EBX=0011c2b0 ECX=0000000f EDX=00000000
ESI=00000000 EDI=00000000 EBP=0013cd50 ESP=0013cd38
EIP=0010d84b EFL=00000246 [---Z-P-] CPL=0 II=0 A20=1 SMM=0 HLT=0
ES =0010 00000000 ffffffff 00cf9300 DPL=0 DS   [-WA]
CS =0008 00000000 ffffffff 00cf9a00 DPL=0 CS32 [-R-]
SS =0010 00000000 ffffffff 00cf9300 DPL=0 DS   [-WA]
DS =0010 00000000 ffffffff 00cf9300 DPL=0 DS   [-WA]
FS =0010 00000000 ffffffff 00cf9300 DPL=0 DS   [-WA]
GS =0010 00000000 ffffffff 00cf9300 DPL=0 DS   [-WA]
LDT=0000 00000000 0000ffff 00008200 DPL=0 LDT
TR =0028 00122cc0 00000067 00008900 DPL=0 TSS32-avl
GDT=     0011c274 0000002f
IDT=     0011ed20 000007ff
CR0=80000013 CR2=00000000 CR3=00400000 CR4=00000600
DR0=0000000000000000 DR1=0000000000000000 DR2=0000000000000000 DR3=0000000000000000 
DR6=00000000ffff0ff0 DR7=0000000000000400
CCS=00000044 CCD=0013ccec CCO=EFLAGS
EFER=0000000000000000
Servicing hardware INT=0x20
   177: v=20 e=0000 i=0 cpl=0 IP=0008:000000000010d84b pc=000000000010d84b SP=0010:000000000013cd38 env->regs[R_EAX]=0000000000000000
EAX=00000000 EBX=0011c2b0 ECX=0000000f EDX=00000000
ESI=00000000 EDI=00000000 EBP=0013cd50 ESP=0013cd38
EIP=0010d84b EFL=00000246 [---Z-P-] CPL=0 II=0 A20=1 SMM=0 HLT=0
ES =0010 00000000 ffffffff 00cf9300 DPL=0 DS   [-WA]
CS =0008 00000000 ffffffff 00cf9a00 DPL=0 CS32 [-R-]
SS =0010 00000000 ffffffff 00cf9300 DPL=0 DS   [-WA]
DS =0010 00000000 ffffffff 00cf9300 DPL=0 DS   [-WA]
FS =0010 00000000 ffffffff 00cf9300 DPL=0 DS   [-WA]
GS =0010 00000000 ffffffff 00cf9300 DPL=0 DS   [-WA]
LDT=0000 00000000 0000ffff 00008200 DPL=0 LDT
TR =0028 00122cc0 00000067 00008900 DPL=0 TSS32-avl
GDT=     0011c274 0000002f
IDT=     0011ed20 000007ff
CR0=80000013 CR2=00000000 CR3=00400000 CR4=00000600
DR0=0000000000000000 DR1=0000000000000000 DR2=0000000000000000 DR3=0000000000000000 
DR6=00000000ffff0ff0 DR7=0000000000000400
CCS=00000044 CCD=00000000 CCO=EFLAGS
EFER=0000000000000000
Servicing hardware INT=0x20
   178: v=20 e=0000 i=0 cpl=0 IP=0008:000000000010d84b pc=000000000010d84b SP=0010:000000000013cd38 env->regs[R_EAX]=0000000000000000
EAX=00000000 EBX=0011c2b0 ECX=0000000f EDX=00000000
ESI=00000000 EDI=00000000 EBP=0013cd50 ESP=0013cd38
EIP=0010d84b EFL=00000246 [---Z-P-] CPL=0 II=0 A20=1 SMM=0 HLT=0
ES =0010 00000000 ffffffff 00cf9300 DPL=0 DS   [-WA]
CS =0008 00000000 ffffffff 00cf9a00 DPL=0 CS32 [-R-]
SS =0010 00000000 ffffffff 00cf9300 DPL=0 DS   [-WA]
DS =0010 00000000 ffffffff 00cf9300 DPL=0 DS   [-WA]
FS =0010 00000000 ffffffff 00cf9300 DPL=0 DS   [-WA]
GS =0010 00000000 ffffffff 00cf9300 DPL=0 DS   [-WA]
LDT=0000 00000000 0000ffff 00008200 DPL=0 LDT
TR =0028 00122cc0 00000067 00008900 DPL=0 TSS32-avl
GDT=     0011c274 0000002f
IDT=     0011ed20 000007ff
CR0=80000013 CR2=00000000 CR3=00400000 CR4=00000600
DR0=0000000000000000 DR1=0000000000000000 DR2=0000000000000000 DR3=0000000000000000 
DR6=00000000ffff0ff0 DR7=0000000000000400
CCS=00000044 CCD=00000000 CCO=EFLAGS
EFER=0000000000000000
Servicing hardware INT=0x20
   179: v=20 e=0000 i=0 cpl=0 IP=0008:000000000010d84b pc=000000000010d84b SP=0010:000000000013cd38 env->regs[R_EAX]=0000000000000000
EAX=00000000 EBX=0011c2b0 ECX=0000000f EDX=00000000
ESI=00000000 EDI=00000000 EBP=0013cd50 ESP=0013cd38
EIP=0010d84b EFL=00000246 [---Z-P-] CPL=0 II=0 A20=1 SMM=0 HLT=0
ES =0010 00000000 ffffffff 00cf9300 DPL=0 DS   [-WA]
CS =0008 00000000 ffffffff 00cf9a00 DPL=0 CS32 [-R-]
SS =0010 00000000 ffffffff 00cf9300 DPL=0 DS   [-WA]
DS =0010 00000000 ffffffff 00cf9300 DPL=0 DS   [-WA]
FS =0010 00000000 ffffffff 00cf9300 DPL=0 DS   [-WA]
GS =0010 00000000 ffffffff 00cf9300 DPL=0 DS   [-WA]
LDT=0000 00000000 0000ffff 00008200 DPL=0 LDT
TR =0028 00122cc0 00000067 00008900 DPL=0 TSS32-avl
GDT=     0011c274 0000002f
IDT=     0011ed20 000007ff
CR0=80000013 CR2=00000000 CR3=00400000 CR4=00000600
DR0=0000000000000000 DR1=0000000000000000 DR2=0000000000000000 DR3=0000000000000000 
DR6=00000000ffff0ff0 DR7=0000000000000400
CCS=00000044 CCD=00000000 CCO=EFLAGS
EFER=0000000000000000
Servicing hardware INT=0x20
   180: v=20 e=0000 i=0 cpl=0 IP=0008:000000000010d84b pc=000000000010d84b SP=0010:000000000013cd38 env->regs[R_EAX]=0000000000000000
EAX=00000000 EBX=0011c2b0 ECX=0000000f EDX=00000000
ESI=00000000 EDI=00000000 EBP=0013cd50 ESP=0013cd38
EIP=0010d84b EFL=00000246 [---Z-P-] CPL=0 II=0 A20=1 SMM=0 HLT=0
ES =0010 00000000 ffffffff 00cf9300 DPL=0 DS   [-WA]
CS =0008 00000000 ffffffff 00cf9a00 DPL=0 CS32 [-R-]
SS =0010 00000000 ffffffff 00cf9300 DPL=0 DS   [-WA]
DS =0010 00000000 ffffffff 00cf9300 DPL=0 DS   [-WA]
FS =0010 00000000 ffffffff 00cf9300 DPL=0 DS   [-WA]
GS =0010 00000000 ffffffff 00cf9300 DPL=0 DS   [-WA]
LDT=0000 00000000 0000ffff 00008200 DPL=0 LDT
TR =0028 00122cc0 00000067 00008900 DPL=0 TSS32-avl
GDT=     0011c274 0000002f
IDT=     0011ed20 000007ff
CR0=80000013 CR2=00000000 CR3=00400000 CR4=00000600
DR0=0000000000000000 DR1=0000000000000000 DR2=0000000000000000 DR3=0000000000000000 
DR6=00000000ffff0ff0 DR7=0000000000000400
CCS=00000044 CCD=00000000 CCO=EFLAGS
EFER=0000000000000000
Servicing hardware INT=0x20
   181: v=20 e=0000 i=0 cpl=0 IP=0008:000000000010d84b pc=000000000010d84b SP=0010:000000000013cd38 env->regs[R_EAX]=0000000000000000
EAX=00000000 EBX=0011c2b0 ECX=0000000f EDX=00000000
ESI=00000000 EDI=00000000 EBP=0013cd50 ESP=0013cd38
EIP=0010d84b EFL=00000246 [---Z-P-] CPL=0 II=0 A20=1 SMM=0 HLT=0
ES =0010 00000000 ffffffff 00cf9300 DPL=0 DS   [-WA]
CS =0008 00000000 ffffffff 00cf9a00 DPL=0 CS32 [-R-]
SS =0010 00000000 ffffffff 00cf9300 DPL=0 DS   [-WA]
DS =0010 00000000 ffffffff 00cf9300 DPL=0 DS   [-WA]
FS =0010 00000000 ffffffff 00cf9300 DPL=0 DS   [-WA]
GS =0010 00000000 ffffffff 00cf9300 DPL=0 DS   [-WA]
LDT=0000 00000000 0000ffff 00008200 DPL=0 LDT
TR =0028 00122cc0 00000067 00008900 DPL=0 TSS32-avl
GDT=     0011c274 0000002f
IDT=     0011ed20 000007ff
CR0=80000013 CR2=00000000 CR3=00400000 CR4=00000600
DR0=0000000000000000 DR1=0000000000000000 DR2=0000000000000000 DR3=0000000000000000 
DR6=00000000ffff0ff0 DR7=0000000000000400
CCS=00000044 CCD=00000000 CCO=EFLAGS
EFER=0000000000000000
Servicing hardware INT=0x21
   182: v=21 e=0000 i=0 cpl=0 IP=0008:000000000010d84b pc=000000000010d84b SP=0010:000000000013cd38 env->regs[R_EAX]=0000000000000000
EAX=00000000 EBX=0011c2b0 ECX=0000000f EDX=00000000
ESI=00000000 EDI=00000000 EBP=0013cd50 ESP=0013cd38
EIP=0010d84b EFL=00000246 [---Z-P-] CPL=0 II=0 A20=1 SMM=0 HLT=0
ES =0010 00000000 ffffffff 00cf9300 DPL=0 DS   [-WA]
CS =0008 00000000 ffffffff 00cf9a00 DPL=0 CS32 [-R-]
SS =0010 00000000 ffffffff 00cf9300 DPL=0 DS   [-WA]
DS =0010 00000000 ffffffff 00cf9300 DPL=0 DS   [-WA]
FS =0010 00000000 ffffffff 00cf9300 DPL=0 DS   [-WA]
GS =0010 00000000 ffffffff 00cf9300 DPL=0 DS   [-WA]
LDT=0000 00000000 0000ffff 00008200 DPL=0 LDT
TR =0028 00122cc0 00000067 00008900 DPL=0 TSS32-avl
GDT=     0011c274 0000002f
IDT=     0011ed20 000007ff
CR0=80000013 CR2=00000000 CR3=00400000 CR4=00000600
DR0=0000000000000000 DR1=0000000000000000 DR2=0000000000000000 DR3=0000000000000000 
DR6=00000000ffff0ff0 DR7=0000000000000400
CCS=00000044 CCD=00000000 CCO=EFLAGS
EFER=0000000000000000
Servicing hardware INT=0x21
   183: v=21 e=0000 i=0 cpl=0 IP=0008:000000000010d84b pc=000000000010d84b SP=0010:000000000013cd38 env->regs[R_EAX]=0000000000000000
EAX=00000000 EBX=0011c2b0 ECX=0000000f EDX=00000000
ESI=00000000 EDI=00000000 EBP=0013cd50 ESP=0013cd38
EIP=0010d84b EFL=00000246 [---Z-P-] CPL=0 II=0 A20=1 SMM=0 HLT=0
ES =0010 00000000 ffffffff 00cf9300 DPL=0 DS   [-WA]
CS =0008 00000000 ffffffff 00cf9a00 DPL=0 CS32 [-R-]
SS =0010 00000000 ffffffff 00cf9300 DPL=0 DS   [-WA]
DS =0010 00000000 ffffffff 00cf9300 DPL=0 DS   [-WA]
FS =0010 00000000 ffffffff 00cf9300 DPL=0 DS   [-WA]
GS =0010 00000000 ffffffff 00cf9300 DPL=0 DS   [-WA]
LDT=0000 00000000 0000ffff 00008200 DPL=0 LDT
TR =0028 00122cc0 00000067 00008900 DPL=0 TSS32-avl
GDT=     0011c274 0000002f
IDT=     0011ed20 000007ff
CR0=80000013 CR2=00000000 CR3=00400000 CR4=00000600
DR0=0000000000000000 DR1=0000000000000000 DR2=0000000000000000 DR3=0000000000000000 
DR6=00000000ffff0ff0 DR7=0000000000000400
CCS=00000044 CCD=0013ccec CCO=EFLAGS
EFER=0000000000000000
Servicing hardware INT=0x20
   184: v=20 e=0000 i=0 cpl=0 IP=0008:000000000010d84b pc=000000000010d84b SP=0010:000000000013cd38 env->regs[R_EAX]=0000000000000005
EAX=00000005 EBX=0011c2b0 ECX=0000000f EDX=00000000
ESI=00000000 EDI=00000000 EBP=0013cd50 ESP=0013cd38
EIP=0010d84b EFL=00000206 [-----P-] CPL=0 II=0 A20=1 SMM=0 HLT=0
ES =0010 00000000 ffffffff 00cf9300 DPL=0 DS   [-WA]
CS =0008 00000000 ffffffff 00cf9a00 DPL=0 CS32 [-R-]
SS =0010 00000000 ffffffff 00cf9300 DPL=0 DS   [-WA]
DS =0010 00000000 ffffffff 00cf9300 DPL=0 DS   [-WA]
FS =0010 00000000 ffffffff 00cf9300 DPL=0 DS   [-WA]
GS =0010 00000000 ffffffff 00cf9300 DPL=0 DS   [-WA]
LDT=0000 00000000 0000ffff 00008200 DPL=0 LDT
TR =0028 00122cc0 00000067 00008900 DPL=0 TSS32-avl
GDT=     0011c274 0000002f
IDT=     0011ed20 000007ff
CR0=80000013 CR2=00000000 CR3=00400000 CR4=00000600
DR0=0000000000000000 DR1=0000000000000000 DR2=0000000000000000 DR3=0000000000000000 
DR6=00000000ffff0ff0 DR7=0000000000000400
CCS=00000004 CCD=0013cd18 CCO=EFLAGS
EFER=0000000000000000
Servicing hardware INT=0x20
   185: v=20 e=0000 i=0 cpl=0 IP=0008:000000000010d84b pc=000000000010d84b SP=0010:000000000013cd38 env->regs[R_EAX]=0000000000000000
EAX=00000000 EBX=0011c2b0 ECX=0000000f EDX=00000000
ESI=00000000 EDI=00000000 EBP=0013cd50 ESP=0013cd38
EIP=0010d84b EFL=00000246 [---Z-P-] CPL=0 II=0 A20=1 SMM=0 HLT=0
ES =0010 00000000 ffffffff 00cf9300 DPL=0 DS   [-WA]
CS =0008 00000000 ffffffff 00cf9a00 DPL=0 CS32 [-R-]
SS =0010 00000000 ffffffff 00cf9300 DPL=0 DS   [-WA]
DS =0010 00000000 ffffffff 00cf9300 DPL=0 DS   [-WA]
FS =0010 00000000 ffffffff 00cf9300 DPL=0 DS   [-WA]
GS =0010 00000000 ffffffff 00cf9300 DPL=0 DS   [-WA]
LDT=0000 00000000 0000ffff 00008200 DPL=0 LDT
TR =0028 00122cc0 00000067 00008900 DPL=0 TSS32-avl
GDT=     0011c274 0000002f
IDT=     0011ed20 000007ff
CR0=80000013 CR2=00000000 CR3=00400000 CR4=00000600
DR0=0000000000000000 DR1=0000000000000000 DR2=0000000000000000 DR3=0000000000000000 
DR6=00000000ffff0ff0 DR7=0000000000000400
CCS=00000044 CCD=00000000 CCO=EFLAGS
EFER=0000000000000000
Servicing hardware INT=0x21
   186: v=21 e=0000 i=0 cpl=0 IP=0008:000000000010d84b pc=000000000010d84b SP=0010:000000000013cd38 env->regs[R_EAX]=0000000000000000
EAX=00000000 EBX=0011c2b0 ECX=0000000f EDX=00000000
ESI=00000000 EDI=00000000 EBP=0013cd50 ESP=0013cd38
EIP=0010d84b EFL=00000246 [---Z-P-] CPL=0 II=0 A20=1 SMM=0 HLT=0
ES =0010 00000000 ffffffff 00cf9300 DPL=0 DS   [-WA]
CS =0008 00000000 ffffffff 00cf9a00 DPL=0 CS32 [-R-]
SS =0010 00000000 ffffffff 00cf9300 DPL=0 DS   [-WA]
DS =0010 00000000 ffffffff 00cf9300 DPL=0 DS   [-WA]
FS =0010 00000000 ffffffff 00cf9300 DPL=0 DS   [-WA]
GS =0010 00000000 ffffffff 00cf9300 DPL=0 DS   [-WA]
LDT=0000 00000000 0000ffff 00008200 DPL=0 LDT
TR =0028 00122cc0 00000067 00008900 DPL=0 TSS32-avl
GDT=     0011c274 0000002f
IDT=     0011ed20 000007ff
CR0=80000013 CR2=00000000 CR3=00400000 CR4=00000600
DR0=0000000000000000 DR1=0000000000000000 DR2=0000000000000000 DR3=0000000000000000 
DR6=00000000ffff0ff0 DR7=0000000000000400
CCS=00000044 CCD=00000000 CCO=EFLAGS
EFER=0000000000000000
Servicing hardware INT=0x21
   187: v=21 e=0000 i=0 cpl=0 IP=0008:000000000010d84b pc=000000000010d84b SP=0010:000000000013cd38 env->regs[R_EAX]=0000000000000000
EAX=00000000 EBX=0011c2b0 ECX=0000000f EDX=00000000
ESI=00000000 EDI=00000000 EBP=0013cd50 ESP=0013cd38
EIP=0010d84b EFL=00000246 [---Z-P-] CPL=0 II=0 A20=1 SMM=0 HLT=0
ES =0010 00000000 ffffffff 00cf9300 DPL=0 DS   [-WA]
CS =0008 00000000 ffffffff 00cf9a00 DPL=0 CS32 [-R-]
SS =0010 00000000 ffffffff 00cf9300 DPL=0 DS   [-WA]
DS =0010 00000000 ffffffff 00cf9300 DPL=0 DS   [-WA]
FS =0010 00000000 ffffffff 00cf9300 DPL=0 DS   [-WA]
GS =0010 00000000 ffffffff 00cf9300 DPL=0 DS   [-WA]
LDT=0000 00000000 0000ffff 00008200 DPL=0 LDT
TR =0028 00122cc0 00000067 00008900 DPL=0 TSS32-avl
GDT=     0011c274 0000002f
IDT=     0011ed20 000007ff
CR0=80000013 CR2=00000000 CR3=00400000 CR4=00000600
DR0=0000000000000000 DR1=0000000000000000 DR2=0000000000000000 DR3=0000000000000000 
DR6=00000000ffff0ff0 DR7=0000000000000400
CCS=00000044 CCD=0013ccec CCO=EFLAGS
EFER=0000000000000000
Servicing hardware INT=0x20
   188: v=20 e=0000 i=0 cpl=0 IP=0008:000000000010d84b pc=000000000010d84b SP=0010:000000000013cd38 env->regs[R_EAX]=0000000000000000
EAX=00000000 EBX=0011c2b0 ECX=0000000f EDX=00000000
ESI=00000000 EDI=00000000 EBP=0013cd50 ESP=0013cd38
EIP=0010d84b EFL=00000246 [---Z-P-] CPL=0 II=0 A20=1 SMM=0 HLT=0
ES =0010 00000000 ffffffff 00cf9300 DPL=0 DS   [-WA]
CS =0008 00000000 ffffffff 00cf9a00 DPL=0 CS32 [-R-]
SS =0010 00000000 ffffffff 00cf9300 DPL=0 DS   [-WA]
DS =0010 00000000 ffffffff 00cf9300 DPL=0 DS   [-WA]
FS =0010 00000000 ffffffff 00cf9300 DPL=0 DS   [-WA]
GS =0010 00000000 ffffffff 00cf9300 DPL=0 DS   [-WA]
LDT=0000 00000000 0000ffff 00008200 DPL=0 LDT
TR =0028 00122cc0 00000067 00008900 DPL=0 TSS32-avl
GDT=     0011c274 0000002f
IDT=     0011ed20 000007ff
CR0=80000013 CR2=00000000 CR3=00400000 CR4=00000600
DR0=0000000000000000 DR1=0000000000000000 DR2=0000000000000000 DR3=0000000000000000 
DR6=00000000ffff0ff0 DR7=0000000000000400
CCS=00000044 CCD=00000000 CCO=EFLAGS
EFER=0000000000000000
Servicing hardware INT=0x20
   189: v=20 e=0000 i=0 cpl=0 IP=0008:000000000010d84b pc=000000000010d84b SP=0010:000000000013cd38 env->regs[R_EAX]=0000000000000000
EAX=00000000 EBX=0011c2b0 ECX=0000000f EDX=00000000
ESI=00000000 EDI=00000000 EBP=0013cd50 ESP=0013cd38
EIP=0010d84b EFL=00000246 [---Z-P-] CPL=0 II=0 A20=1 SMM=0 HLT=0
ES =0010 00000000 ffffffff 00cf9300 DPL=0 DS   [-WA]
CS =0008 00000000 ffffffff 00cf9a00 DPL=0 CS32 [-R-]
SS =0010 00000000 ffffffff 00cf9300 DPL=0 DS   [-WA]
DS =0010 00000000 ffffffff 00cf9300 DPL=0 DS   [-WA]
FS =0010 00000000 ffffffff 00cf9300 DPL=0 DS   [-WA]
GS =0010 00000000 ffffffff 00cf9300 DPL=0 DS   [-WA]
LDT=0000 00000000 0000ffff 00008200 DPL=0 LDT
TR =0028 00122cc0 00000067 00008900 DPL=0 TSS32-avl
GDT=     0011c274 0000002f
IDT=     0011ed20 000007ff
CR0=80000013 CR2=00000000 CR3=00400000 CR4=00000600
DR0=0000000000000000 DR1=0000000000000000 DR2=0000000000000000 DR3=0000000000000000 
DR6=00000000ffff0ff0 DR7=0000000000000400
CCS=00000044 CCD=00000000 CCO=EFLAGS
EFER=0000000000000000
Servicing hardware INT=0x20
   190: v=20 e=0000 i=0 cpl=0 IP=0008:000000000010d84b pc=000000000010d84b SP=0010:000000000013cd38 env->regs[R_EAX]=0000000000000000
EAX=00000000 EBX=0011c2b0 ECX=0000000f EDX=00000000
ESI=00000000 EDI=00000000 EBP=0013cd50 ESP=0013cd38
EIP=0010d84b EFL=00000246 [---Z-P-] CPL=0 II=0 A20=1 SMM=0 HLT=0
ES =0010 00000000 ffffffff 00cf9300 DPL=0 DS   [-WA]
CS =0008 00000000 ffffffff 00cf9a00 DPL=0 CS32 [-R-]
SS =0010 00000000 ffffffff 00cf9300 DPL=0 DS   [-WA]
DS =0010 00000000 ffffffff 00cf9300 DPL=0 DS   [-WA]
FS =0010 00000000 ffffffff 00cf9300 DPL=0 DS   [-WA]
GS =0010 00000000 ffffffff 00cf9300 DPL=0 DS   [-WA]
LDT=0000 00000000 0000ffff 00008200 DPL=0 LDT
TR =0028 00122cc0 00000067 00008900 DPL=0 TSS32-avl
GDT=     0011c274 0000002f
IDT=     0011ed20 000007ff
CR0=80000013 CR2=00000000 CR3=00400000 CR4=00000600
DR0=0000000000000000 DR1=0000000000000000 DR2=0000000000000000 DR3=0000000000000000 
DR6=00000000ffff0ff0 DR7=0000000000000400
CCS=00000044 CCD=00000000 CCO=EFLAGS
EFER=0000000000000000
Servicing hardware INT=0x20
   191: v=20 e=0000 i=0 cpl=0 IP=0008:000000000010d84b pc=000000000010d84b SP=0010:000000000013cd38 env->regs[R_EAX]=0000000000000000
EAX=00000000 EBX=0011c2b0 ECX=0000000f EDX=00000000
ESI=00000000 EDI=00000000 EBP=0013cd50 ESP=0013cd38
EIP=0010d84b EFL=00000246 [---Z-P-] CPL=0 II=0 A20=1 SMM=0 HLT=0
ES =0010 00000000 ffffffff 00cf9300 DPL=0 DS   [-WA]
CS =0008 00000000 ffffffff 00cf9a00 DPL=0 CS32 [-R-]
SS =0010 00000000 ffffffff 00cf9300 DPL=0 DS   [-WA]
DS =0010 00000000 ffffffff 00cf9300 DPL=0 DS   [-WA]
FS =0010 00000000 ffffffff 00cf9300 DPL=0 DS   [-WA]
GS =0010 00000000 ffffffff 00cf9300 DPL=0 DS   [-WA]
LDT=0000 00000000 0000ffff 00008200 DPL=0 LDT
TR =0028 00122cc0 00000067 00008900 DPL=0 TSS32-avl
GDT=     0011c274 0000002f
IDT=     0011ed20 000007ff
CR0=80000013 CR2=00000000 CR3=00400000 CR4=00000600
DR0=0000000000000000 DR1=0000000000000000 DR2=0000000000000000 DR3=0000000000000000 
DR6=00000000ffff0ff0 DR7=0000000000000400
CCS=00000044 CCD=00000000 CCO=EFLAGS
EFER=0000000000000000
Servicing hardware INT=0x20
   192: v=20 e=0000 i=0 cpl=0 IP=0008:000000000010d84b pc=000000000010d84b SP=0010:000000000013cd38 env->regs[R_EAX]=0000000000000000
EAX=00000000 EBX=0011c2b0 ECX=0000000f EDX=00000000
ESI=00000000 EDI=00000000 EBP=0013cd50 ESP=0013cd38
EIP=0010d84b EFL=00000246 [---Z-P-] CPL=0 II=0 A20=1 SMM=0 HLT=0
ES =0010 00000000 ffffffff 00cf9300 DPL=0 DS   [-WA]
CS =0008 00000000 ffffffff 00cf9a00 DPL=0 CS32 [-R-]
SS =0010 00000000 ffffffff 00cf9300 DPL=0 DS   [-WA]
DS =0010 00000000 ffffffff 00cf9300 DPL=0 DS   [-WA]
FS =0010 00000000 ffffffff 00cf9300 DPL=0 DS   [-WA]
GS =0010 00000000 ffffffff 00cf9300 DPL=0 DS   [-WA]
LDT=0000 00000000 0000ffff 00008200 DPL=0 LDT
TR =0028 00122cc0 00000067 00008900 DPL=0 TSS32-avl
GDT=     0011c274 0000002f
IDT=     0011ed20 000007ff
CR0=80000013 CR2=00000000 CR3=00400000 CR4=00000600
DR0=0000000000000000 DR1=0000000000000000 DR2=0000000000000000 DR3=0000000000000000 
DR6=00000000ffff0ff0 DR7=0000000000000400
CCS=00000044 CCD=00000000 CCO=EFLAGS
EFER=0000000000000000
Servicing hardware INT=0x20
   193: v=20 e=0000 i=0 cpl=0 IP=0008:000000000010d84b pc=000000000010d84b SP=0010:000000000013cd38 env->regs[R_EAX]=0000000000000000
EAX=00000000 EBX=0011c2b0 ECX=0000000f EDX=00000000
ESI=00000000 EDI=00000000 EBP=0013cd50 ESP=0013cd38
EIP=0010d84b EFL=00000246 [---Z-P-] CPL=0 II=0 A20=1 SMM=0 HLT=0
ES =0010 00000000 ffffffff 00cf9300 DPL=0 DS   [-WA]
CS =0008 00000000 ffffffff 00cf9a00 DPL=0 CS32 [-R-]
SS =0010 00000000 ffffffff 00cf9300 DPL=0 DS   [-WA]
DS =0010 00000000 ffffffff 00cf9300 DPL=0 DS   [-WA]
FS =0010 00000000 ffffffff 00cf9300 DPL=0 DS   [-WA]
GS =0010 00000000 ffffffff 00cf9300 DPL=0 DS   [-WA]
LDT=0000 00000000 0000ffff 00008200 DPL=0 LDT
TR =0028 00122cc0 00000067 00008900 DPL=0 TSS32-avl
GDT=     0011c274 0000002f
IDT=     0011ed20 000007ff
CR0=80000013 CR2=00000000 CR3=00400000 CR4=00000600
DR0=0000000000000000 DR1=0000000000000000 DR2=0000000000000000 DR3=0000000000000000 
DR6=00000000ffff0ff0 DR7=0000000000000400
CCS=00000044 CCD=00000000 CCO=EFLAGS
EFER=0000000000000000
Servicing hardware INT=0x20
   194: v=20 e=0000 i=0 cpl=0 IP=0008:000000000010d84b pc=000000000010d84b SP=0010:000000000013cd38 env->regs[R_EAX]=0000000000000000
EAX=00000000 EBX=0011c2b0 ECX=0000000f EDX=00000000
ESI=00000000 EDI=00000000 EBP=0013cd50 ESP=0013cd38
EIP=0010d84b EFL=00000246 [---Z-P-] CPL=0 II=0 A20=1 SMM=0 HLT=0
ES =0010 00000000 ffffffff 00cf9300 DPL=0 DS   [-WA]
CS =0008 00000000 ffffffff 00cf9a00 DPL=0 CS32 [-R-]
SS =0010 00000000 ffffffff 00cf9300 DPL=0 DS   [-WA]
DS =0010 00000000 ffffffff 00cf9300 DPL=0 DS   [-WA]
FS =0010 00000000 ffffffff 00cf9300 DPL=0 DS   [-WA]
GS =0010 00000000 ffffffff 00cf9300 DPL=0 DS   [-WA]
LDT=0000 00000000 0000ffff 00008200 DPL=0 LDT
TR =0028 00122cc0 00000067 00008900 DPL=0 TSS32-avl
GDT=     0011c274 0000002f
IDT=     0011ed20 000007ff
CR0=80000013 CR2=00000000 CR3=00400000 CR4=00000600
DR0=0000000000000000 DR1=0000000000000000 DR2=0000000000000000 DR3=0000000000000000 
DR6=00000000ffff0ff0 DR7=0000000000000400
CCS=00000044 CCD=00000000 CCO=EFLAGS
EFER=0000000000000000
Servicing hardware INT=0x20
   195: v=20 e=0000 i=0 cpl=0 IP=0008:000000000010d84b pc=000000000010d84b SP=0010:000000000013cd38 env->regs[R_EAX]=0000000000000000
EAX=00000000 EBX=0011c2b0 ECX=0000000f EDX=00000000
ESI=00000000 EDI=00000000 EBP=0013cd50 ESP=0013cd38
EIP=0010d84b EFL=00000246 [---Z-P-] CPL=0 II=0 A20=1 SMM=0 HLT=0
ES =0010 00000000 ffffffff 00cf9300 DPL=0 DS   [-WA]
CS =0008 00000000 ffffffff 00cf9a00 DPL=0 CS32 [-R-]
SS =0010 00000000 ffffffff 00cf9300 DPL=0 DS   [-WA]
DS =0010 00000000 ffffffff 00cf9300 DPL=0 DS   [-WA]
FS =0010 00000000 ffffffff 00cf9300 DPL=0 DS   [-WA]
GS =0010 00000000 ffffffff 00cf9300 DPL=0 DS   [-WA]
LDT=0000 00000000 0000ffff 00008200 DPL=0 LDT
TR =0028 00122cc0 00000067 00008900 DPL=0 TSS32-avl
GDT=     0011c274 0000002f
IDT=     0011ed20 000007ff
CR0=80000013 CR2=00000000 CR3=00400000 CR4=00000600
DR0=0000000000000000 DR1=0000000000000000 DR2=0000000000000000 DR3=0000000000000000 
DR6=00000000ffff0ff0 DR7=0000000000000400
CCS=00000044 CCD=00000000 CCO=EFLAGS
EFER=0000000000000000
Servicing hardware INT=0x20
   196: v=20 e=0000 i=0 cpl=0 IP=0008:000000000010d84b pc=000000000010d84b SP=0010:000000000013cd38 env->regs[R_EAX]=0000000000000000
EAX=00000000 EBX=0011c2b0 ECX=0000000f EDX=00000000
ESI=00000000 EDI=00000000 EBP=0013cd50 ESP=0013cd38
EIP=0010d84b EFL=00000246 [---Z-P-] CPL=0 II=0 A20=1 SMM=0 HLT=0
ES =0010 00000000 ffffffff 00cf9300 DPL=0 DS   [-WA]
CS =0008 00000000 ffffffff 00cf9a00 DPL=0 CS32 [-R-]
SS =0010 00000000 ffffffff 00cf9300 DPL=0 DS   [-WA]
DS =0010 00000000 ffffffff 00cf9300 DPL=0 DS   [-WA]
FS =0010 00000000 ffffffff 00cf9300 DPL=0 DS   [-WA]
GS =0010 00000000 ffffffff 00cf9300 DPL=0 DS   [-WA]
LDT=0000 00000000 0000ffff 00008200 DPL=0 LDT
TR =0028 00122cc0 00000067 00008900 DPL=0 TSS32-avl
GDT=     0011c274 0000002f
IDT=     0011ed20 000007ff
CR0=80000013 CR2=00000000 CR3=00400000 CR4=00000600
DR0=0000000000000000 DR1=0000000000000000 DR2=0000000000000000 DR3=0000000000000000 
DR6=00000000ffff0ff0 DR7=0000000000000400
CCS=00000044 CCD=00000000 CCO=EFLAGS
EFER=0000000000000000
Servicing hardware INT=0x20
   197: v=20 e=0000 i=0 cpl=0 IP=0008:000000000010d84b pc=000000000010d84b SP=0010:000000000013cd38 env->regs[R_EAX]=0000000000000000
EAX=00000000 EBX=0011c2b0 ECX=0000000f EDX=00000000
ESI=00000000 EDI=00000000 EBP=0013cd50 ESP=0013cd38
EIP=0010d84b EFL=00000246 [---Z-P-] CPL=0 II=0 A20=1 SMM=0 HLT=0
ES =0010 00000000 ffffffff 00cf9300 DPL=0 DS   [-WA]
CS =0008 00000000 ffffffff 00cf9a00 DPL=0 CS32 [-R-]
SS =0010 00000000 ffffffff 00cf9300 DPL=0 DS   [-WA]
DS =0010 00000000 ffffffff 00cf9300 DPL=0 DS   [-WA]
FS =0010 00000000 ffffffff 00cf9300 DPL=0 DS   [-WA]
GS =0010 00000000 ffffffff 00cf9300 DPL=0 DS   [-WA]
LDT=0000 00000000 0000ffff 00008200 DPL=0 LDT
TR =0028 00122cc0 00000067 00008900 DPL=0 TSS32-avl
GDT=     0011c274 0000002f
IDT=     0011ed20 000007ff
CR0=80000013 CR2=00000000 CR3=00400000 CR4=00000600
DR0=0000000000000000 DR1=0000000000000000 DR2=0000000000000000 DR3=0000000000000000 
DR6=00000000ffff0ff0 DR7=0000000000000400
CCS=00000044 CCD=00000000 CCO=EFLAGS
EFER=0000000000000000
Servicing hardware INT=0x20
   198: v=20 e=0000 i=0 cpl=0 IP=0008:000000000010d84b pc=000000000010d84b SP=0010:000000000013cd38 env->regs[R_EAX]=0000000000000000
EAX=00000000 EBX=0011c2b0 ECX=0000000f EDX=00000000
ESI=00000000 EDI=00000000 EBP=0013cd50 ESP=0013cd38
EIP=0010d84b EFL=00000246 [---Z-P-] CPL=0 II=0 A20=1 SMM=0 HLT=0
ES =0010 00000000 ffffffff 00cf9300 DPL=0 DS   [-WA]
CS =0008 00000000 ffffffff 00cf9a00 DPL=0 CS32 [-R-]
SS =0010 00000000 ffffffff 00cf9300 DPL=0 DS   [-WA]
DS =0010 00000000 ffffffff 00cf9300 DPL=0 DS   [-WA]
FS =0010 00000000 ffffffff 00cf9300 DPL=0 DS   [-WA]
GS =0010 00000000 ffffffff 00cf9300 DPL=0 DS   [-WA]
LDT=0000 00000000 0000ffff 00008200 DPL=0 LDT
TR =0028 00122cc0 00000067 00008900 DPL=0 TSS32-avl
GDT=     0011c274 0000002f
IDT=     0011ed20 000007ff
CR0=80000013 CR2=00000000 CR3=00400000 CR4=00000600
DR0=0000000000000000 DR1=0000000000000000 DR2=0000000000000000 DR3=0000000000000000 
DR6=00000000ffff0ff0 DR7=0000000000000400
CCS=00000044 CCD=00000000 CCO=EFLAGS
EFER=0000000000000000
Servicing hardware INT=0x20
   199: v=20 e=0000 i=0 cpl=0 IP=0008:000000000010d84b pc=000000000010d84b SP=0010:000000000013cd38 env->regs[R_EAX]=0000000000000000
EAX=00000000 EBX=0011c2b0 ECX=0000000f EDX=00000000
ESI=00000000 EDI=00000000 EBP=0013cd50 ESP=0013cd38
EIP=0010d84b EFL=00000246 [---Z-P-] CPL=0 II=0 A20=1 SMM=0 HLT=0
ES =0010 00000000 ffffffff 00cf9300 DPL=0 DS   [-WA]
CS =0008 00000000 ffffffff 00cf9a00 DPL=0 CS32 [-R-]
SS =0010 00000000 ffffffff 00cf9300 DPL=0 DS   [-WA]
DS =0010 00000000 ffffffff 00cf9300 DPL=0 DS   [-WA]
FS =0010 00000000 ffffffff 00cf9300 DPL=0 DS   [-WA]
GS =0010 00000000 ffffffff 00cf9300 DPL=0 DS   [-WA]
LDT=0000 00000000 0000ffff 00008200 DPL=0 LDT
TR =0028 00122cc0 00000067 00008900 DPL=0 TSS32-avl
GDT=     0011c274 0000002f
IDT=     0011ed20 000007ff
CR0=80000013 CR2=00000000 CR3=00400000 CR4=00000600
DR0=0000000000000000 DR1=0000000000000000 DR2=0000000000000000 DR3=0000000000000000 
DR6=00000000ffff0ff0 DR7=0000000000000400
CCS=00000044 CCD=00000000 CCO=EFLAGS
EFER=0000000000000000
Servicing hardware INT=0x20
   200: v=20 e=0000 i=0 cpl=0 IP=0008:000000000010d84b pc=000000000010d84b SP=0010:000000000013cd38 env->regs[R_EAX]=0000000000000000
EAX=00000000 EBX=0011c2b0 ECX=0000000f EDX=00000000
ESI=00000000 EDI=00000000 EBP=0013cd50 ESP=0013cd38
EIP=0010d84b EFL=00000246 [---Z-P-] CPL=0 II=0 A20=1 SMM=0 HLT=0
ES =0010 00000000 ffffffff 00cf9300 DPL=0 DS   [-WA]
CS =0008 00000000 ffffffff 00cf9a00 DPL=0 CS32 [-R-]
SS =0010 00000000 ffffffff 00cf9300 DPL=0 DS   [-WA]
DS =0010 00000000 ffffffff 00cf9300 DPL=0 DS   [-WA]
FS =0010 00000000 ffffffff 00cf9300 DPL=0 DS   [-WA]
GS =0010 00000000 ffffffff 00cf9300 DPL=0 DS   [-WA]
LDT=0000 00000000 0000ffff 00008200 DPL=0 LDT
TR =0028 00122cc0 00000067 00008900 DPL=0 TSS32-avl
GDT=     0011c274 0000002f
IDT=     0011ed20 000007ff
CR0=80000013 CR2=00000000 CR3=00400000 CR4=00000600
DR0=0000000000000000 DR1=0000000000000000 DR2=0000000000000000 DR3=0000000000000000 
DR6=00000000ffff0ff0 DR7=0000000000000400
CCS=00000044 CCD=00000000 CCO=EFLAGS
EFER=0000000000000000
Servicing hardware INT=0x20
   201: v=20 e=0000 i=0 cpl=0 IP=0008:000000000010d84b pc=000000000010d84b SP=0010:000000000013cd38 env->regs[R_EAX]=0000000000000000
EAX=00000000 EBX=0011c2b0 ECX=0000000f EDX=00000000
ESI=00000000 EDI=00000000 EBP=0013cd50 ESP=0013cd38
EIP=0010d84b EFL=00000246 [---Z-P-] CPL=0 II=0 A20=1 SMM=0 HLT=0
ES =0010 00000000 ffffffff 00cf9300 DPL=0 DS   [-WA]
CS =0008 00000000 ffffffff 00cf9a00 DPL=0 CS32 [-R-]
SS =0010 00000000 ffffffff 00cf9300 DPL=0 DS   [-WA]
DS =0010 00000000 ffffffff 00cf9300 DPL=0 DS   [-WA]
FS =0010 00000000 ffffffff 00cf9300 DPL=0 DS   [-WA]
GS =0010 00000000 ffffffff 00cf9300 DPL=0 DS   [-WA]
LDT=0000 00000000 0000ffff 00008200 DPL=0 LDT
TR =0028 00122cc0 00000067 00008900 DPL=0 TSS32-avl
GDT=     0011c274 0000002f
IDT=     0011ed20 000007ff
CR0=80000013 CR2=00000000 CR3=00400000 CR4=00000600
DR0=0000000000000000 DR1=0000000000000000 DR2=0000000000000000 DR3=0000000000000000 
DR6=00000000ffff0ff0 DR7=0000000000000400
CCS=00000044 CCD=00000000 CCO=EFLAGS
EFER=0000000000000000
Servicing hardware INT=0x20
   202: v=20 e=0000 i=0 cpl=0 IP=0008:000000000010d84b pc=000000000010d84b SP=0010:000000000013cd38 env->regs[R_EAX]=0000000000000000
EAX=00000000 EBX=0011c2b0 ECX=0000000f EDX=00000000
ESI=00000000 EDI=00000000 EBP=0013cd50 ESP=0013cd38
EIP=0010d84b EFL=00000246 [---Z-P-] CPL=0 II=0 A20=1 SMM=0 HLT=0
ES =0010 00000000 ffffffff 00cf9300 DPL=0 DS   [-WA]
CS =0008 00000000 ffffffff 00cf9a00 DPL=0 CS32 [-R-]
SS =0010 00000000 ffffffff 00cf9300 DPL=0 DS   [-WA]
DS =0010 00000000 ffffffff 00cf9300 DPL=0 DS   [-WA]
FS =0010 00000000 ffffffff 00cf9300 DPL=0 DS   [-WA]
GS =0010 00000000 ffffffff 00cf9300 DPL=0 DS   [-WA]
LDT=0000 00000000 0000ffff 00008200 DPL=0 LDT
TR =0028 00122cc0 00000067 00008900 DPL=0 TSS32-avl
GDT=     0011c274 0000002f
IDT=     0011ed20 000007ff
CR0=80000013 CR2=00000000 CR3=00400000 CR4=00000600
DR0=0000000000000000 DR1=0000000000000000 DR2=0000000000000000 DR3=0000000000000000 
DR6=00000000ffff0ff0 DR7=0000000000000400
CCS=00000044 CCD=00000000 CCO=EFLAGS
EFER=0000000000000000
Servicing hardware INT=0x20
   203: v=20 e=0000 i=0 cpl=0 IP=0008:000000000010d84b pc=000000000010d84b SP=0010:000000000013cd38 env->regs[R_EAX]=0000000000000000
EAX=00000000 EBX=0011c2b0 ECX=0000000f EDX=00000000
ESI=00000000 EDI=00000000 EBP=0013cd50 ESP=0013cd38
EIP=0010d84b EFL=00000246 [---Z-P-] CPL=0 II=0 A20=1 SMM=0 HLT=0
ES =0010 00000000 ffffffff 00cf9300 DPL=0 DS   [-WA]
CS =0008 00000000 ffffffff 00cf9a00 DPL=0 CS32 [-R-]
SS =0010 00000000 ffffffff 00cf9300 DPL=0 DS   [-WA]
DS =0010 00000000 ffffffff 00cf9300 DPL=0 DS   [-WA]
FS =0010 00000000 ffffffff 00cf9300 DPL=0 DS   [-WA]
GS =0010 00000000 ffffffff 00cf9300 DPL=0 DS   [-WA]
LDT=0000 00000000 0000ffff 00008200 DPL=0 LDT
TR =0028 00122cc0 00000067 00008900 DPL=0 TSS32-avl
GDT=     0011c274 0000002f
IDT=     0011ed20 000007ff
CR0=80000013 CR2=00000000 CR3=00400000 CR4=00000600
DR0=0000000000000000 DR1=0000000000000000 DR2=0000000000000000 DR3=0000000000000000 
DR6=00000000ffff0ff0 DR7=0000000000000400
CCS=00000044 CCD=00000000 CCO=EFLAGS
EFER=0000000000000000
Servicing hardware INT=0x21
   204: v=21 e=0000 i=0 cpl=0 IP=0008:000000000010d84b pc=000000000010d84b SP=0010:000000000013cd38 env->regs[R_EAX]=0000000000000000
EAX=00000000 EBX=0011c2b0 ECX=0000000f EDX=00000000
ESI=00000000 EDI=00000000 EBP=0013cd50 ESP=0013cd38
EIP=0010d84b EFL=00000246 [---Z-P-] CPL=0 II=0 A20=1 SMM=0 HLT=0
ES =0010 00000000 ffffffff 00cf9300 DPL=0 DS   [-WA]
CS =0008 00000000 ffffffff 00cf9a00 DPL=0 CS32 [-R-]
SS =0010 00000000 ffffffff 00cf9300 DPL=0 DS   [-WA]
DS =0010 00000000 ffffffff 00cf9300 DPL=0 DS   [-WA]
FS =0010 00000000 ffffffff 00cf9300 DPL=0 DS   [-WA]
GS =0010 00000000 ffffffff 00cf9300 DPL=0 DS   [-WA]
LDT=0000 00000000 0000ffff 00008200 DPL=0 LDT
TR =0028 00122cc0 00000067 00008900 DPL=0 TSS32-avl
GDT=     0011c274 0000002f
IDT=     0011ed20 000007ff
CR0=80000013 CR2=00000000 CR3=00400000 CR4=00000600
DR0=0000000000000000 DR1=0000000000000000 DR2=0000000000000000 DR3=0000000000000000 
DR6=00000000ffff0ff0 DR7=0000000000000400
CCS=00000044 CCD=00000000 CCO=EFLAGS
EFER=0000000000000000
Servicing hardware INT=0x20
   205: v=20 e=0000 i=0 cpl=0 IP=0008:000000000010d37c pc=000000000010d37c SP=0010:000000000013cce8 env->regs[R_EAX]=00000000ffffffff
EAX=ffffffff EBX=0011c2b0 ECX=0013be3a EDX=000000a0
ESI=00000000 EDI=00000000 EBP=0013cd00 ESP=0013cce8
EIP=0010d37c EFL=00000286 [--S--P-] CPL=0 II=0 A20=1 SMM=0 HLT=0
ES =0010 00000000 ffffffff 00cf9300 DPL=0 DS   [-WA]
CS =0008 00000000 ffffffff 00cf9a00 DPL=0 CS32 [-R-]
SS =0010 00000000 ffffffff 00cf9300 DPL=0 DS   [-WA]
DS =0010 00000000 ffffffff 00cf9300 DPL=0 DS   [-WA]
FS =0010 00000000 ffffffff 00cf9300 DPL=0 DS   [-WA]
GS =0010 00000000 ffffffff 00cf9300 DPL=0 DS   [-WA]
LDT=0000 00000000 0000ffff 00008200 DPL=0 LDT
TR =0028 00122cc0 00000067 00008900 DPL=0 TSS32-avl
GDT=     0011c274 0000002f
IDT=     0011ed20 000007ff
CR0=80000013 CR2=00000000 CR3=00400000 CR4=00000600
DR0=0000000000000000 DR1=0000000000000000 DR2=0000000000000000 DR3=0000000000000000 
DR6=00000000ffff0ff0 DR7=0000000000000400
CCS=00000084 CCD=ffffffff CCO=EFLAGS
EFER=0000000000000000
Servicing hardware INT=0x20
   206: v=20 e=0000 i=0 cpl=0 IP=0008:000000000010d84b pc=000000000010d84b SP=0010:000000000013cd38 env->regs[R_EAX]=0000000000000005
EAX=00000005 EBX=0011c2b0 ECX=0000000f EDX=00000000
ESI=00000000 EDI=00000000 EBP=0013cd50 ESP=0013cd38
EIP=0010d84b EFL=00000202 [-------] CPL=0 II=0 A20=1 SMM=0 HLT=0
ES =0010 00000000 ffffffff 00cf9300 DPL=0 DS   [-WA]
CS =0008 00000000 ffffffff 00cf9a00 DPL=0 CS32 [-R-]
SS =0010 00000000 ffffffff 00cf9300 DPL=0 DS   [-WA]
DS =0010 00000000 ffffffff 00cf9300 DPL=0 DS   [-WA]
FS =0010 00000000 ffffffff 00cf9300 DPL=0 DS   [-WA]
GS =0010 00000000 ffffffff 00cf9300 DPL=0 DS   [-WA]
LDT=0000 00000000 0000ffff 00008200 DPL=0 LDT
TR =0028 00122cc0 00000067 00008900 DPL=0 TSS32-avl
GDT=     0011c274 0000002f
IDT=     0011ed20 000007ff
CR0=80000013 CR2=00000000 CR3=00400000 CR4=00000600
DR0=0000000000000000 DR1=0000000000000000 DR2=0000000000000000 DR3=0000000000000000 
DR6=00000000ffff0ff0 DR7=0000000000000400
CCS=00000000 CCD=0013ccf8 CCO=EFLAGS
EFER=0000000000000000
Servicing hardware INT=0x21
   207: v=21 e=0000 i=0 cpl=0 IP=0008:000000000010d84b pc=000000000010d84b SP=0010:000000000013cd38 env->regs[R_EAX]=0000000000000000
EAX=00000000 EBX=0011c2b0 ECX=0000000f EDX=00000000
ESI=00000000 EDI=00000000 EBP=0013cd50 ESP=0013cd38
EIP=0010d84b EFL=00000246 [---Z-P-] CPL=0 II=0 A20=1 SMM=0 HLT=0
ES =0010 00000000 ffffffff 00cf9300 DPL=0 DS   [-WA]
CS =0008 00000000 ffffffff 00cf9a00 DPL=0 CS32 [-R-]
SS =0010 00000000 ffffffff 00cf9300 DPL=0 DS   [-WA]
DS =0010 00000000 ffffffff 00cf9300 DPL=0 DS   [-WA]
FS =0010 00000000 ffffffff 00cf9300 DPL=0 DS   [-WA]
GS =0010 00000000 ffffffff 00cf9300 DPL=0 DS   [-WA]
LDT=0000 00000000 0000ffff 00008200 DPL=0 LDT
TR =0028 00122cc0 00000067 00008900 DPL=0 TSS32-avl
GDT=     0011c274 0000002f
IDT=     0011ed20 000007ff
CR0=80000013 CR2=00000000 CR3=00400000 CR4=00000600
DR0=0000000000000000 DR1=0000000000000000 DR2=0000000000000000 DR3=0000000000000000 
DR6=00000000ffff0ff0 DR7=0000000000000400
CCS=00000044 CCD=00000000 CCO=EFLAGS
EFER=0000000000000000
Servicing hardware INT=0x20
   208: v=20 e=0000 i=0 cpl=0 IP=0008:000000000010d84b pc=000000000010d84b SP=0010:000000000013cd38 env->regs[R_EAX]=0000000000000000
EAX=00000000 EBX=0011c2b0 ECX=0000000f EDX=00000000
ESI=00000000 EDI=00000000 EBP=0013cd50 ESP=0013cd38
EIP=0010d84b EFL=00000246 [---Z-P-] CPL=0 II=0 A20=1 SMM=0 HLT=0
ES =0010 00000000 ffffffff 00cf9300 DPL=0 DS   [-WA]
CS =0008 00000000 ffffffff 00cf9a00 DPL=0 CS32 [-R-]
SS =0010 00000000 ffffffff 00cf9300 DPL=0 DS   [-WA]
DS =0010 00000000 ffffffff 00cf9300 DPL=0 DS   [-WA]
FS =0010 00000000 ffffffff 00cf9300 DPL=0 DS   [-WA]
GS =0010 00000000 ffffffff 00cf9300 DPL=0 DS   [-WA]
LDT=0000 00000000 0000ffff 00008200 DPL=0 LDT
TR =0028 00122cc0 00000067 00008900 DPL=0 TSS32-avl
GDT=     0011c274 0000002f
IDT=     0011ed20 000007ff
CR0=80000013 CR2=00000000 CR3=00400000 CR4=00000600
DR0=0000000000000000 DR1=0000000000000000 DR2=0000000000000000 DR3=0000000000000000 
DR6=00000000ffff0ff0 DR7=0000000000000400
CCS=00000044 CCD=00000000 CCO=EFLAGS
EFER=0000000000000000
Servicing hardware INT=0x20
   209: v=20 e=0000 i=0 cpl=0 IP=0008:000000000010d84b pc=000000000010d84b SP=0010:000000000013cd38 env->regs[R_EAX]=0000000000000000
EAX=00000000 EBX=0011c2b0 ECX=0000000f EDX=00000000
ESI=00000000 EDI=00000000 EBP=0013cd50 ESP=0013cd38
EIP=0010d84b EFL=00000246 [---Z-P-] CPL=0 II=0 A20=1 SMM=0 HLT=0
ES =0010 00000000 ffffffff 00cf9300 DPL=0 DS   [-WA]
CS =0008 00000000 ffffffff 00cf9a00 DPL=0 CS32 [-R-]
SS =0010 00000000 ffffffff 00cf9300 DPL=0 DS   [-WA]
DS =0010 00000000 ffffffff 00cf9300 DPL=0 DS   [-WA]
FS =0010 00000000 ffffffff 00cf9300 DPL=0 DS   [-WA]
GS =0010 00000000 ffffffff 00cf9300 DPL=0 DS   [-WA]
LDT=0000 00000000 0000ffff 00008200 DPL=0 LDT
TR =0028 00122cc0 00000067 00008900 DPL=0 TSS32-avl
GDT=     0011c274 0000002f
IDT=     0011ed20 000007ff
CR0=80000013 CR2=00000000 CR3=00400000 CR4=00000600
DR0=0000000000000000 DR1=0000000000000000 DR2=0000000000000000 DR3=0000000000000000 
DR6=00000000ffff0ff0 DR7=0000000000000400
CCS=00000044 CCD=00000000 CCO=EFLAGS
EFER=0000000000000000
Servicing hardware INT=0x20
   210: v=20 e=0000 i=0 cpl=0 IP=0008:000000000010d84b pc=000000000010d84b SP=0010:000000000013cd38 env->regs[R_EAX]=0000000000000000
EAX=00000000 EBX=0011c2b0 ECX=0000000f EDX=00000000
ESI=00000000 EDI=00000000 EBP=0013cd50 ESP=0013cd38
EIP=0010d84b EFL=00000246 [---Z-P-] CPL=0 II=0 A20=1 SMM=0 HLT=0
ES =0010 00000000 ffffffff 00cf9300 DPL=0 DS   [-WA]
CS =0008 00000000 ffffffff 00cf9a00 DPL=0 CS32 [-R-]
SS =0010 00000000 ffffffff 00cf9300 DPL=0 DS   [-WA]
DS =0010 00000000 ffffffff 00cf9300 DPL=0 DS   [-WA]
FS =0010 00000000 ffffffff 00cf9300 DPL=0 DS   [-WA]
GS =0010 00000000 ffffffff 00cf9300 DPL=0 DS   [-WA]
LDT=0000 00000000 0000ffff 00008200 DPL=0 LDT
TR =0028 00122cc0 00000067 00008900 DPL=0 TSS32-avl
GDT=     0011c274 0000002f
IDT=     0011ed20 000007ff
CR0=80000013 CR2=00000000 CR3=00400000 CR4=00000600
DR0=0000000000000000 DR1=0000000000000000 DR2=0000000000000000 DR3=0000000000000000 
DR6=00000000ffff0ff0 DR7=0000000000000400
CCS=00000044 CCD=00000000 CCO=EFLAGS
EFER=0000000000000000
Servicing hardware INT=0x20
   211: v=20 e=0000 i=0 cpl=0 IP=0008:000000000010d84b pc=000000000010d84b SP=0010:000000000013cd38 env->regs[R_EAX]=0000000000000000
EAX=00000000 EBX=0011c2b0 ECX=0000000f EDX=00000000
ESI=00000000 EDI=00000000 EBP=0013cd50 ESP=0013cd38
EIP=0010d84b EFL=00000246 [---Z-P-] CPL=0 II=0 A20=1 SMM=0 HLT=0
ES =0010 00000000 ffffffff 00cf9300 DPL=0 DS   [-WA]
CS =0008 00000000 ffffffff 00cf9a00 DPL=0 CS32 [-R-]
SS =0010 00000000 ffffffff 00cf9300 DPL=0 DS   [-WA]
DS =0010 00000000 ffffffff 00cf9300 DPL=0 DS   [-WA]
FS =0010 00000000 ffffffff 00cf9300 DPL=0 DS   [-WA]
GS =0010 00000000 ffffffff 00cf9300 DPL=0 DS   [-WA]
LDT=0000 00000000 0000ffff 00008200 DPL=0 LDT
TR =0028 00122cc0 00000067 00008900 DPL=0 TSS32-avl
GDT=     0011c274 0000002f
IDT=     0011ed20 000007ff
CR0=80000013 CR2=00000000 CR3=00400000 CR4=00000600
DR0=0000000000000000 DR1=0000000000000000 DR2=0000000000000000 DR3=0000000000000000 
DR6=00000000ffff0ff0 DR7=0000000000000400
CCS=00000044 CCD=00000000 CCO=EFLAGS
EFER=0000000000000000
Servicing hardware INT=0x20
   212: v=20 e=0000 i=0 cpl=0 IP=0008:000000000010d84b pc=000000000010d84b SP=0010:000000000013cd38 env->regs[R_EAX]=0000000000000000
EAX=00000000 EBX=0011c2b0 ECX=0000000f EDX=00000000
ESI=00000000 EDI=00000000 EBP=0013cd50 ESP=0013cd38
EIP=0010d84b EFL=00000246 [---Z-P-] CPL=0 II=0 A20=1 SMM=0 HLT=0
ES =0010 00000000 ffffffff 00cf9300 DPL=0 DS   [-WA]
CS =0008 00000000 ffffffff 00cf9a00 DPL=0 CS32 [-R-]
SS =0010 00000000 ffffffff 00cf9300 DPL=0 DS   [-WA]
DS =0010 00000000 ffffffff 00cf9300 DPL=0 DS   [-WA]
FS =0010 00000000 ffffffff 00cf9300 DPL=0 DS   [-WA]
GS =0010 00000000 ffffffff 00cf9300 DPL=0 DS   [-WA]
LDT=0000 00000000 0000ffff 00008200 DPL=0 LDT
TR =0028 00122cc0 00000067 00008900 DPL=0 TSS32-avl
GDT=     0011c274 0000002f
IDT=     0011ed20 000007ff
CR0=80000013 CR2=00000000 CR3=00400000 CR4=00000600
DR0=0000000000000000 DR1=0000000000000000 DR2=0000000000000000 DR3=0000000000000000 
DR6=00000000ffff0ff0 DR7=0000000000000400
CCS=00000044 CCD=00000000 CCO=EFLAGS
EFER=0000000000000000
Servicing hardware INT=0x20
   213: v=20 e=0000 i=0 cpl=0 IP=0008:000000000010d84b pc=000000000010d84b SP=0010:000000000013cd38 env->regs[R_EAX]=0000000000000000
EAX=00000000 EBX=0011c2b0 ECX=0000000f EDX=00000000
ESI=00000000 EDI=00000000 EBP=0013cd50 ESP=0013cd38
EIP=0010d84b EFL=00000246 [---Z-P-] CPL=0 II=0 A20=1 SMM=0 HLT=0
ES =0010 00000000 ffffffff 00cf9300 DPL=0 DS   [-WA]
CS =0008 00000000 ffffffff 00cf9a00 DPL=0 CS32 [-R-]
SS =0010 00000000 ffffffff 00cf9300 DPL=0 DS   [-WA]
DS =0010 00000000 ffffffff 00cf9300 DPL=0 DS   [-WA]
FS =0010 00000000 ffffffff 00cf9300 DPL=0 DS   [-WA]
GS =0010 00000000 ffffffff 00cf9300 DPL=0 DS   [-WA]
LDT=0000 00000000 0000ffff 00008200 DPL=0 LDT
TR =0028 00122cc0 00000067 00008900 DPL=0 TSS32-avl
GDT=     0011c274 0000002f
IDT=     0011ed20 000007ff
CR0=80000013 CR2=00000000 CR3=00400000 CR4=00000600
DR0=0000000000000000 DR1=0000000000000000 DR2=0000000000000000 DR3=0000000000000000 
DR6=00000000ffff0ff0 DR7=0000000000000400
CCS=00000044 CCD=00000000 CCO=EFLAGS
EFER=0000000000000000
Servicing hardware INT=0x20
   214: v=20 e=0000 i=0 cpl=0 IP=0008:000000000010d84b pc=000000000010d84b SP=0010:000000000013cd38 env->regs[R_EAX]=0000000000000000
EAX=00000000 EBX=0011c2b0 ECX=0000000f EDX=00000000
ESI=00000000 EDI=00000000 EBP=0013cd50 ESP=0013cd38
EIP=0010d84b EFL=00000246 [---Z-P-] CPL=0 II=0 A20=1 SMM=0 HLT=0
ES =0010 00000000 ffffffff 00cf9300 DPL=0 DS   [-WA]
CS =0008 00000000 ffffffff 00cf9a00 DPL=0 CS32 [-R-]
SS =0010 00000000 ffffffff 00cf9300 DPL=0 DS   [-WA]
DS =0010 00000000 ffffffff 00cf9300 DPL=0 DS   [-WA]
FS =0010 00000000 ffffffff 00cf9300 DPL=0 DS   [-WA]
GS =0010 00000000 ffffffff 00cf9300 DPL=0 DS   [-WA]
LDT=0000 00000000 0000ffff 00008200 DPL=0 LDT
TR =0028 00122cc0 00000067 00008900 DPL=0 TSS32-avl
GDT=     0011c274 0000002f
IDT=     0011ed20 000007ff
CR0=80000013 CR2=00000000 CR3=00400000 CR4=00000600
DR0=0000000000000000 DR1=0000000000000000 DR2=0000000000000000 DR3=0000000000000000 
DR6=00000000ffff0ff0 DR7=0000000000000400
CCS=00000044 CCD=00000000 CCO=EFLAGS
EFER=0000000000000000
Servicing hardware INT=0x20
   215: v=20 e=0000 i=0 cpl=0 IP=0008:000000000010d84b pc=000000000010d84b SP=0010:000000000013cd38 env->regs[R_EAX]=0000000000000000
EAX=00000000 EBX=0011c2b0 ECX=0000000f EDX=00000000
ESI=00000000 EDI=00000000 EBP=0013cd50 ESP=0013cd38
EIP=0010d84b EFL=00000246 [---Z-P-] CPL=0 II=0 A20=1 SMM=0 HLT=0
ES =0010 00000000 ffffffff 00cf9300 DPL=0 DS   [-WA]
CS =0008 00000000 ffffffff 00cf9a00 DPL=0 CS32 [-R-]
SS =0010 00000000 ffffffff 00cf9300 DPL=0 DS   [-WA]
DS =0010 00000000 ffffffff 00cf9300 DPL=0 DS   [-WA]
FS =0010 00000000 ffffffff 00cf9300 DPL=0 DS   [-WA]
GS =0010 00000000 ffffffff 00cf9300 DPL=0 DS   [-WA]
LDT=0000 00000000 0000ffff 00008200 DPL=0 LDT
TR =0028 00122cc0 00000067 00008900 DPL=0 TSS32-avl
GDT=     0011c274 0000002f
IDT=     0011ed20 000007ff
CR0=80000013 CR2=00000000 CR3=00400000 CR4=00000600
DR0=0000000000000000 DR1=0000000000000000 DR2=0000000000000000 DR3=0000000000000000 
DR6=00000000ffff0ff0 DR7=0000000000000400
CCS=00000044 CCD=00000000 CCO=EFLAGS
EFER=0000000000000000
Servicing hardware INT=0x20
   216: v=20 e=0000 i=0 cpl=0 IP=0008:000000000010d84b pc=000000000010d84b SP=0010:000000000013cd38 env->regs[R_EAX]=0000000000000000
EAX=00000000 EBX=0011c2b0 ECX=0000000f EDX=00000000
ESI=00000000 EDI=00000000 EBP=0013cd50 ESP=0013cd38
EIP=0010d84b EFL=00000246 [---Z-P-] CPL=0 II=0 A20=1 SMM=0 HLT=0
ES =0010 00000000 ffffffff 00cf9300 DPL=0 DS   [-WA]
CS =0008 00000000 ffffffff 00cf9a00 DPL=0 CS32 [-R-]
SS =0010 00000000 ffffffff 00cf9300 DPL=0 DS   [-WA]
DS =0010 00000000 ffffffff 00cf9300 DPL=0 DS   [-WA]
FS =0010 00000000 ffffffff 00cf9300 DPL=0 DS   [-WA]
GS =0010 00000000 ffffffff 00cf9300 DPL=0 DS   [-WA]
LDT=0000 00000000 0000ffff 00008200 DPL=0 LDT
TR =0028 00122cc0 00000067 00008900 DPL=0 TSS32-avl
GDT=     0011c274 0000002f
IDT=     0011ed20 000007ff
CR0=80000013 CR2=00000000 CR3=00400000 CR4=00000600
DR0=0000000000000000 DR1=0000000000000000 DR2=0000000000000000 DR3=0000000000000000 
DR6=00000000ffff0ff0 DR7=0000000000000400
CCS=00000044 CCD=00000000 CCO=EFLAGS
EFER=0000000000000000
Servicing hardware INT=0x20
   217: v=20 e=0000 i=0 cpl=0 IP=0008:000000000010d84b pc=000000000010d84b SP=0010:000000000013cd38 env->regs[R_EAX]=0000000000000000
EAX=00000000 EBX=0011c2b0 ECX=0000000f EDX=00000000
ESI=00000000 EDI=00000000 EBP=0013cd50 ESP=0013cd38
EIP=0010d84b EFL=00000246 [---Z-P-] CPL=0 II=0 A20=1 SMM=0 HLT=0
ES =0010 00000000 ffffffff 00cf9300 DPL=0 DS   [-WA]
CS =0008 00000000 ffffffff 00cf9a00 DPL=0 CS32 [-R-]
SS =0010 00000000 ffffffff 00cf9300 DPL=0 DS   [-WA]
DS =0010 00000000 ffffffff 00cf9300 DPL=0 DS   [-WA]
FS =0010 00000000 ffffffff 00cf9300 DPL=0 DS   [-WA]
GS =0010 00000000 ffffffff 00cf9300 DPL=0 DS   [-WA]
LDT=0000 00000000 0000ffff 00008200 DPL=0 LDT
TR =0028 00122cc0 00000067 00008900 DPL=0 TSS32-avl
GDT=     0011c274 0000002f
IDT=     0011ed20 000007ff
CR0=80000013 CR2=00000000 CR3=00400000 CR4=00000600
DR0=0000000000000000 DR1=0000000000000000 DR2=0000000000000000 DR3=0000000000000000 
DR6=00000000ffff0ff0 DR7=0000000000000400
CCS=00000044 CCD=00000000 CCO=EFLAGS
EFER=0000000000000000
Servicing hardware INT=0x20
   218: v=20 e=0000 i=0 cpl=0 IP=0008:000000000010d84b pc=000000000010d84b SP=0010:000000000013cd38 env->regs[R_EAX]=0000000000000000
EAX=00000000 EBX=0011c2b0 ECX=0000000f EDX=00000000
ESI=00000000 EDI=00000000 EBP=0013cd50 ESP=0013cd38
EIP=0010d84b EFL=00000246 [---Z-P-] CPL=0 II=0 A20=1 SMM=0 HLT=0
ES =0010 00000000 ffffffff 00cf9300 DPL=0 DS   [-WA]
CS =0008 00000000 ffffffff 00cf9a00 DPL=0 CS32 [-R-]
SS =0010 00000000 ffffffff 00cf9300 DPL=0 DS   [-WA]
DS =0010 00000000 ffffffff 00cf9300 DPL=0 DS   [-WA]
FS =0010 00000000 ffffffff 00cf9300 DPL=0 DS   [-WA]
GS =0010 00000000 ffffffff 00cf9300 DPL=0 DS   [-WA]
LDT=0000 00000000 0000ffff 00008200 DPL=0 LDT
TR =0028 00122cc0 00000067 00008900 DPL=0 TSS32-avl
GDT=     0011c274 0000002f
IDT=     0011ed20 000007ff
CR0=80000013 CR2=00000000 CR3=00400000 CR4=00000600
DR0=0000000000000000 DR1=0000000000000000 DR2=0000000000000000 DR3=0000000000000000 
DR6=00000000ffff0ff0 DR7=0000000000000400
CCS=00000044 CCD=00000000 CCO=EFLAGS
EFER=0000000000000000
Servicing hardware INT=0x20
   219: v=20 e=0000 i=0 cpl=0 IP=0008:000000000010d84b pc=000000000010d84b SP=0010:000000000013cd38 env->regs[R_EAX]=0000000000000000
EAX=00000000 EBX=0011c2b0 ECX=0000000f EDX=00000000
ESI=00000000 EDI=00000000 EBP=0013cd50 ESP=0013cd38
EIP=0010d84b EFL=00000246 [---Z-P-] CPL=0 II=0 A20=1 SMM=0 HLT=0
ES =0010 00000000 ffffffff 00cf9300 DPL=0 DS   [-WA]
CS =0008 00000000 ffffffff 00cf9a00 DPL=0 CS32 [-R-]
SS =0010 00000000 ffffffff 00cf9300 DPL=0 DS   [-WA]
DS =0010 00000000 ffffffff 00cf9300 DPL=0 DS   [-WA]
FS =0010 00000000 ffffffff 00cf9300 DPL=0 DS   [-WA]
GS =0010 00000000 ffffffff 00cf9300 DPL=0 DS   [-WA]
LDT=0000 00000000 0000ffff 00008200 DPL=0 LDT
TR =0028 00122cc0 00000067 00008900 DPL=0 TSS32-avl
GDT=     0011c274 0000002f
IDT=     0011ed20 000007ff
CR0=80000013 CR2=00000000 CR3=00400000 CR4=00000600
DR0=0000000000000000 DR1=0000000000000000 DR2=0000000000000000 DR3=0000000000000000 
DR6=00000000ffff0ff0 DR7=0000000000000400
CCS=00000044 CCD=00000000 CCO=EFLAGS
EFER=0000000000000000
Servicing hardware INT=0x20
   220: v=20 e=0000 i=0 cpl=0 IP=0008:000000000010d84b pc=000000000010d84b SP=0010:000000000013cd38 env->regs[R_EAX]=0000000000000000
EAX=00000000 EBX=0011c2b0 ECX=0000000f EDX=00000000
ESI=00000000 EDI=00000000 EBP=0013cd50 ESP=0013cd38
EIP=0010d84b EFL=00000246 [---Z-P-] CPL=0 II=0 A20=1 SMM=0 HLT=0
ES =0010 00000000 ffffffff 00cf9300 DPL=0 DS   [-WA]
CS =0008 00000000 ffffffff 00cf9a00 DPL=0 CS32 [-R-]
SS =0010 00000000 ffffffff 00cf9300 DPL=0 DS   [-WA]
DS =0010 00000000 ffffffff 00cf9300 DPL=0 DS   [-WA]
FS =0010 00000000 ffffffff 00cf9300 DPL=0 DS   [-WA]
GS =0010 00000000 ffffffff 00cf9300 DPL=0 DS   [-WA]
LDT=0000 00000000 0000ffff 00008200 DPL=0 LDT
TR =0028 00122cc0 00000067 00008900 DPL=0 TSS32-avl
GDT=     0011c274 0000002f
IDT=     0011ed20 000007ff
CR0=80000013 CR2=00000000 CR3=00400000 CR4=00000600
DR0=0000000000000000 DR1=0000000000000000 DR2=0000000000000000 DR3=0000000000000000 
DR6=00000000ffff0ff0 DR7=0000000000000400
CCS=00000044 CCD=00000000 CCO=EFLAGS
EFER=0000000000000000
Servicing hardware INT=0x20
   221: v=20 e=0000 i=0 cpl=0 IP=0008:000000000010d84b pc=000000000010d84b SP=0010:000000000013cd38 env->regs[R_EAX]=0000000000000000
EAX=00000000 EBX=0011c2b0 ECX=0000000f EDX=00000000
ESI=00000000 EDI=00000000 EBP=0013cd50 ESP=0013cd38
EIP=0010d84b EFL=00000246 [---Z-P-] CPL=0 II=0 A20=1 SMM=0 HLT=0
ES =0010 00000000 ffffffff 00cf9300 DPL=0 DS   [-WA]
CS =0008 00000000 ffffffff 00cf9a00 DPL=0 CS32 [-R-]
SS =0010 00000000 ffffffff 00cf9300 DPL=0 DS   [-WA]
DS =0010 00000000 ffffffff 00cf9300 DPL=0 DS   [-WA]
FS =0010 00000000 ffffffff 00cf9300 DPL=0 DS   [-WA]
GS =0010 00000000 ffffffff 00cf9300 DPL=0 DS   [-WA]
LDT=0000 00000000 0000ffff 00008200 DPL=0 LDT
TR =0028 00122cc0 00000067 00008900 DPL=0 TSS32-avl
GDT=     0011c274 0000002f
IDT=     0011ed20 000007ff
CR0=80000013 CR2=00000000 CR3=00400000 CR4=00000600
DR0=0000000000000000 DR1=0000000000000000 DR2=0000000000000000 DR3=0000000000000000 
DR6=00000000ffff0ff0 DR7=0000000000000400
CCS=00000044 CCD=00000000 CCO=EFLAGS
EFER=0000000000000000
Servicing hardware INT=0x20
   222: v=20 e=0000 i=0 cpl=0 IP=0008:000000000010d84b pc=000000000010d84b SP=0010:000000000013cd38 env->regs[R_EAX]=0000000000000000
EAX=00000000 EBX=0011c2b0 ECX=0000000f EDX=00000000
ESI=00000000 EDI=00000000 EBP=0013cd50 ESP=0013cd38
EIP=0010d84b EFL=00000246 [---Z-P-] CPL=0 II=0 A20=1 SMM=0 HLT=0
ES =0010 00000000 ffffffff 00cf9300 DPL=0 DS   [-WA]
CS =0008 00000000 ffffffff 00cf9a00 DPL=0 CS32 [-R-]
SS =0010 00000000 ffffffff 00cf9300 DPL=0 DS   [-WA]
DS =0010 00000000 ffffffff 00cf9300 DPL=0 DS   [-WA]
FS =0010 00000000 ffffffff 00cf9300 DPL=0 DS   [-WA]
GS =0010 00000000 ffffffff 00cf9300 DPL=0 DS   [-WA]
LDT=0000 00000000 0000ffff 00008200 DPL=0 LDT
TR =0028 00122cc0 00000067 00008900 DPL=0 TSS32-avl
GDT=     0011c274 0000002f
IDT=     0011ed20 000007ff
CR0=80000013 CR2=00000000 CR3=00400000 CR4=00000600
DR0=0000000000000000 DR1=0000000000000000 DR2=0000000000000000 DR3=0000000000000000 
DR6=00000000ffff0ff0 DR7=0000000000000400
CCS=00000044 CCD=00000000 CCO=EFLAGS
EFER=0000000000000000
Servicing hardware INT=0x20
   223: v=20 e=0000 i=0 cpl=0 IP=0008:000000000010d84b pc=000000000010d84b SP=0010:000000000013cd38 env->regs[R_EAX]=0000000000000000
EAX=00000000 EBX=0011c2b0 ECX=0000000f EDX=00000000
ESI=00000000 EDI=00000000 EBP=0013cd50 ESP=0013cd38
EIP=0010d84b EFL=00000246 [---Z-P-] CPL=0 II=0 A20=1 SMM=0 HLT=0
ES =0010 00000000 ffffffff 00cf9300 DPL=0 DS   [-WA]
CS =0008 00000000 ffffffff 00cf9a00 DPL=0 CS32 [-R-]
SS =0010 00000000 ffffffff 00cf9300 DPL=0 DS   [-WA]
DS =0010 00000000 ffffffff 00cf9300 DPL=0 DS   [-WA]
FS =0010 00000000 ffffffff 00cf9300 DPL=0 DS   [-WA]
GS =0010 00000000 ffffffff 00cf9300 DPL=0 DS   [-WA]
LDT=0000 00000000 0000ffff 00008200 DPL=0 LDT
TR =0028 00122cc0 00000067 00008900 DPL=0 TSS32-avl
GDT=     0011c274 0000002f
IDT=     0011ed20 000007ff
CR0=80000013 CR2=00000000 CR3=00400000 CR4=00000600
DR0=0000000000000000 DR1=0000000000000000 DR2=0000000000000000 DR3=0000000000000000 
DR6=00000000ffff0ff0 DR7=0000000000000400
CCS=00000044 CCD=00000000 CCO=EFLAGS
EFER=0000000000000000
Servicing hardware INT=0x20
   224: v=20 e=0000 i=0 cpl=0 IP=0008:000000000010d84b pc=000000000010d84b SP=0010:000000000013cd38 env->regs[R_EAX]=0000000000000000
EAX=00000000 EBX=0011c2b0 ECX=0000000f EDX=00000000
ESI=00000000 EDI=00000000 EBP=0013cd50 ESP=0013cd38
EIP=0010d84b EFL=00000246 [---Z-P-] CPL=0 II=0 A20=1 SMM=0 HLT=0
ES =0010 00000000 ffffffff 00cf9300 DPL=0 DS   [-WA]
CS =0008 00000000 ffffffff 00cf9a00 DPL=0 CS32 [-R-]
SS =0010 00000000 ffffffff 00cf9300 DPL=0 DS   [-WA]
DS =0010 00000000 ffffffff 00cf9300 DPL=0 DS   [-WA]
FS =0010 00000000 ffffffff 00cf9300 DPL=0 DS   [-WA]
GS =0010 00000000 ffffffff 00cf9300 DPL=0 DS   [-WA]
LDT=0000 00000000 0000ffff 00008200 DPL=0 LDT
TR =0028 00122cc0 00000067 00008900 DPL=0 TSS32-avl
GDT=     0011c274 0000002f
IDT=     0011ed20 000007ff
CR0=80000013 CR2=00000000 CR3=00400000 CR4=00000600
DR0=0000000000000000 DR1=0000000000000000 DR2=0000000000000000 DR3=0000000000000000 
DR6=00000000ffff0ff0 DR7=0000000000000400
CCS=00000044 CCD=00000000 CCO=EFLAGS
EFER=0000000000000000
Servicing hardware INT=0x20
   225: v=20 e=0000 i=0 cpl=0 IP=0008:000000000010d84b pc=000000000010d84b SP=0010:000000000013cd38 env->regs[R_EAX]=0000000000000000
EAX=00000000 EBX=0011c2b0 ECX=0000000f EDX=00000000
ESI=00000000 EDI=00000000 EBP=0013cd50 ESP=0013cd38
EIP=0010d84b EFL=00000246 [---Z-P-] CPL=0 II=0 A20=1 SMM=0 HLT=0
ES =0010 00000000 ffffffff 00cf9300 DPL=0 DS   [-WA]
CS =0008 00000000 ffffffff 00cf9a00 DPL=0 CS32 [-R-]
SS =0010 00000000 ffffffff 00cf9300 DPL=0 DS   [-WA]
DS =0010 00000000 ffffffff 00cf9300 DPL=0 DS   [-WA]
FS =0010 00000000 ffffffff 00cf9300 DPL=0 DS   [-WA]
GS =0010 00000000 ffffffff 00cf9300 DPL=0 DS   [-WA]
LDT=0000 00000000 0000ffff 00008200 DPL=0 LDT
TR =0028 00122cc0 00000067 00008900 DPL=0 TSS32-avl
GDT=     0011c274 0000002f
IDT=     0011ed20 000007ff
CR0=80000013 CR2=00000000 CR3=00400000 CR4=00000600
DR0=0000000000000000 DR1=0000000000000000 DR2=0000000000000000 DR3=0000000000000000 
DR6=00000000ffff0ff0 DR7=0000000000000400
CCS=00000044 CCD=00000000 CCO=EFLAGS
EFER=0000000000000000
Servicing hardware INT=0x20
   226: v=20 e=0000 i=0 cpl=0 IP=0008:000000000010d84b pc=000000000010d84b SP=0010:000000000013cd38 env->regs[R_EAX]=0000000000000000
EAX=00000000 EBX=0011c2b0 ECX=0000000f EDX=00000000
ESI=00000000 EDI=00000000 EBP=0013cd50 ESP=0013cd38
EIP=0010d84b EFL=00000246 [---Z-P-] CPL=0 II=0 A20=1 SMM=0 HLT=0
ES =0010 00000000 ffffffff 00cf9300 DPL=0 DS   [-WA]
CS =0008 00000000 ffffffff 00cf9a00 DPL=0 CS32 [-R-]
SS =0010 00000000 ffffffff 00cf9300 DPL=0 DS   [-WA]
DS =0010 00000000 ffffffff 00cf9300 DPL=0 DS   [-WA]
FS =0010 00000000 ffffffff 00cf9300 DPL=0 DS   [-WA]
GS =0010 00000000 ffffffff 00cf9300 DPL=0 DS   [-WA]
LDT=0000 00000000 0000ffff 00008200 DPL=0 LDT
TR =0028 00122cc0 00000067 00008900 DPL=0 TSS32-avl
GDT=     0011c274 0000002f
IDT=     0011ed20 000007ff
CR0=80000013 CR2=00000000 CR3=00400000 CR4=00000600
DR0=0000000000000000 DR1=0000000000000000 DR2=0000000000000000 DR3=0000000000000000 
DR6=00000000ffff0ff0 DR7=0000000000000400
CCS=00000044 CCD=00000000 CCO=EFLAGS
EFER=0000000000000000
Servicing hardware INT=0x20
   227: v=20 e=0000 i=0 cpl=0 IP=0008:000000000010d84b pc=000000000010d84b SP=0010:000000000013cd38 env->regs[R_EAX]=0000000000000000
EAX=00000000 EBX=0011c2b0 ECX=0000000f EDX=00000000
ESI=00000000 EDI=00000000 EBP=0013cd50 ESP=0013cd38
EIP=0010d84b EFL=00000246 [---Z-P-] CPL=0 II=0 A20=1 SMM=0 HLT=0
ES =0010 00000000 ffffffff 00cf9300 DPL=0 DS   [-WA]
CS =0008 00000000 ffffffff 00cf9a00 DPL=0 CS32 [-R-]
SS =0010 00000000 ffffffff 00cf9300 DPL=0 DS   [-WA]
DS =0010 00000000 ffffffff 00cf9300 DPL=0 DS   [-WA]
FS =0010 00000000 ffffffff 00cf9300 DPL=0 DS   [-WA]
GS =0010 00000000 ffffffff 00cf9300 DPL=0 DS   [-WA]
LDT=0000 00000000 0000ffff 00008200 DPL=0 LDT
TR =0028 00122cc0 00000067 00008900 DPL=0 TSS32-avl
GDT=     0011c274 0000002f
IDT=     0011ed20 000007ff
CR0=80000013 CR2=00000000 CR3=00400000 CR4=00000600
DR0=0000000000000000 DR1=0000000000000000 DR2=0000000000000000 DR3=0000000000000000 
DR6=00000000ffff0ff0 DR7=0000000000000400
CCS=00000044 CCD=00000000 CCO=EFLAGS
EFER=0000000000000000
Servicing hardware INT=0x20
   228: v=20 e=0000 i=0 cpl=0 IP=0008:000000000010d84b pc=000000000010d84b SP=0010:000000000013cd38 env->regs[R_EAX]=0000000000000000
EAX=00000000 EBX=0011c2b0 ECX=0000000f EDX=00000000
ESI=00000000 EDI=00000000 EBP=0013cd50 ESP=0013cd38
EIP=0010d84b EFL=00000246 [---Z-P-] CPL=0 II=0 A20=1 SMM=0 HLT=0
ES =0010 00000000 ffffffff 00cf9300 DPL=0 DS   [-WA]
CS =0008 00000000 ffffffff 00cf9a00 DPL=0 CS32 [-R-]
SS =0010 00000000 ffffffff 00cf9300 DPL=0 DS   [-WA]
DS =0010 00000000 ffffffff 00cf9300 DPL=0 DS   [-WA]
FS =0010 00000000 ffffffff 00cf9300 DPL=0 DS   [-WA]
GS =0010 00000000 ffffffff 00cf9300 DPL=0 DS   [-WA]
LDT=0000 00000000 0000ffff 00008200 DPL=0 LDT
TR =0028 00122cc0 00000067 00008900 DPL=0 TSS32-avl
GDT=     0011c274 0000002f
IDT=     0011ed20 000007ff
CR0=80000013 CR2=00000000 CR3=00400000 CR4=00000600
DR0=0000000000000000 DR1=0000000000000000 DR2=0000000000000000 DR3=0000000000000000 
DR6=00000000ffff0ff0 DR7=0000000000000400
CCS=00000044 CCD=00000000 CCO=EFLAGS
EFER=0000000000000000
Servicing hardware INT=0x20
   229: v=20 e=0000 i=0 cpl=0 IP=0008:000000000010d84b pc=000000000010d84b SP=0010:000000000013cd38 env->regs[R_EAX]=0000000000000000
EAX=00000000 EBX=0011c2b0 ECX=0000000f EDX=00000000
ESI=00000000 EDI=00000000 EBP=0013cd50 ESP=0013cd38
EIP=0010d84b EFL=00000246 [---Z-P-] CPL=0 II=0 A20=1 SMM=0 HLT=0
ES =0010 00000000 ffffffff 00cf9300 DPL=0 DS   [-WA]
CS =0008 00000000 ffffffff 00cf9a00 DPL=0 CS32 [-R-]
SS =0010 00000000 ffffffff 00cf9300 DPL=0 DS   [-WA]
DS =0010 00000000 ffffffff 00cf9300 DPL=0 DS   [-WA]
FS =0010 00000000 ffffffff 00cf9300 DPL=0 DS   [-WA]
GS =0010 00000000 ffffffff 00cf9300 DPL=0 DS   [-WA]
LDT=0000 00000000 0000ffff 00008200 DPL=0 LDT
TR =0028 00122cc0 00000067 00008900 DPL=0 TSS32-avl
GDT=     0011c274 0000002f
IDT=     0011ed20 000007ff
CR0=80000013 CR2=00000000 CR3=00400000 CR4=00000600
DR0=0000000000000000 DR1=0000000000000000 DR2=0000000000000000 DR3=0000000000000000 
DR6=00000000ffff0ff0 DR7=0000000000000400
CCS=00000044 CCD=00000000 CCO=EFLAGS
EFER=0000000000000000
Servicing hardware INT=0x20
   230: v=20 e=0000 i=0 cpl=0 IP=0008:000000000010d84b pc=000000000010d84b SP=0010:000000000013cd38 env->regs[R_EAX]=0000000000000000
EAX=00000000 EBX=0011c2b0 ECX=0000000f EDX=00000000
ESI=00000000 EDI=00000000 EBP=0013cd50 ESP=0013cd38
EIP=0010d84b EFL=00000246 [---Z-P-] CPL=0 II=0 A20=1 SMM=0 HLT=0
ES =0010 00000000 ffffffff 00cf9300 DPL=0 DS   [-WA]
CS =0008 00000000 ffffffff 00cf9a00 DPL=0 CS32 [-R-]
SS =0010 00000000 ffffffff 00cf9300 DPL=0 DS   [-WA]
DS =0010 00000000 ffffffff 00cf9300 DPL=0 DS   [-WA]
FS =0010 00000000 ffffffff 00cf9300 DPL=0 DS   [-WA]
GS =0010 00000000 ffffffff 00cf9300 DPL=0 DS   [-WA]
LDT=0000 00000000 0000ffff 00008200 DPL=0 LDT
TR =0028 00122cc0 00000067 00008900 DPL=0 TSS32-avl
GDT=     0011c274 0000002f
IDT=     0011ed20 000007ff
CR0=80000013 CR2=00000000 CR3=00400000 CR4=00000600
DR0=0000000000000000 DR1=0000000000000000 DR2=0000000000000000 DR3=0000000000000000 
DR6=00000000ffff0ff0 DR7=0000000000000400
CCS=00000044 CCD=00000000 CCO=EFLAGS
EFER=0000000000000000
Servicing hardware INT=0x20
   231: v=20 e=0000 i=0 cpl=0 IP=0008:000000000010d84b pc=000000000010d84b SP=0010:000000000013cd38 env->regs[R_EAX]=0000000000000000
EAX=00000000 EBX=0011c2b0 ECX=0000000f EDX=00000000
ESI=00000000 EDI=00000000 EBP=0013cd50 ESP=0013cd38
EIP=0010d84b EFL=00000246 [---Z-P-] CPL=0 II=0 A20=1 SMM=0 HLT=0
ES =0010 00000000 ffffffff 00cf9300 DPL=0 DS   [-WA]
CS =0008 00000000 ffffffff 00cf9a00 DPL=0 CS32 [-R-]
SS =0010 00000000 ffffffff 00cf9300 DPL=0 DS   [-WA]
DS =0010 00000000 ffffffff 00cf9300 DPL=0 DS   [-WA]
FS =0010 00000000 ffffffff 00cf9300 DPL=0 DS   [-WA]
GS =0010 00000000 ffffffff 00cf9300 DPL=0 DS   [-WA]
LDT=0000 00000000 0000ffff 00008200 DPL=0 LDT
TR =0028 00122cc0 00000067 00008900 DPL=0 TSS32-avl
GDT=     0011c274 0000002f
IDT=     0011ed20 000007ff
CR0=80000013 CR2=00000000 CR3=00400000 CR4=00000600
DR0=0000000000000000 DR1=0000000000000000 DR2=0000000000000000 DR3=0000000000000000 
DR6=00000000ffff0ff0 DR7=0000000000000400
CCS=00000044 CCD=00000000 CCO=EFLAGS
EFER=0000000000000000
Servicing hardware INT=0x20
   232: v=20 e=0000 i=0 cpl=0 IP=0008:000000000010d84b pc=000000000010d84b SP=0010:000000000013cd38 env->regs[R_EAX]=0000000000000000
EAX=00000000 EBX=0011c2b0 ECX=0000000f EDX=00000000
ESI=00000000 EDI=00000000 EBP=0013cd50 ESP=0013cd38
EIP=0010d84b EFL=00000246 [---Z-P-] CPL=0 II=0 A20=1 SMM=0 HLT=0
ES =0010 00000000 ffffffff 00cf9300 DPL=0 DS   [-WA]
CS =0008 00000000 ffffffff 00cf9a00 DPL=0 CS32 [-R-]
SS =0010 00000000 ffffffff 00cf9300 DPL=0 DS   [-WA]
DS =0010 00000000 ffffffff 00cf9300 DPL=0 DS   [-WA]
FS =0010 00000000 ffffffff 00cf9300 DPL=0 DS   [-WA]
GS =0010 00000000 ffffffff 00cf9300 DPL=0 DS   [-WA]
LDT=0000 00000000 0000ffff 00008200 DPL=0 LDT
TR =0028 00122cc0 00000067 00008900 DPL=0 TSS32-avl
GDT=     0011c274 0000002f
IDT=     0011ed20 000007ff
CR0=80000013 CR2=00000000 CR3=00400000 CR4=00000600
DR0=0000000000000000 DR1=0000000000000000 DR2=0000000000000000 DR3=0000000000000000 
DR6=00000000ffff0ff0 DR7=0000000000000400
CCS=00000044 CCD=00000000 CCO=EFLAGS
EFER=0000000000000000
Servicing hardware INT=0x20
   233: v=20 e=0000 i=0 cpl=0 IP=0008:000000000010d84b pc=000000000010d84b SP=0010:000000000013cd38 env->regs[R_EAX]=0000000000000000
EAX=00000000 EBX=0011c2b0 ECX=0000000f EDX=00000000
ESI=00000000 EDI=00000000 EBP=0013cd50 ESP=0013cd38
EIP=0010d84b EFL=00000246 [---Z-P-] CPL=0 II=0 A20=1 SMM=0 HLT=0
ES =0010 00000000 ffffffff 00cf9300 DPL=0 DS   [-WA]
CS =0008 00000000 ffffffff 00cf9a00 DPL=0 CS32 [-R-]
SS =0010 00000000 ffffffff 00cf9300 DPL=0 DS   [-WA]
DS =0010 00000000 ffffffff 00cf9300 DPL=0 DS   [-WA]
FS =0010 00000000 ffffffff 00cf9300 DPL=0 DS   [-WA]
GS =0010 00000000 ffffffff 00cf9300 DPL=0 DS   [-WA]
LDT=0000 00000000 0000ffff 00008200 DPL=0 LDT
TR =0028 00122cc0 00000067 00008900 DPL=0 TSS32-avl
GDT=     0011c274 0000002f
IDT=     0011ed20 000007ff
CR0=80000013 CR2=00000000 CR3=00400000 CR4=00000600
DR0=0000000000000000 DR1=0000000000000000 DR2=0000000000000000 DR3=0000000000000000 
DR6=00000000ffff0ff0 DR7=0000000000000400
CCS=00000044 CCD=00000000 CCO=EFLAGS
EFER=0000000000000000
Servicing hardware INT=0x20
   234: v=20 e=0000 i=0 cpl=0 IP=0008:000000000010d84b pc=000000000010d84b SP=0010:000000000013cd38 env->regs[R_EAX]=0000000000000000
EAX=00000000 EBX=0011c2b0 ECX=0000000f EDX=00000000
ESI=00000000 EDI=00000000 EBP=0013cd50 ESP=0013cd38
EIP=0010d84b EFL=00000246 [---Z-P-] CPL=0 II=0 A20=1 SMM=0 HLT=0
ES =0010 00000000 ffffffff 00cf9300 DPL=0 DS   [-WA]
CS =0008 00000000 ffffffff 00cf9a00 DPL=0 CS32 [-R-]
SS =0010 00000000 ffffffff 00cf9300 DPL=0 DS   [-WA]
DS =0010 00000000 ffffffff 00cf9300 DPL=0 DS   [-WA]
FS =0010 00000000 ffffffff 00cf9300 DPL=0 DS   [-WA]
GS =0010 00000000 ffffffff 00cf9300 DPL=0 DS   [-WA]
LDT=0000 00000000 0000ffff 00008200 DPL=0 LDT
TR =0028 00122cc0 00000067 00008900 DPL=0 TSS32-avl
GDT=     0011c274 0000002f
IDT=     0011ed20 000007ff
CR0=80000013 CR2=00000000 CR3=00400000 CR4=00000600
DR0=0000000000000000 DR1=0000000000000000 DR2=0000000000000000 DR3=0000000000000000 
DR6=00000000ffff0ff0 DR7=0000000000000400
CCS=00000044 CCD=00000000 CCO=EFLAGS
EFER=0000000000000000
Servicing hardware INT=0x20
   235: v=20 e=0000 i=0 cpl=0 IP=0008:000000000010d84b pc=000000000010d84b SP=0010:000000000013cd38 env->regs[R_EAX]=0000000000000000
EAX=00000000 EBX=0011c2b0 ECX=0000000f EDX=00000000
ESI=00000000 EDI=00000000 EBP=0013cd50 ESP=0013cd38
EIP=0010d84b EFL=00000246 [---Z-P-] CPL=0 II=0 A20=1 SMM=0 HLT=0
ES =0010 00000000 ffffffff 00cf9300 DPL=0 DS   [-WA]
CS =0008 00000000 ffffffff 00cf9a00 DPL=0 CS32 [-R-]
SS =0010 00000000 ffffffff 00cf9300 DPL=0 DS   [-WA]
DS =0010 00000000 ffffffff 00cf9300 DPL=0 DS   [-WA]
FS =0010 00000000 ffffffff 00cf9300 DPL=0 DS   [-WA]
GS =0010 00000000 ffffffff 00cf9300 DPL=0 DS   [-WA]
LDT=0000 00000000 0000ffff 00008200 DPL=0 LDT
TR =0028 00122cc0 00000067 00008900 DPL=0 TSS32-avl
GDT=     0011c274 0000002f
IDT=     0011ed20 000007ff
CR0=80000013 CR2=00000000 CR3=00400000 CR4=00000600
DR0=0000000000000000 DR1=0000000000000000 DR2=0000000000000000 DR3=0000000000000000 
DR6=00000000ffff0ff0 DR7=0000000000000400
CCS=00000044 CCD=00000000 CCO=EFLAGS
EFER=0000000000000000
Servicing hardware INT=0x20
   236: v=20 e=0000 i=0 cpl=0 IP=0008:000000000010d84b pc=000000000010d84b SP=0010:000000000013cd38 env->regs[R_EAX]=0000000000000000
EAX=00000000 EBX=0011c2b0 ECX=0000000f EDX=00000000
ESI=00000000 EDI=00000000 EBP=0013cd50 ESP=0013cd38
EIP=0010d84b EFL=00000246 [---Z-P-] CPL=0 II=0 A20=1 SMM=0 HLT=0
ES =0010 00000000 ffffffff 00cf9300 DPL=0 DS   [-WA]
CS =0008 00000000 ffffffff 00cf9a00 DPL=0 CS32 [-R-]
SS =0010 00000000 ffffffff 00cf9300 DPL=0 DS   [-WA]
DS =0010 00000000 ffffffff 00cf9300 DPL=0 DS   [-WA]
FS =0010 00000000 ffffffff 00cf9300 DPL=0 DS   [-WA]
GS =0010 00000000 ffffffff 00cf9300 DPL=0 DS   [-WA]
LDT=0000 00000000 0000ffff 00008200 DPL=0 LDT
TR =0028 00122cc0 00000067 00008900 DPL=0 TSS32-avl
GDT=     0011c274 0000002f
IDT=     0011ed20 000007ff
CR0=80000013 CR2=00000000 CR3=00400000 CR4=00000600
DR0=0000000000000000 DR1=0000000000000000 DR2=0000000000000000 DR3=0000000000000000 
DR6=00000000ffff0ff0 DR7=0000000000000400
CCS=00000044 CCD=00000000 CCO=EFLAGS
EFER=0000000000000000
Servicing hardware INT=0x20
   237: v=20 e=0000 i=0 cpl=0 IP=0008:000000000010d84b pc=000000000010d84b SP=0010:000000000013cd38 env->regs[R_EAX]=0000000000000000
EAX=00000000 EBX=0011c2b0 ECX=0000000f EDX=00000000
ESI=00000000 EDI=00000000 EBP=0013cd50 ESP=0013cd38
EIP=0010d84b EFL=00000246 [---Z-P-] CPL=0 II=0 A20=1 SMM=0 HLT=0
ES =0010 00000000 ffffffff 00cf9300 DPL=0 DS   [-WA]
CS =0008 00000000 ffffffff 00cf9a00 DPL=0 CS32 [-R-]
SS =0010 00000000 ffffffff 00cf9300 DPL=0 DS   [-WA]
DS =0010 00000000 ffffffff 00cf9300 DPL=0 DS   [-WA]
FS =0010 00000000 ffffffff 00cf9300 DPL=0 DS   [-WA]
GS =0010 00000000 ffffffff 00cf9300 DPL=0 DS   [-WA]
LDT=0000 00000000 0000ffff 00008200 DPL=0 LDT
TR =0028 00122cc0 00000067 00008900 DPL=0 TSS32-avl
GDT=     0011c274 0000002f
IDT=     0011ed20 000007ff
CR0=80000013 CR2=00000000 CR3=00400000 CR4=00000600
DR0=0000000000000000 DR1=0000000000000000 DR2=0000000000000000 DR3=0000000000000000 
DR6=00000000ffff0ff0 DR7=0000000000000400
CCS=00000044 CCD=00000000 CCO=EFLAGS
EFER=0000000000000000
Servicing hardware INT=0x20
   238: v=20 e=0000 i=0 cpl=0 IP=0008:000000000010d84b pc=000000000010d84b SP=0010:000000000013cd38 env->regs[R_EAX]=0000000000000000
EAX=00000000 EBX=0011c2b0 ECX=0000000f EDX=00000000
ESI=00000000 EDI=00000000 EBP=0013cd50 ESP=0013cd38
EIP=0010d84b EFL=00000246 [---Z-P-] CPL=0 II=0 A20=1 SMM=0 HLT=0
ES =0010 00000000 ffffffff 00cf9300 DPL=0 DS   [-WA]
CS =0008 00000000 ffffffff 00cf9a00 DPL=0 CS32 [-R-]
SS =0010 00000000 ffffffff 00cf9300 DPL=0 DS   [-WA]
DS =0010 00000000 ffffffff 00cf9300 DPL=0 DS   [-WA]
FS =0010 00000000 ffffffff 00cf9300 DPL=0 DS   [-WA]
GS =0010 00000000 ffffffff 00cf9300 DPL=0 DS   [-WA]
LDT=0000 00000000 0000ffff 00008200 DPL=0 LDT
TR =0028 00122cc0 00000067 00008900 DPL=0 TSS32-avl
GDT=     0011c274 0000002f
IDT=     0011ed20 000007ff
CR0=80000013 CR2=00000000 CR3=00400000 CR4=00000600
DR0=0000000000000000 DR1=0000000000000000 DR2=0000000000000000 DR3=0000000000000000 
DR6=00000000ffff0ff0 DR7=0000000000000400
CCS=00000044 CCD=00000000 CCO=EFLAGS
EFER=0000000000000000
Servicing hardware INT=0x20
   239: v=20 e=0000 i=0 cpl=0 IP=0008:000000000010d84b pc=000000000010d84b SP=0010:000000000013cd38 env->regs[R_EAX]=0000000000000000
EAX=00000000 EBX=0011c2b0 ECX=0000000f EDX=00000000
ESI=00000000 EDI=00000000 EBP=0013cd50 ESP=0013cd38
EIP=0010d84b EFL=00000246 [---Z-P-] CPL=0 II=0 A20=1 SMM=0 HLT=0
ES =0010 00000000 ffffffff 00cf9300 DPL=0 DS   [-WA]
CS =0008 00000000 ffffffff 00cf9a00 DPL=0 CS32 [-R-]
SS =0010 00000000 ffffffff 00cf9300 DPL=0 DS   [-WA]
DS =0010 00000000 ffffffff 00cf9300 DPL=0 DS   [-WA]
FS =0010 00000000 ffffffff 00cf9300 DPL=0 DS   [-WA]
GS =0010 00000000 ffffffff 00cf9300 DPL=0 DS   [-WA]
LDT=0000 00000000 0000ffff 00008200 DPL=0 LDT
TR =0028 00122cc0 00000067 00008900 DPL=0 TSS32-avl
GDT=     0011c274 0000002f
IDT=     0011ed20 000007ff
CR0=80000013 CR2=00000000 CR3=00400000 CR4=00000600
DR0=0000000000000000 DR1=0000000000000000 DR2=0000000000000000 DR3=0000000000000000 
DR6=00000000ffff0ff0 DR7=0000000000000400
CCS=00000044 CCD=00000000 CCO=EFLAGS
EFER=0000000000000000
Servicing hardware INT=0x20
   240: v=20 e=0000 i=0 cpl=0 IP=0008:000000000010d84b pc=000000000010d84b SP=0010:000000000013cd38 env->regs[R_EAX]=0000000000000000
EAX=00000000 EBX=0011c2b0 ECX=0000000f EDX=00000000
ESI=00000000 EDI=00000000 EBP=0013cd50 ESP=0013cd38
EIP=0010d84b EFL=00000246 [---Z-P-] CPL=0 II=0 A20=1 SMM=0 HLT=0
ES =0010 00000000 ffffffff 00cf9300 DPL=0 DS   [-WA]
CS =0008 00000000 ffffffff 00cf9a00 DPL=0 CS32 [-R-]
SS =0010 00000000 ffffffff 00cf9300 DPL=0 DS   [-WA]
DS =0010 00000000 ffffffff 00cf9300 DPL=0 DS   [-WA]
FS =0010 00000000 ffffffff 00cf9300 DPL=0 DS   [-WA]
GS =0010 00000000 ffffffff 00cf9300 DPL=0 DS   [-WA]
LDT=0000 00000000 0000ffff 00008200 DPL=0 LDT
TR =0028 00122cc0 00000067 00008900 DPL=0 TSS32-avl
GDT=     0011c274 0000002f
IDT=     0011ed20 000007ff
CR0=80000013 CR2=00000000 CR3=00400000 CR4=00000600
DR0=0000000000000000 DR1=0000000000000000 DR2=0000000000000000 DR3=0000000000000000 
DR6=00000000ffff0ff0 DR7=0000000000000400
CCS=00000044 CCD=00000000 CCO=EFLAGS
EFER=0000000000000000
Servicing hardware INT=0x20
   241: v=20 e=0000 i=0 cpl=0 IP=0008:000000000010d84b pc=000000000010d84b SP=0010:000000000013cd38 env->regs[R_EAX]=0000000000000000
EAX=00000000 EBX=0011c2b0 ECX=0000000f EDX=00000000
ESI=00000000 EDI=00000000 EBP=0013cd50 ESP=0013cd38
EIP=0010d84b EFL=00000246 [---Z-P-] CPL=0 II=0 A20=1 SMM=0 HLT=0
ES =0010 00000000 ffffffff 00cf9300 DPL=0 DS   [-WA]
CS =0008 00000000 ffffffff 00cf9a00 DPL=0 CS32 [-R-]
SS =0010 00000000 ffffffff 00cf9300 DPL=0 DS   [-WA]
DS =0010 00000000 ffffffff 00cf9300 DPL=0 DS   [-WA]
FS =0010 00000000 ffffffff 00cf9300 DPL=0 DS   [-WA]
GS =0010 00000000 ffffffff 00cf9300 DPL=0 DS   [-WA]
LDT=0000 00000000 0000ffff 00008200 DPL=0 LDT
TR =0028 00122cc0 00000067 00008900 DPL=0 TSS32-avl
GDT=     0011c274 0000002f
IDT=     0011ed20 000007ff
CR0=80000013 CR2=00000000 CR3=00400000 CR4=00000600
DR0=0000000000000000 DR1=0000000000000000 DR2=0000000000000000 DR3=0000000000000000 
DR6=00000000ffff0ff0 DR7=0000000000000400
CCS=00000044 CCD=00000000 CCO=EFLAGS
EFER=0000000000000000
Servicing hardware INT=0x20
   242: v=20 e=0000 i=0 cpl=0 IP=0008:000000000010d84b pc=000000000010d84b SP=0010:000000000013cd38 env->regs[R_EAX]=0000000000000000
EAX=00000000 EBX=0011c2b0 ECX=0000000f EDX=00000000
ESI=00000000 EDI=00000000 EBP=0013cd50 ESP=0013cd38
EIP=0010d84b EFL=00000246 [---Z-P-] CPL=0 II=0 A20=1 SMM=0 HLT=0
ES =0010 00000000 ffffffff 00cf9300 DPL=0 DS   [-WA]
CS =0008 00000000 ffffffff 00cf9a00 DPL=0 CS32 [-R-]
SS =0010 00000000 ffffffff 00cf9300 DPL=0 DS   [-WA]
DS =0010 00000000 ffffffff 00cf9300 DPL=0 DS   [-WA]
FS =0010 00000000 ffffffff 00cf9300 DPL=0 DS   [-WA]
GS =0010 00000000 ffffffff 00cf9300 DPL=0 DS   [-WA]
LDT=0000 00000000 0000ffff 00008200 DPL=0 LDT
TR =0028 00122cc0 00000067 00008900 DPL=0 TSS32-avl
GDT=     0011c274 0000002f
IDT=     0011ed20 000007ff
CR0=80000013 CR2=00000000 CR3=00400000 CR4=00000600
DR0=0000000000000000 DR1=0000000000000000 DR2=0000000000000000 DR3=0000000000000000 
DR6=00000000ffff0ff0 DR7=0000000000000400
CCS=00000044 CCD=00000000 CCO=EFLAGS
EFER=0000000000000000
Servicing hardware INT=0x20
   243: v=20 e=0000 i=0 cpl=0 IP=0008:000000000010d84b pc=000000000010d84b SP=0010:000000000013cd38 env->regs[R_EAX]=0000000000000000
EAX=00000000 EBX=0011c2b0 ECX=0000000f EDX=00000000
ESI=00000000 EDI=00000000 EBP=0013cd50 ESP=0013cd38
EIP=0010d84b EFL=00000246 [---Z-P-] CPL=0 II=0 A20=1 SMM=0 HLT=0
ES =0010 00000000 ffffffff 00cf9300 DPL=0 DS   [-WA]
CS =0008 00000000 ffffffff 00cf9a00 DPL=0 CS32 [-R-]
SS =0010 00000000 ffffffff 00cf9300 DPL=0 DS   [-WA]
DS =0010 00000000 ffffffff 00cf9300 DPL=0 DS   [-WA]
FS =0010 00000000 ffffffff 00cf9300 DPL=0 DS   [-WA]
GS =0010 00000000 ffffffff 00cf9300 DPL=0 DS   [-WA]
LDT=0000 00000000 0000ffff 00008200 DPL=0 LDT
TR =0028 00122cc0 00000067 00008900 DPL=0 TSS32-avl
GDT=     0011c274 0000002f
IDT=     0011ed20 000007ff
CR0=80000013 CR2=00000000 CR3=00400000 CR4=00000600
DR0=0000000000000000 DR1=0000000000000000 DR2=0000000000000000 DR3=0000000000000000 
DR6=00000000ffff0ff0 DR7=0000000000000400
CCS=00000044 CCD=00000000 CCO=EFLAGS
EFER=0000000000000000
Servicing hardware INT=0x20
   244: v=20 e=0000 i=0 cpl=0 IP=0008:000000000010d84b pc=000000000010d84b SP=0010:000000000013cd38 env->regs[R_EAX]=0000000000000000
EAX=00000000 EBX=0011c2b0 ECX=0000000f EDX=00000000
ESI=00000000 EDI=00000000 EBP=0013cd50 ESP=0013cd38
EIP=0010d84b EFL=00000246 [---Z-P-] CPL=0 II=0 A20=1 SMM=0 HLT=0
ES =0010 00000000 ffffffff 00cf9300 DPL=0 DS   [-WA]
CS =0008 00000000 ffffffff 00cf9a00 DPL=0 CS32 [-R-]
SS =0010 00000000 ffffffff 00cf9300 DPL=0 DS   [-WA]
DS =0010 00000000 ffffffff 00cf9300 DPL=0 DS   [-WA]
FS =0010 00000000 ffffffff 00cf9300 DPL=0 DS   [-WA]
GS =0010 00000000 ffffffff 00cf9300 DPL=0 DS   [-WA]
LDT=0000 00000000 0000ffff 00008200 DPL=0 LDT
TR =0028 00122cc0 00000067 00008900 DPL=0 TSS32-avl
GDT=     0011c274 0000002f
IDT=     0011ed20 000007ff
CR0=80000013 CR2=00000000 CR3=00400000 CR4=00000600
DR0=0000000000000000 DR1=0000000000000000 DR2=0000000000000000 DR3=0000000000000000 
DR6=00000000ffff0ff0 DR7=0000000000000400
CCS=00000044 CCD=00000000 CCO=EFLAGS
EFER=0000000000000000
Servicing hardware INT=0x20
   245: v=20 e=0000 i=0 cpl=0 IP=0008:000000000010d84b pc=000000000010d84b SP=0010:000000000013cd38 env->regs[R_EAX]=0000000000000000
EAX=00000000 EBX=0011c2b0 ECX=0000000f EDX=00000000
ESI=00000000 EDI=00000000 EBP=0013cd50 ESP=0013cd38
EIP=0010d84b EFL=00000246 [---Z-P-] CPL=0 II=0 A20=1 SMM=0 HLT=0
ES =0010 00000000 ffffffff 00cf9300 DPL=0 DS   [-WA]
CS =0008 00000000 ffffffff 00cf9a00 DPL=0 CS32 [-R-]
SS =0010 00000000 ffffffff 00cf9300 DPL=0 DS   [-WA]
DS =0010 00000000 ffffffff 00cf9300 DPL=0 DS   [-WA]
FS =0010 00000000 ffffffff 00cf9300 DPL=0 DS   [-WA]
GS =0010 00000000 ffffffff 00cf9300 DPL=0 DS   [-WA]
LDT=0000 00000000 0000ffff 00008200 DPL=0 LDT
TR =0028 00122cc0 00000067 00008900 DPL=0 TSS32-avl
GDT=     0011c274 0000002f
IDT=     0011ed20 000007ff
CR0=80000013 CR2=00000000 CR3=00400000 CR4=00000600
DR0=0000000000000000 DR1=0000000000000000 DR2=0000000000000000 DR3=0000000000000000 
DR6=00000000ffff0ff0 DR7=0000000000000400
CCS=00000044 CCD=00000000 CCO=EFLAGS
EFER=0000000000000000
Servicing hardware INT=0x20
   246: v=20 e=0000 i=0 cpl=0 IP=0008:000000000010d84b pc=000000000010d84b SP=0010:000000000013cd38 env->regs[R_EAX]=0000000000000000
EAX=00000000 EBX=0011c2b0 ECX=0000000f EDX=00000000
ESI=00000000 EDI=00000000 EBP=0013cd50 ESP=0013cd38
EIP=0010d84b EFL=00000246 [---Z-P-] CPL=0 II=0 A20=1 SMM=0 HLT=0
ES =0010 00000000 ffffffff 00cf9300 DPL=0 DS   [-WA]
CS =0008 00000000 ffffffff 00cf9a00 DPL=0 CS32 [-R-]
SS =0010 00000000 ffffffff 00cf9300 DPL=0 DS   [-WA]
DS =0010 00000000 ffffffff 00cf9300 DPL=0 DS   [-WA]
FS =0010 00000000 ffffffff 00cf9300 DPL=0 DS   [-WA]
GS =0010 00000000 ffffffff 00cf9300 DPL=0 DS   [-WA]
LDT=0000 00000000 0000ffff 00008200 DPL=0 LDT
TR =0028 00122cc0 00000067 00008900 DPL=0 TSS32-avl
GDT=     0011c274 0000002f
IDT=     0011ed20 000007ff
CR0=80000013 CR2=00000000 CR3=00400000 CR4=00000600
DR0=0000000000000000 DR1=0000000000000000 DR2=0000000000000000 DR3=0000000000000000 
DR6=00000000ffff0ff0 DR7=0000000000000400
CCS=00000044 CCD=00000000 CCO=EFLAGS
EFER=0000000000000000
Servicing hardware INT=0x20
   247: v=20 e=0000 i=0 cpl=0 IP=0008:000000000010d84b pc=000000000010d84b SP=0010:000000000013cd38 env->regs[R_EAX]=0000000000000000
EAX=00000000 EBX=0011c2b0 ECX=0000000f EDX=00000000
ESI=00000000 EDI=00000000 EBP=0013cd50 ESP=0013cd38
EIP=0010d84b EFL=00000246 [---Z-P-] CPL=0 II=0 A20=1 SMM=0 HLT=0
ES =0010 00000000 ffffffff 00cf9300 DPL=0 DS   [-WA]
CS =0008 00000000 ffffffff 00cf9a00 DPL=0 CS32 [-R-]
SS =0010 00000000 ffffffff 00cf9300 DPL=0 DS   [-WA]
DS =0010 00000000 ffffffff 00cf9300 DPL=0 DS   [-WA]
FS =0010 00000000 ffffffff 00cf9300 DPL=0 DS   [-WA]
GS =0010 00000000 ffffffff 00cf9300 DPL=0 DS   [-WA]
LDT=0000 00000000 0000ffff 00008200 DPL=0 LDT
TR =0028 00122cc0 00000067 00008900 DPL=0 TSS32-avl
GDT=     0011c274 0000002f
IDT=     0011ed20 000007ff
CR0=80000013 CR2=00000000 CR3=00400000 CR4=00000600
DR0=0000000000000000 DR1=0000000000000000 DR2=0000000000000000 DR3=0000000000000000 
DR6=00000000ffff0ff0 DR7=0000000000000400
CCS=00000044 CCD=00000000 CCO=EFLAGS
EFER=0000000000000000
Servicing hardware INT=0x20
   248: v=20 e=0000 i=0 cpl=0 IP=0008:000000000010d84b pc=000000000010d84b SP=0010:000000000013cd38 env->regs[R_EAX]=0000000000000000
EAX=00000000 EBX=0011c2b0 ECX=0000000f EDX=00000000
ESI=00000000 EDI=00000000 EBP=0013cd50 ESP=0013cd38
EIP=0010d84b EFL=00000246 [---Z-P-] CPL=0 II=0 A20=1 SMM=0 HLT=0
ES =0010 00000000 ffffffff 00cf9300 DPL=0 DS   [-WA]
CS =0008 00000000 ffffffff 00cf9a00 DPL=0 CS32 [-R-]
SS =0010 00000000 ffffffff 00cf9300 DPL=0 DS   [-WA]
DS =0010 00000000 ffffffff 00cf9300 DPL=0 DS   [-WA]
FS =0010 00000000 ffffffff 00cf9300 DPL=0 DS   [-WA]
GS =0010 00000000 ffffffff 00cf9300 DPL=0 DS   [-WA]
LDT=0000 00000000 0000ffff 00008200 DPL=0 LDT
TR =0028 00122cc0 00000067 00008900 DPL=0 TSS32-avl
GDT=     0011c274 0000002f
IDT=     0011ed20 000007ff
CR0=80000013 CR2=00000000 CR3=00400000 CR4=00000600
DR0=0000000000000000 DR1=0000000000000000 DR2=0000000000000000 DR3=0000000000000000 
DR6=00000000ffff0ff0 DR7=0000000000000400
CCS=00000044 CCD=00000000 CCO=EFLAGS
EFER=0000000000000000
Servicing hardware INT=0x20
   249: v=20 e=0000 i=0 cpl=0 IP=0008:000000000010d84b pc=000000000010d84b SP=0010:000000000013cd38 env->regs[R_EAX]=0000000000000000
EAX=00000000 EBX=0011c2b0 ECX=0000000f EDX=00000000
ESI=00000000 EDI=00000000 EBP=0013cd50 ESP=0013cd38
EIP=0010d84b EFL=00000246 [---Z-P-] CPL=0 II=0 A20=1 SMM=0 HLT=0
ES =0010 00000000 ffffffff 00cf9300 DPL=0 DS   [-WA]
CS =0008 00000000 ffffffff 00cf9a00 DPL=0 CS32 [-R-]
SS =0010 00000000 ffffffff 00cf9300 DPL=0 DS   [-WA]
DS =0010 00000000 ffffffff 00cf9300 DPL=0 DS   [-WA]
FS =0010 00000000 ffffffff 00cf9300 DPL=0 DS   [-WA]
GS =0010 00000000 ffffffff 00cf9300 DPL=0 DS   [-WA]
LDT=0000 00000000 0000ffff 00008200 DPL=0 LDT
TR =0028 00122cc0 00000067 00008900 DPL=0 TSS32-avl
GDT=     0011c274 0000002f
IDT=     0011ed20 000007ff
CR0=80000013 CR2=00000000 CR3=00400000 CR4=00000600
DR0=0000000000000000 DR1=0000000000000000 DR2=0000000000000000 DR3=0000000000000000 
DR6=00000000ffff0ff0 DR7=0000000000000400
CCS=00000044 CCD=00000000 CCO=EFLAGS
EFER=0000000000000000
Servicing hardware INT=0x20
   250: v=20 e=0000 i=0 cpl=0 IP=0008:000000000010d84b pc=000000000010d84b SP=0010:000000000013cd38 env->regs[R_EAX]=0000000000000000
EAX=00000000 EBX=0011c2b0 ECX=0000000f EDX=00000000
ESI=00000000 EDI=00000000 EBP=0013cd50 ESP=0013cd38
EIP=0010d84b EFL=00000246 [---Z-P-] CPL=0 II=0 A20=1 SMM=0 HLT=0
ES =0010 00000000 ffffffff 00cf9300 DPL=0 DS   [-WA]
CS =0008 00000000 ffffffff 00cf9a00 DPL=0 CS32 [-R-]
SS =0010 00000000 ffffffff 00cf9300 DPL=0 DS   [-WA]
DS =0010 00000000 ffffffff 00cf9300 DPL=0 DS   [-WA]
FS =0010 00000000 ffffffff 00cf9300 DPL=0 DS   [-WA]
GS =0010 00000000 ffffffff 00cf9300 DPL=0 DS   [-WA]
LDT=0000 00000000 0000ffff 00008200 DPL=0 LDT
TR =0028 00122cc0 00000067 00008900 DPL=0 TSS32-avl
GDT=     0011c274 0000002f
IDT=     0011ed20 000007ff
CR0=80000013 CR2=00000000 CR3=00400000 CR4=00000600
DR0=0000000000000000 DR1=0000000000000000 DR2=0000000000000000 DR3=0000000000000000 
DR6=00000000ffff0ff0 DR7=0000000000000400
CCS=00000044 CCD=00000000 CCO=EFLAGS
EFER=0000000000000000
Servicing hardware INT=0x20
   251: v=20 e=0000 i=0 cpl=0 IP=0008:000000000010d84b pc=000000000010d84b SP=0010:000000000013cd38 env->regs[R_EAX]=0000000000000000
EAX=00000000 EBX=0011c2b0 ECX=0000000f EDX=00000000
ESI=00000000 EDI=00000000 EBP=0013cd50 ESP=0013cd38
EIP=0010d84b EFL=00000246 [---Z-P-] CPL=0 II=0 A20=1 SMM=0 HLT=0
ES =0010 00000000 ffffffff 00cf9300 DPL=0 DS   [-WA]
CS =0008 00000000 ffffffff 00cf9a00 DPL=0 CS32 [-R-]
SS =0010 00000000 ffffffff 00cf9300 DPL=0 DS   [-WA]
DS =0010 00000000 ffffffff 00cf9300 DPL=0 DS   [-WA]
FS =0010 00000000 ffffffff 00cf9300 DPL=0 DS   [-WA]
GS =0010 00000000 ffffffff 00cf9300 DPL=0 DS   [-WA]
LDT=0000 00000000 0000ffff 00008200 DPL=0 LDT
TR =0028 00122cc0 00000067 00008900 DPL=0 TSS32-avl
GDT=     0011c274 0000002f
IDT=     0011ed20 000007ff
CR0=80000013 CR2=00000000 CR3=00400000 CR4=00000600
DR0=0000000000000000 DR1=0000000000000000 DR2=0000000000000000 DR3=0000000000000000 
DR6=00000000ffff0ff0 DR7=0000000000000400
CCS=00000044 CCD=00000000 CCO=EFLAGS
EFER=0000000000000000
Servicing hardware INT=0x20
   252: v=20 e=0000 i=0 cpl=0 IP=0008:000000000010d84b pc=000000000010d84b SP=0010:000000000013cd38 env->regs[R_EAX]=0000000000000000
EAX=00000000 EBX=0011c2b0 ECX=0000000f EDX=00000000
ESI=00000000 EDI=00000000 EBP=0013cd50 ESP=0013cd38
EIP=0010d84b EFL=00000246 [---Z-P-] CPL=0 II=0 A20=1 SMM=0 HLT=0
ES =0010 00000000 ffffffff 00cf9300 DPL=0 DS   [-WA]
CS =0008 00000000 ffffffff 00cf9a00 DPL=0 CS32 [-R-]
SS =0010 00000000 ffffffff 00cf9300 DPL=0 DS   [-WA]
DS =0010 00000000 ffffffff 00cf9300 DPL=0 DS   [-WA]
FS =0010 00000000 ffffffff 00cf9300 DPL=0 DS   [-WA]
GS =0010 00000000 ffffffff 00cf9300 DPL=0 DS   [-WA]
LDT=0000 00000000 0000ffff 00008200 DPL=0 LDT
TR =0028 00122cc0 00000067 00008900 DPL=0 TSS32-avl
GDT=     0011c274 0000002f
IDT=     0011ed20 000007ff
CR0=80000013 CR2=00000000 CR3=00400000 CR4=00000600
DR0=0000000000000000 DR1=0000000000000000 DR2=0000000000000000 DR3=0000000000000000 
DR6=00000000ffff0ff0 DR7=0000000000000400
CCS=00000044 CCD=00000000 CCO=EFLAGS
EFER=0000000000000000
Servicing hardware INT=0x20
   253: v=20 e=0000 i=0 cpl=0 IP=0008:000000000010d84b pc=000000000010d84b SP=0010:000000000013cd38 env->regs[R_EAX]=0000000000000000
EAX=00000000 EBX=0011c2b0 ECX=0000000f EDX=00000000
ESI=00000000 EDI=00000000 EBP=0013cd50 ESP=0013cd38
EIP=0010d84b EFL=00000246 [---Z-P-] CPL=0 II=0 A20=1 SMM=0 HLT=0
ES =0010 00000000 ffffffff 00cf9300 DPL=0 DS   [-WA]
CS =0008 00000000 ffffffff 00cf9a00 DPL=0 CS32 [-R-]
SS =0010 00000000 ffffffff 00cf9300 DPL=0 DS   [-WA]
DS =0010 00000000 ffffffff 00cf9300 DPL=0 DS   [-WA]
FS =0010 00000000 ffffffff 00cf9300 DPL=0 DS   [-WA]
GS =0010 00000000 ffffffff 00cf9300 DPL=0 DS   [-WA]
LDT=0000 00000000 0000ffff 00008200 DPL=0 LDT
TR =0028 00122cc0 00000067 00008900 DPL=0 TSS32-avl
GDT=     0011c274 0000002f
IDT=     0011ed20 000007ff
CR0=80000013 CR2=00000000 CR3=00400000 CR4=00000600
DR0=0000000000000000 DR1=0000000000000000 DR2=0000000000000000 DR3=0000000000000000 
DR6=00000000ffff0ff0 DR7=0000000000000400
CCS=00000044 CCD=00000000 CCO=EFLAGS
EFER=0000000000000000
Servicing hardware INT=0x20
   254: v=20 e=0000 i=0 cpl=0 IP=0008:000000000010d84b pc=000000000010d84b SP=0010:000000000013cd38 env->regs[R_EAX]=0000000000000000
EAX=00000000 EBX=0011c2b0 ECX=0000000f EDX=00000000
ESI=00000000 EDI=00000000 EBP=0013cd50 ESP=0013cd38
EIP=0010d84b EFL=00000246 [---Z-P-] CPL=0 II=0 A20=1 SMM=0 HLT=0
ES =0010 00000000 ffffffff 00cf9300 DPL=0 DS   [-WA]
CS =0008 00000000 ffffffff 00cf9a00 DPL=0 CS32 [-R-]
SS =0010 00000000 ffffffff 00cf9300 DPL=0 DS   [-WA]
DS =0010 00000000 ffffffff 00cf9300 DPL=0 DS   [-WA]
FS =0010 00000000 ffffffff 00cf9300 DPL=0 DS   [-WA]
GS =0010 00000000 ffffffff 00cf9300 DPL=0 DS   [-WA]
LDT=0000 00000000 0000ffff 00008200 DPL=0 LDT
TR =0028 00122cc0 00000067 00008900 DPL=0 TSS32-avl
GDT=     0011c274 0000002f
IDT=     0011ed20 000007ff
CR0=80000013 CR2=00000000 CR3=00400000 CR4=00000600
DR0=0000000000000000 DR1=0000000000000000 DR2=0000000000000000 DR3=0000000000000000 
DR6=00000000ffff0ff0 DR7=0000000000000400
CCS=00000044 CCD=00000000 CCO=EFLAGS
EFER=0000000000000000
Servicing hardware INT=0x20
   255: v=20 e=0000 i=0 cpl=0 IP=0008:000000000010d84b pc=000000000010d84b SP=0010:000000000013cd38 env->regs[R_EAX]=0000000000000000
EAX=00000000 EBX=0011c2b0 ECX=0000000f EDX=00000000
ESI=00000000 EDI=00000000 EBP=0013cd50 ESP=0013cd38
EIP=0010d84b EFL=00000246 [---Z-P-] CPL=0 II=0 A20=1 SMM=0 HLT=0
ES =0010 00000000 ffffffff 00cf9300 DPL=0 DS   [-WA]
CS =0008 00000000 ffffffff 00cf9a00 DPL=0 CS32 [-R-]
SS =0010 00000000 ffffffff 00cf9300 DPL=0 DS   [-WA]
DS =0010 00000000 ffffffff 00cf9300 DPL=0 DS   [-WA]
FS =0010 00000000 ffffffff 00cf9300 DPL=0 DS   [-WA]
GS =0010 00000000 ffffffff 00cf9300 DPL=0 DS   [-WA]
LDT=0000 00000000 0000ffff 00008200 DPL=0 LDT
TR =0028 00122cc0 00000067 00008900 DPL=0 TSS32-avl
GDT=     0011c274 0000002f
IDT=     0011ed20 000007ff
CR0=80000013 CR2=00000000 CR3=00400000 CR4=00000600
DR0=0000000000000000 DR1=0000000000000000 DR2=0000000000000000 DR3=0000000000000000 
DR6=00000000ffff0ff0 DR7=0000000000000400
CCS=00000044 CCD=00000000 CCO=EFLAGS
EFER=0000000000000000
Servicing hardware INT=0x20
   256: v=20 e=0000 i=0 cpl=0 IP=0008:000000000010d84b pc=000000000010d84b SP=0010:000000000013cd38 env->regs[R_EAX]=0000000000000000
EAX=00000000 EBX=0011c2b0 ECX=0000000f EDX=00000000
ESI=00000000 EDI=00000000 EBP=0013cd50 ESP=0013cd38
EIP=0010d84b EFL=00000246 [---Z-P-] CPL=0 II=0 A20=1 SMM=0 HLT=0
ES =0010 00000000 ffffffff 00cf9300 DPL=0 DS   [-WA]
CS =0008 00000000 ffffffff 00cf9a00 DPL=0 CS32 [-R-]
SS =0010 00000000 ffffffff 00cf9300 DPL=0 DS   [-WA]
DS =0010 00000000 ffffffff 00cf9300 DPL=0 DS   [-WA]
FS =0010 00000000 ffffffff 00cf9300 DPL=0 DS   [-WA]
GS =0010 00000000 ffffffff 00cf9300 DPL=0 DS   [-WA]
LDT=0000 00000000 0000ffff 00008200 DPL=0 LDT
TR =0028 00122cc0 00000067 00008900 DPL=0 TSS32-avl
GDT=     0011c274 0000002f
IDT=     0011ed20 000007ff
CR0=80000013 CR2=00000000 CR3=00400000 CR4=00000600
DR0=0000000000000000 DR1=0000000000000000 DR2=0000000000000000 DR3=0000000000000000 
DR6=00000000ffff0ff0 DR7=0000000000000400
CCS=00000044 CCD=00000000 CCO=EFLAGS
EFER=0000000000000000
Servicing hardware INT=0x20
   257: v=20 e=0000 i=0 cpl=0 IP=0008:000000000010d84b pc=000000000010d84b SP=0010:000000000013cd38 env->regs[R_EAX]=0000000000000000
EAX=00000000 EBX=0011c2b0 ECX=0000000f EDX=00000000
ESI=00000000 EDI=00000000 EBP=0013cd50 ESP=0013cd38
EIP=0010d84b EFL=00000246 [---Z-P-] CPL=0 II=0 A20=1 SMM=0 HLT=0
ES =0010 00000000 ffffffff 00cf9300 DPL=0 DS   [-WA]
CS =0008 00000000 ffffffff 00cf9a00 DPL=0 CS32 [-R-]
SS =0010 00000000 ffffffff 00cf9300 DPL=0 DS   [-WA]
DS =0010 00000000 ffffffff 00cf9300 DPL=0 DS   [-WA]
FS =0010 00000000 ffffffff 00cf9300 DPL=0 DS   [-WA]
GS =0010 00000000 ffffffff 00cf9300 DPL=0 DS   [-WA]
LDT=0000 00000000 0000ffff 00008200 DPL=0 LDT
TR =0028 00122cc0 00000067 00008900 DPL=0 TSS32-avl
GDT=     0011c274 0000002f
IDT=     0011ed20 000007ff
CR0=80000013 CR2=00000000 CR3=00400000 CR4=00000600
DR0=0000000000000000 DR1=0000000000000000 DR2=0000000000000000 DR3=0000000000000000 
DR6=00000000ffff0ff0 DR7=0000000000000400
CCS=00000044 CCD=00000000 CCO=EFLAGS
EFER=0000000000000000
Servicing hardware INT=0x20
   258: v=20 e=0000 i=0 cpl=0 IP=0008:000000000010d84b pc=000000000010d84b SP=0010:000000000013cd38 env->regs[R_EAX]=0000000000000000
EAX=00000000 EBX=0011c2b0 ECX=0000000f EDX=00000000
ESI=00000000 EDI=00000000 EBP=0013cd50 ESP=0013cd38
EIP=0010d84b EFL=00000246 [---Z-P-] CPL=0 II=0 A20=1 SMM=0 HLT=0
ES =0010 00000000 ffffffff 00cf9300 DPL=0 DS   [-WA]
CS =0008 00000000 ffffffff 00cf9a00 DPL=0 CS32 [-R-]
SS =0010 00000000 ffffffff 00cf9300 DPL=0 DS   [-WA]
DS =0010 00000000 ffffffff 00cf9300 DPL=0 DS   [-WA]
FS =0010 00000000 ffffffff 00cf9300 DPL=0 DS   [-WA]
GS =0010 00000000 ffffffff 00cf9300 DPL=0 DS   [-WA]
LDT=0000 00000000 0000ffff 00008200 DPL=0 LDT
TR =0028 00122cc0 00000067 00008900 DPL=0 TSS32-avl
GDT=     0011c274 0000002f
IDT=     0011ed20 000007ff
CR0=80000013 CR2=00000000 CR3=00400000 CR4=00000600
DR0=0000000000000000 DR1=0000000000000000 DR2=0000000000000000 DR3=0000000000000000 
DR6=00000000ffff0ff0 DR7=0000000000000400
CCS=00000044 CCD=00000000 CCO=EFLAGS
EFER=0000000000000000
Servicing hardware INT=0x20
   259: v=20 e=0000 i=0 cpl=0 IP=0008:000000000010d84b pc=000000000010d84b SP=0010:000000000013cd38 env->regs[R_EAX]=0000000000000000
EAX=00000000 EBX=0011c2b0 ECX=0000000f EDX=00000000
ESI=00000000 EDI=00000000 EBP=0013cd50 ESP=0013cd38
EIP=0010d84b EFL=00000246 [---Z-P-] CPL=0 II=0 A20=1 SMM=0 HLT=0
ES =0010 00000000 ffffffff 00cf9300 DPL=0 DS   [-WA]
CS =0008 00000000 ffffffff 00cf9a00 DPL=0 CS32 [-R-]
SS =0010 00000000 ffffffff 00cf9300 DPL=0 DS   [-WA]
DS =0010 00000000 ffffffff 00cf9300 DPL=0 DS   [-WA]
FS =0010 00000000 ffffffff 00cf9300 DPL=0 DS   [-WA]
GS =0010 00000000 ffffffff 00cf9300 DPL=0 DS   [-WA]
LDT=0000 00000000 0000ffff 00008200 DPL=0 LDT
TR =0028 00122cc0 00000067 00008900 DPL=0 TSS32-avl
GDT=     0011c274 0000002f
IDT=     0011ed20 000007ff
CR0=80000013 CR2=00000000 CR3=00400000 CR4=00000600
DR0=0000000000000000 DR1=0000000000000000 DR2=0000000000000000 DR3=0000000000000000 
DR6=00000000ffff0ff0 DR7=0000000000000400
CCS=00000044 CCD=00000000 CCO=EFLAGS
EFER=0000000000000000
Servicing hardware INT=0x20
   260: v=20 e=0000 i=0 cpl=0 IP=0008:000000000010d84b pc=000000000010d84b SP=0010:000000000013cd38 env->regs[R_EAX]=0000000000000000
EAX=00000000 EBX=0011c2b0 ECX=0000000f EDX=00000000
ESI=00000000 EDI=00000000 EBP=0013cd50 ESP=0013cd38
EIP=0010d84b EFL=00000246 [---Z-P-] CPL=0 II=0 A20=1 SMM=0 HLT=0
ES =0010 00000000 ffffffff 00cf9300 DPL=0 DS   [-WA]
CS =0008 00000000 ffffffff 00cf9a00 DPL=0 CS32 [-R-]
SS =0010 00000000 ffffffff 00cf9300 DPL=0 DS   [-WA]
DS =0010 00000000 ffffffff 00cf9300 DPL=0 DS   [-WA]
FS =0010 00000000 ffffffff 00cf9300 DPL=0 DS   [-WA]
GS =0010 00000000 ffffffff 00cf9300 DPL=0 DS   [-WA]
LDT=0000 00000000 0000ffff 00008200 DPL=0 LDT
TR =0028 00122cc0 00000067 00008900 DPL=0 TSS32-avl
GDT=     0011c274 0000002f
IDT=     0011ed20 000007ff
CR0=80000013 CR2=00000000 CR3=00400000 CR4=00000600
DR0=0000000000000000 DR1=0000000000000000 DR2=0000000000000000 DR3=0000000000000000 
DR6=00000000ffff0ff0 DR7=0000000000000400
CCS=00000044 CCD=00000000 CCO=EFLAGS
EFER=0000000000000000
Servicing hardware INT=0x20
   261: v=20 e=0000 i=0 cpl=0 IP=0008:000000000010d84b pc=000000000010d84b SP=0010:000000000013cd38 env->regs[R_EAX]=0000000000000000
EAX=00000000 EBX=0011c2b0 ECX=0000000f EDX=00000000
ESI=00000000 EDI=00000000 EBP=0013cd50 ESP=0013cd38
EIP=0010d84b EFL=00000246 [---Z-P-] CPL=0 II=0 A20=1 SMM=0 HLT=0
ES =0010 00000000 ffffffff 00cf9300 DPL=0 DS   [-WA]
CS =0008 00000000 ffffffff 00cf9a00 DPL=0 CS32 [-R-]
SS =0010 00000000 ffffffff 00cf9300 DPL=0 DS   [-WA]
DS =0010 00000000 ffffffff 00cf9300 DPL=0 DS   [-WA]
FS =0010 00000000 ffffffff 00cf9300 DPL=0 DS   [-WA]
GS =0010 00000000 ffffffff 00cf9300 DPL=0 DS   [-WA]
LDT=0000 00000000 0000ffff 00008200 DPL=0 LDT
TR =0028 00122cc0 00000067 00008900 DPL=0 TSS32-avl
GDT=     0011c274 0000002f
IDT=     0011ed20 000007ff
CR0=80000013 CR2=00000000 CR3=00400000 CR4=00000600
DR0=0000000000000000 DR1=0000000000000000 DR2=0000000000000000 DR3=0000000000000000 
DR6=00000000ffff0ff0 DR7=0000000000000400
CCS=00000044 CCD=00000000 CCO=EFLAGS
EFER=0000000000000000
Servicing hardware INT=0x20
   262: v=20 e=0000 i=0 cpl=0 IP=0008:000000000010d84b pc=000000000010d84b SP=0010:000000000013cd38 env->regs[R_EAX]=0000000000000000
EAX=00000000 EBX=0011c2b0 ECX=0000000f EDX=00000000
ESI=00000000 EDI=00000000 EBP=0013cd50 ESP=0013cd38
EIP=0010d84b EFL=00000246 [---Z-P-] CPL=0 II=0 A20=1 SMM=0 HLT=0
ES =0010 00000000 ffffffff 00cf9300 DPL=0 DS   [-WA]
CS =0008 00000000 ffffffff 00cf9a00 DPL=0 CS32 [-R-]
SS =0010 00000000 ffffffff 00cf9300 DPL=0 DS   [-WA]
DS =0010 00000000 ffffffff 00cf9300 DPL=0 DS   [-WA]
FS =0010 00000000 ffffffff 00cf9300 DPL=0 DS   [-WA]
GS =0010 00000000 ffffffff 00cf9300 DPL=0 DS   [-WA]
LDT=0000 00000000 0000ffff 00008200 DPL=0 LDT
TR =0028 00122cc0 00000067 00008900 DPL=0 TSS32-avl
GDT=     0011c274 0000002f
IDT=     0011ed20 000007ff
CR0=80000013 CR2=00000000 CR3=00400000 CR4=00000600
DR0=0000000000000000 DR1=0000000000000000 DR2=0000000000000000 DR3=0000000000000000 
DR6=00000000ffff0ff0 DR7=0000000000000400
CCS=00000044 CCD=00000000 CCO=EFLAGS
EFER=0000000000000000
Servicing hardware INT=0x20
   263: v=20 e=0000 i=0 cpl=0 IP=0008:000000000010d84b pc=000000000010d84b SP=0010:000000000013cd38 env->regs[R_EAX]=0000000000000000
EAX=00000000 EBX=0011c2b0 ECX=0000000f EDX=00000000
ESI=00000000 EDI=00000000 EBP=0013cd50 ESP=0013cd38
EIP=0010d84b EFL=00000246 [---Z-P-] CPL=0 II=0 A20=1 SMM=0 HLT=0
ES =0010 00000000 ffffffff 00cf9300 DPL=0 DS   [-WA]
CS =0008 00000000 ffffffff 00cf9a00 DPL=0 CS32 [-R-]
SS =0010 00000000 ffffffff 00cf9300 DPL=0 DS   [-WA]
DS =0010 00000000 ffffffff 00cf9300 DPL=0 DS   [-WA]
FS =0010 00000000 ffffffff 00cf9300 DPL=0 DS   [-WA]
GS =0010 00000000 ffffffff 00cf9300 DPL=0 DS   [-WA]
LDT=0000 00000000 0000ffff 00008200 DPL=0 LDT
TR =0028 00122cc0 00000067 00008900 DPL=0 TSS32-avl
GDT=     0011c274 0000002f
IDT=     0011ed20 000007ff
CR0=80000013 CR2=00000000 CR3=00400000 CR4=00000600
DR0=0000000000000000 DR1=0000000000000000 DR2=0000000000000000 DR3=0000000000000000 
DR6=00000000ffff0ff0 DR7=0000000000000400
CCS=00000044 CCD=00000000 CCO=EFLAGS
EFER=0000000000000000
Servicing hardware INT=0x20
   264: v=20 e=0000 i=0 cpl=0 IP=0008:000000000010d84b pc=000000000010d84b SP=0010:000000000013cd38 env->regs[R_EAX]=0000000000000000
EAX=00000000 EBX=0011c2b0 ECX=0000000f EDX=00000000
ESI=00000000 EDI=00000000 EBP=0013cd50 ESP=0013cd38
EIP=0010d84b EFL=00000246 [---Z-P-] CPL=0 II=0 A20=1 SMM=0 HLT=0
ES =0010 00000000 ffffffff 00cf9300 DPL=0 DS   [-WA]
CS =0008 00000000 ffffffff 00cf9a00 DPL=0 CS32 [-R-]
SS =0010 00000000 ffffffff 00cf9300 DPL=0 DS   [-WA]
DS =0010 00000000 ffffffff 00cf9300 DPL=0 DS   [-WA]
FS =0010 00000000 ffffffff 00cf9300 DPL=0 DS   [-WA]
GS =0010 00000000 ffffffff 00cf9300 DPL=0 DS   [-WA]
LDT=0000 00000000 0000ffff 00008200 DPL=0 LDT
TR =0028 00122cc0 00000067 00008900 DPL=0 TSS32-avl
GDT=     0011c274 0000002f
IDT=     0011ed20 000007ff
CR0=80000013 CR2=00000000 CR3=00400000 CR4=00000600
DR0=0000000000000000 DR1=0000000000000000 DR2=0000000000000000 DR3=0000000000000000 
DR6=00000000ffff0ff0 DR7=0000000000000400
CCS=00000044 CCD=00000000 CCO=EFLAGS
EFER=0000000000000000
Servicing hardware INT=0x20
   265: v=20 e=0000 i=0 cpl=0 IP=0008:000000000010d84b pc=000000000010d84b SP=0010:000000000013cd38 env->regs[R_EAX]=0000000000000000
EAX=00000000 EBX=0011c2b0 ECX=0000000f EDX=00000000
ESI=00000000 EDI=00000000 EBP=0013cd50 ESP=0013cd38
EIP=0010d84b EFL=00000246 [---Z-P-] CPL=0 II=0 A20=1 SMM=0 HLT=0
ES =0010 00000000 ffffffff 00cf9300 DPL=0 DS   [-WA]
CS =0008 00000000 ffffffff 00cf9a00 DPL=0 CS32 [-R-]
SS =0010 00000000 ffffffff 00cf9300 DPL=0 DS   [-WA]
DS =0010 00000000 ffffffff 00cf9300 DPL=0 DS   [-WA]
FS =0010 00000000 ffffffff 00cf9300 DPL=0 DS   [-WA]
GS =0010 00000000 ffffffff 00cf9300 DPL=0 DS   [-WA]
LDT=0000 00000000 0000ffff 00008200 DPL=0 LDT
TR =0028 00122cc0 00000067 00008900 DPL=0 TSS32-avl
GDT=     0011c274 0000002f
IDT=     0011ed20 000007ff
CR0=80000013 CR2=00000000 CR3=00400000 CR4=00000600
DR0=0000000000000000 DR1=0000000000000000 DR2=0000000000000000 DR3=0000000000000000 
DR6=00000000ffff0ff0 DR7=0000000000000400
CCS=00000044 CCD=00000000 CCO=EFLAGS
EFER=0000000000000000
Servicing hardware INT=0x20
   266: v=20 e=0000 i=0 cpl=0 IP=0008:000000000010d84b pc=000000000010d84b SP=0010:000000000013cd38 env->regs[R_EAX]=0000000000000000
EAX=00000000 EBX=0011c2b0 ECX=0000000f EDX=00000000
ESI=00000000 EDI=00000000 EBP=0013cd50 ESP=0013cd38
EIP=0010d84b EFL=00000246 [---Z-P-] CPL=0 II=0 A20=1 SMM=0 HLT=0
ES =0010 00000000 ffffffff 00cf9300 DPL=0 DS   [-WA]
CS =0008 00000000 ffffffff 00cf9a00 DPL=0 CS32 [-R-]
SS =0010 00000000 ffffffff 00cf9300 DPL=0 DS   [-WA]
DS =0010 00000000 ffffffff 00cf9300 DPL=0 DS   [-WA]
FS =0010 00000000 ffffffff 00cf9300 DPL=0 DS   [-WA]
GS =0010 00000000 ffffffff 00cf9300 DPL=0 DS   [-WA]
LDT=0000 00000000 0000ffff 00008200 DPL=0 LDT
TR =0028 00122cc0 00000067 00008900 DPL=0 TSS32-avl
GDT=     0011c274 0000002f
IDT=     0011ed20 000007ff
CR0=80000013 CR2=00000000 CR3=00400000 CR4=00000600
DR0=0000000000000000 DR1=0000000000000000 DR2=0000000000000000 DR3=0000000000000000 
DR6=00000000ffff0ff0 DR7=0000000000000400
CCS=00000044 CCD=00000000 CCO=EFLAGS
EFER=0000000000000000
Servicing hardware INT=0x20
   267: v=20 e=0000 i=0 cpl=0 IP=0008:000000000010d84b pc=000000000010d84b SP=0010:000000000013cd38 env->regs[R_EAX]=0000000000000000
EAX=00000000 EBX=0011c2b0 ECX=0000000f EDX=00000000
ESI=00000000 EDI=00000000 EBP=0013cd50 ESP=0013cd38
EIP=0010d84b EFL=00000246 [---Z-P-] CPL=0 II=0 A20=1 SMM=0 HLT=0
ES =0010 00000000 ffffffff 00cf9300 DPL=0 DS   [-WA]
CS =0008 00000000 ffffffff 00cf9a00 DPL=0 CS32 [-R-]
SS =0010 00000000 ffffffff 00cf9300 DPL=0 DS   [-WA]
DS =0010 00000000 ffffffff 00cf9300 DPL=0 DS   [-WA]
FS =0010 00000000 ffffffff 00cf9300 DPL=0 DS   [-WA]
GS =0010 00000000 ffffffff 00cf9300 DPL=0 DS   [-WA]
LDT=0000 00000000 0000ffff 00008200 DPL=0 LDT
TR =0028 00122cc0 00000067 00008900 DPL=0 TSS32-avl
GDT=     0011c274 0000002f
IDT=     0011ed20 000007ff
CR0=80000013 CR2=00000000 CR3=00400000 CR4=00000600
DR0=0000000000000000 DR1=0000000000000000 DR2=0000000000000000 DR3=0000000000000000 
DR6=00000000ffff0ff0 DR7=0000000000000400
CCS=00000044 CCD=00000000 CCO=EFLAGS
EFER=0000000000000000
Servicing hardware INT=0x20
   268: v=20 e=0000 i=0 cpl=0 IP=0008:000000000010d84b pc=000000000010d84b SP=0010:000000000013cd38 env->regs[R_EAX]=0000000000000000
EAX=00000000 EBX=0011c2b0 ECX=0000000f EDX=00000000
ESI=00000000 EDI=00000000 EBP=0013cd50 ESP=0013cd38
EIP=0010d84b EFL=00000246 [---Z-P-] CPL=0 II=0 A20=1 SMM=0 HLT=0
ES =0010 00000000 ffffffff 00cf9300 DPL=0 DS   [-WA]
CS =0008 00000000 ffffffff 00cf9a00 DPL=0 CS32 [-R-]
SS =0010 00000000 ffffffff 00cf9300 DPL=0 DS   [-WA]
DS =0010 00000000 ffffffff 00cf9300 DPL=0 DS   [-WA]
FS =0010 00000000 ffffffff 00cf9300 DPL=0 DS   [-WA]
GS =0010 00000000 ffffffff 00cf9300 DPL=0 DS   [-WA]
LDT=0000 00000000 0000ffff 00008200 DPL=0 LDT
TR =0028 00122cc0 00000067 00008900 DPL=0 TSS32-avl
GDT=     0011c274 0000002f
IDT=     0011ed20 000007ff
CR0=80000013 CR2=00000000 CR3=00400000 CR4=00000600
DR0=0000000000000000 DR1=0000000000000000 DR2=0000000000000000 DR3=0000000000000000 
DR6=00000000ffff0ff0 DR7=0000000000000400
CCS=00000044 CCD=00000000 CCO=EFLAGS
EFER=0000000000000000
Servicing hardware INT=0x20
   269: v=20 e=0000 i=0 cpl=0 IP=0008:000000000010d84b pc=000000000010d84b SP=0010:000000000013cd38 env->regs[R_EAX]=0000000000000000
EAX=00000000 EBX=0011c2b0 ECX=0000000f EDX=00000000
ESI=00000000 EDI=00000000 EBP=0013cd50 ESP=0013cd38
EIP=0010d84b EFL=00000246 [---Z-P-] CPL=0 II=0 A20=1 SMM=0 HLT=0
ES =0010 00000000 ffffffff 00cf9300 DPL=0 DS   [-WA]
CS =0008 00000000 ffffffff 00cf9a00 DPL=0 CS32 [-R-]
SS =0010 00000000 ffffffff 00cf9300 DPL=0 DS   [-WA]
DS =0010 00000000 ffffffff 00cf9300 DPL=0 DS   [-WA]
FS =0010 00000000 ffffffff 00cf9300 DPL=0 DS   [-WA]
GS =0010 00000000 ffffffff 00cf9300 DPL=0 DS   [-WA]
LDT=0000 00000000 0000ffff 00008200 DPL=0 LDT
TR =0028 00122cc0 00000067 00008900 DPL=0 TSS32-avl
GDT=     0011c274 0000002f
IDT=     0011ed20 000007ff
CR0=80000013 CR2=00000000 CR3=00400000 CR4=00000600
DR0=0000000000000000 DR1=0000000000000000 DR2=0000000000000000 DR3=0000000000000000 
DR6=00000000ffff0ff0 DR7=0000000000000400
CCS=00000044 CCD=00000000 CCO=EFLAGS
EFER=0000000000000000
Servicing hardware INT=0x20
   270: v=20 e=0000 i=0 cpl=0 IP=0008:000000000010d84b pc=000000000010d84b SP=0010:000000000013cd38 env->regs[R_EAX]=0000000000000000
EAX=00000000 EBX=0011c2b0 ECX=0000000f EDX=00000000
ESI=00000000 EDI=00000000 EBP=0013cd50 ESP=0013cd38
EIP=0010d84b EFL=00000246 [---Z-P-] CPL=0 II=0 A20=1 SMM=0 HLT=0
ES =0010 00000000 ffffffff 00cf9300 DPL=0 DS   [-WA]
CS =0008 00000000 ffffffff 00cf9a00 DPL=0 CS32 [-R-]
SS =0010 00000000 ffffffff 00cf9300 DPL=0 DS   [-WA]
DS =0010 00000000 ffffffff 00cf9300 DPL=0 DS   [-WA]
FS =0010 00000000 ffffffff 00cf9300 DPL=0 DS   [-WA]
GS =0010 00000000 ffffffff 00cf9300 DPL=0 DS   [-WA]
LDT=0000 00000000 0000ffff 00008200 DPL=0 LDT
TR =0028 00122cc0 00000067 00008900 DPL=0 TSS32-avl
GDT=     0011c274 0000002f
IDT=     0011ed20 000007ff
CR0=80000013 CR2=00000000 CR3=00400000 CR4=00000600
DR0=0000000000000000 DR1=0000000000000000 DR2=0000000000000000 DR3=0000000000000000 
DR6=00000000ffff0ff0 DR7=0000000000000400
CCS=00000044 CCD=00000000 CCO=EFLAGS
EFER=0000000000000000
Servicing hardware INT=0x20
   271: v=20 e=0000 i=0 cpl=0 IP=0008:000000000010d84b pc=000000000010d84b SP=0010:000000000013cd38 env->regs[R_EAX]=0000000000000000
EAX=00000000 EBX=0011c2b0 ECX=0000000f EDX=00000000
ESI=00000000 EDI=00000000 EBP=0013cd50 ESP=0013cd38
EIP=0010d84b EFL=00000246 [---Z-P-] CPL=0 II=0 A20=1 SMM=0 HLT=0
ES =0010 00000000 ffffffff 00cf9300 DPL=0 DS   [-WA]
CS =0008 00000000 ffffffff 00cf9a00 DPL=0 CS32 [-R-]
SS =0010 00000000 ffffffff 00cf9300 DPL=0 DS   [-WA]
DS =0010 00000000 ffffffff 00cf9300 DPL=0 DS   [-WA]
FS =0010 00000000 ffffffff 00cf9300 DPL=0 DS   [-WA]
GS =0010 00000000 ffffffff 00cf9300 DPL=0 DS   [-WA]
LDT=0000 00000000 0000ffff 00008200 DPL=0 LDT
TR =0028 00122cc0 00000067 00008900 DPL=0 TSS32-avl
GDT=     0011c274 0000002f
IDT=     0011ed20 000007ff
CR0=80000013 CR2=00000000 CR3=00400000 CR4=00000600
DR0=0000000000000000 DR1=0000000000000000 DR2=0000000000000000 DR3=0000000000000000 
DR6=00000000ffff0ff0 DR7=0000000000000400
CCS=00000044 CCD=00000000 CCO=EFLAGS
EFER=0000000000000000
Servicing hardware INT=0x20
   272: v=20 e=0000 i=0 cpl=0 IP=0008:000000000010d84b pc=000000000010d84b SP=0010:000000000013cd38 env->regs[R_EAX]=0000000000000000
EAX=00000000 EBX=0011c2b0 ECX=0000000f EDX=00000000
ESI=00000000 EDI=00000000 EBP=0013cd50 ESP=0013cd38
EIP=0010d84b EFL=00000246 [---Z-P-] CPL=0 II=0 A20=1 SMM=0 HLT=0
ES =0010 00000000 ffffffff 00cf9300 DPL=0 DS   [-WA]
CS =0008 00000000 ffffffff 00cf9a00 DPL=0 CS32 [-R-]
SS =0010 00000000 ffffffff 00cf9300 DPL=0 DS   [-WA]
DS =0010 00000000 ffffffff 00cf9300 DPL=0 DS   [-WA]
FS =0010 00000000 ffffffff 00cf9300 DPL=0 DS   [-WA]
GS =0010 00000000 ffffffff 00cf9300 DPL=0 DS   [-WA]
LDT=0000 00000000 0000ffff 00008200 DPL=0 LDT
TR =0028 00122cc0 00000067 00008900 DPL=0 TSS32-avl
GDT=     0011c274 0000002f
IDT=     0011ed20 000007ff
CR0=80000013 CR2=00000000 CR3=00400000 CR4=00000600
DR0=0000000000000000 DR1=0000000000000000 DR2=0000000000000000 DR3=0000000000000000 
DR6=00000000ffff0ff0 DR7=0000000000000400
CCS=00000044 CCD=00000000 CCO=EFLAGS
EFER=0000000000000000
Servicing hardware INT=0x20
   273: v=20 e=0000 i=0 cpl=0 IP=0008:000000000010d84b pc=000000000010d84b SP=0010:000000000013cd38 env->regs[R_EAX]=0000000000000000
EAX=00000000 EBX=0011c2b0 ECX=0000000f EDX=00000000
ESI=00000000 EDI=00000000 EBP=0013cd50 ESP=0013cd38
EIP=0010d84b EFL=00000246 [---Z-P-] CPL=0 II=0 A20=1 SMM=0 HLT=0
ES =0010 00000000 ffffffff 00cf9300 DPL=0 DS   [-WA]
CS =0008 00000000 ffffffff 00cf9a00 DPL=0 CS32 [-R-]
SS =0010 00000000 ffffffff 00cf9300 DPL=0 DS   [-WA]
DS =0010 00000000 ffffffff 00cf9300 DPL=0 DS   [-WA]
FS =0010 00000000 ffffffff 00cf9300 DPL=0 DS   [-WA]
GS =0010 00000000 ffffffff 00cf9300 DPL=0 DS   [-WA]
LDT=0000 00000000 0000ffff 00008200 DPL=0 LDT
TR =0028 00122cc0 00000067 00008900 DPL=0 TSS32-avl
GDT=     0011c274 0000002f
IDT=     0011ed20 000007ff
CR0=80000013 CR2=00000000 CR3=00400000 CR4=00000600
DR0=0000000000000000 DR1=0000000000000000 DR2=0000000000000000 DR3=0000000000000000 
DR6=00000000ffff0ff0 DR7=0000000000000400
CCS=00000044 CCD=00000000 CCO=EFLAGS
EFER=0000000000000000
Servicing hardware INT=0x20
   274: v=20 e=0000 i=0 cpl=0 IP=0008:000000000010d84b pc=000000000010d84b SP=0010:000000000013cd38 env->regs[R_EAX]=0000000000000000
EAX=00000000 EBX=0011c2b0 ECX=0000000f EDX=00000000
ESI=00000000 EDI=00000000 EBP=0013cd50 ESP=0013cd38
EIP=0010d84b EFL=00000246 [---Z-P-] CPL=0 II=0 A20=1 SMM=0 HLT=0
ES =0010 00000000 ffffffff 00cf9300 DPL=0 DS   [-WA]
CS =0008 00000000 ffffffff 00cf9a00 DPL=0 CS32 [-R-]
SS =0010 00000000 ffffffff 00cf9300 DPL=0 DS   [-WA]
DS =0010 00000000 ffffffff 00cf9300 DPL=0 DS   [-WA]
FS =0010 00000000 ffffffff 00cf9300 DPL=0 DS   [-WA]
GS =0010 00000000 ffffffff 00cf9300 DPL=0 DS   [-WA]
LDT=0000 00000000 0000ffff 00008200 DPL=0 LDT
TR =0028 00122cc0 00000067 00008900 DPL=0 TSS32-avl
GDT=     0011c274 0000002f
IDT=     0011ed20 000007ff
CR0=80000013 CR2=00000000 CR3=00400000 CR4=00000600
DR0=0000000000000000 DR1=0000000000000000 DR2=0000000000000000 DR3=0000000000000000 
DR6=00000000ffff0ff0 DR7=0000000000000400
CCS=00000044 CCD=00000000 CCO=EFLAGS
EFER=0000000000000000
Servicing hardware INT=0x20
   275: v=20 e=0000 i=0 cpl=0 IP=0008:000000000010d84b pc=000000000010d84b SP=0010:000000000013cd38 env->regs[R_EAX]=0000000000000000
EAX=00000000 EBX=0011c2b0 ECX=0000000f EDX=00000000
ESI=00000000 EDI=00000000 EBP=0013cd50 ESP=0013cd38
EIP=0010d84b EFL=00000246 [---Z-P-] CPL=0 II=0 A20=1 SMM=0 HLT=0
ES =0010 00000000 ffffffff 00cf9300 DPL=0 DS   [-WA]
CS =0008 00000000 ffffffff 00cf9a00 DPL=0 CS32 [-R-]
SS =0010 00000000 ffffffff 00cf9300 DPL=0 DS   [-WA]
DS =0010 00000000 ffffffff 00cf9300 DPL=0 DS   [-WA]
FS =0010 00000000 ffffffff 00cf9300 DPL=0 DS   [-WA]
GS =0010 00000000 ffffffff 00cf9300 DPL=0 DS   [-WA]
LDT=0000 00000000 0000ffff 00008200 DPL=0 LDT
TR =0028 00122cc0 00000067 00008900 DPL=0 TSS32-avl
GDT=     0011c274 0000002f
IDT=     0011ed20 000007ff
CR0=80000013 CR2=00000000 CR3=00400000 CR4=00000600
DR0=0000000000000000 DR1=0000000000000000 DR2=0000000000000000 DR3=0000000000000000 
DR6=00000000ffff0ff0 DR7=0000000000000400
CCS=00000044 CCD=00000000 CCO=EFLAGS
EFER=0000000000000000
Servicing hardware INT=0x20
   276: v=20 e=0000 i=0 cpl=0 IP=0008:000000000010d84b pc=000000000010d84b SP=0010:000000000013cd38 env->regs[R_EAX]=0000000000000000
EAX=00000000 EBX=0011c2b0 ECX=0000000f EDX=00000000
ESI=00000000 EDI=00000000 EBP=0013cd50 ESP=0013cd38
EIP=0010d84b EFL=00000246 [---Z-P-] CPL=0 II=0 A20=1 SMM=0 HLT=0
ES =0010 00000000 ffffffff 00cf9300 DPL=0 DS   [-WA]
CS =0008 00000000 ffffffff 00cf9a00 DPL=0 CS32 [-R-]
SS =0010 00000000 ffffffff 00cf9300 DPL=0 DS   [-WA]
DS =0010 00000000 ffffffff 00cf9300 DPL=0 DS   [-WA]
FS =0010 00000000 ffffffff 00cf9300 DPL=0 DS   [-WA]
GS =0010 00000000 ffffffff 00cf9300 DPL=0 DS   [-WA]
LDT=0000 00000000 0000ffff 00008200 DPL=0 LDT
TR =0028 00122cc0 00000067 00008900 DPL=0 TSS32-avl
GDT=     0011c274 0000002f
IDT=     0011ed20 000007ff
CR0=80000013 CR2=00000000 CR3=00400000 CR4=00000600
DR0=0000000000000000 DR1=0000000000000000 DR2=0000000000000000 DR3=0000000000000000 
DR6=00000000ffff0ff0 DR7=0000000000000400
CCS=00000044 CCD=00000000 CCO=EFLAGS
EFER=0000000000000000
Servicing hardware INT=0x20
   277: v=20 e=0000 i=0 cpl=0 IP=0008:000000000010d84b pc=000000000010d84b SP=0010:000000000013cd38 env->regs[R_EAX]=0000000000000000
EAX=00000000 EBX=0011c2b0 ECX=0000000f EDX=00000000
ESI=00000000 EDI=00000000 EBP=0013cd50 ESP=0013cd38
EIP=0010d84b EFL=00000246 [---Z-P-] CPL=0 II=0 A20=1 SMM=0 HLT=0
ES =0010 00000000 ffffffff 00cf9300 DPL=0 DS   [-WA]
CS =0008 00000000 ffffffff 00cf9a00 DPL=0 CS32 [-R-]
SS =0010 00000000 ffffffff 00cf9300 DPL=0 DS   [-WA]
DS =0010 00000000 ffffffff 00cf9300 DPL=0 DS   [-WA]
FS =0010 00000000 ffffffff 00cf9300 DPL=0 DS   [-WA]
GS =0010 00000000 ffffffff 00cf9300 DPL=0 DS   [-WA]
LDT=0000 00000000 0000ffff 00008200 DPL=0 LDT
TR =0028 00122cc0 00000067 00008900 DPL=0 TSS32-avl
GDT=     0011c274 0000002f
IDT=     0011ed20 000007ff
CR0=80000013 CR2=00000000 CR3=00400000 CR4=00000600
DR0=0000000000000000 DR1=0000000000000000 DR2=0000000000000000 DR3=0000000000000000 
DR6=00000000ffff0ff0 DR7=0000000000000400
CCS=00000044 CCD=00000000 CCO=EFLAGS
EFER=0000000000000000
Servicing hardware INT=0x20
   278: v=20 e=0000 i=0 cpl=0 IP=0008:000000000010d84b pc=000000000010d84b SP=0010:000000000013cd38 env->regs[R_EAX]=0000000000000000
EAX=00000000 EBX=0011c2b0 ECX=0000000f EDX=00000000
ESI=00000000 EDI=00000000 EBP=0013cd50 ESP=0013cd38
EIP=0010d84b EFL=00000246 [---Z-P-] CPL=0 II=0 A20=1 SMM=0 HLT=0
ES =0010 00000000 ffffffff 00cf9300 DPL=0 DS   [-WA]
CS =0008 00000000 ffffffff 00cf9a00 DPL=0 CS32 [-R-]
SS =0010 00000000 ffffffff 00cf9300 DPL=0 DS   [-WA]
DS =0010 00000000 ffffffff 00cf9300 DPL=0 DS   [-WA]
FS =0010 00000000 ffffffff 00cf9300 DPL=0 DS   [-WA]
GS =0010 00000000 ffffffff 00cf9300 DPL=0 DS   [-WA]
LDT=0000 00000000 0000ffff 00008200 DPL=0 LDT
TR =0028 00122cc0 00000067 00008900 DPL=0 TSS32-avl
GDT=     0011c274 0000002f
IDT=     0011ed20 000007ff
CR0=80000013 CR2=00000000 CR3=00400000 CR4=00000600
DR0=0000000000000000 DR1=0000000000000000 DR2=0000000000000000 DR3=0000000000000000 
DR6=00000000ffff0ff0 DR7=0000000000000400
CCS=00000044 CCD=00000000 CCO=EFLAGS
EFER=0000000000000000
